{"type":"Topology","arcs":[[[59096,55489],[11,-40],[134,44],[32,19]],[[59273,55512],[39,-82],[33,-29],[-14,-40],[32,-44],[26,-60],[45,-5],[64,-30],[19,-56],[47,-33],[8,-39],[16,-9],[20,-112],[-33,-48],[16,-28],[51,-27],[6,-16],[40,-18],[46,4],[50,-13],[11,-17],[68,-31],[54,2],[56,20],[59,32],[37,28],[59,106],[108,66],[59,-2],[34,10],[94,-4],[48,-9],[21,6],[32,-20],[60,12],[43,-25],[-6,-19],[69,-44],[28,-53],[2,-33],[37,-53],[40,-27],[26,-40],[13,-53],[36,9],[40,-5],[25,-60],[62,-4],[77,19],[52,-17],[77,22],[35,19],[130,35],[16,28],[56,14],[69,-28],[43,13],[60,3],[39,24],[56,-17],[112,-23],[27,-31],[43,-23],[17,-52],[38,-20],[21,-63],[58,-36],[9,-94],[-9,-47],[6,-29],[-21,-47],[19,-10],[62,-6],[36,-25],[71,-6],[39,-28],[-38,-65],[17,-66],[-7,-38],[9,-37],[32,-42],[0,-40],[-32,-36],[4,-52],[-34,-41],[9,-33],[-16,-36],[-1,-38],[42,-42],[23,-53],[-7,-27],[8,-48],[-21,-2],[3,-145],[-15,-177],[-18,-123],[-56,-174],[-62,-122],[-50,-87],[-66,-58],[-84,-42],[-75,-63],[-36,-45],[-18,-51],[3,-165],[21,-147],[-3,-129],[-33,-48],[-72,-36],[-114,-30],[-107,-3],[-51,-18],[-63,-36],[-28,-74],[7,-29],[29,-48],[91,-9],[71,7],[45,-15],[68,-59],[19,-29],[17,-75],[-9,-50],[-41,-36],[-227,-98],[-55,-48],[-38,-60],[-15,-58],[1,-156],[30,-93],[39,-63],[48,-55],[146,-84],[73,-36],[93,-37],[131,0],[78,21],[230,81],[99,41],[54,49],[63,81],[64,98],[52,40],[72,24],[60,-27],[84,-72],[65,-82],[200,-194],[99,-106],[18,-51],[1,-130],[23,-107],[38,-61],[96,-76],[115,-101],[77,-61],[91,-58],[94,-41],[98,-12],[203,4],[107,31],[127,56],[118,124],[42,39],[54,39],[56,12],[72,-4],[67,-25],[96,-21],[129,48],[80,75],[93,92],[39,45],[82,75],[59,22],[80,6],[69,-6],[191,-30],[110,-21],[137,-12],[162,3],[116,-7],[115,-13],[112,17],[108,43],[98,77],[280,229],[302,141],[134,56],[161,48],[117,18],[95,-24],[108,-54],[86,-47],[84,-55],[81,-24],[89,-6],[87,39],[83,63],[48,110],[59,69],[45,60],[123,111],[68,53],[81,39],[96,27],[97,1],[152,-15],[301,-55],[97,-38],[121,-55],[105,-66],[65,-30],[75,0],[117,19],[100,86],[62,106],[60,184],[79,89],[52,41],[92,23],[57,-9],[58,-21],[31,-60],[50,-111],[66,-72],[72,-66],[196,-114],[370,-85],[96,-33],[373,-42],[342,-57],[67,-27],[285,-87],[149,-40],[186,-60],[168,-57],[125,-36],[146,-33],[84,-10],[149,39],[75,45],[30,66],[21,66],[0,114],[-18,141],[-9,177],[6,90],[18,68],[24,42],[42,39],[116,54],[18,3],[131,-10],[54,-27],[61,-3],[50,23],[-8,34],[-41,97],[-8,41],[1,70],[-11,43],[-39,41],[-40,72],[-3,52],[15,39],[29,27],[85,15],[181,-4],[56,3],[38,32],[14,34],[-35,140],[-5,82],[77,71],[47,25],[65,46],[0,86],[72,62],[122,79],[44,60],[8,50],[-7,97],[5,64],[15,80],[99,228],[50,154],[65,65],[96,54],[116,90],[84,99],[48,78],[15,135],[42,240],[66,174],[63,69],[72,48],[117,42],[189,76],[146,36],[221,-8],[98,-6],[266,-35],[104,10],[116,70],[104,45],[72,24],[194,11],[60,9],[90,38],[111,89],[69,78],[63,39],[78,18],[90,0],[101,-12],[87,-30],[53,-40],[87,-76],[44,-66],[28,-61],[57,-172],[12,-101],[-11,-89],[-17,-75],[-122,-174],[-68,-105],[-33,-96],[-57,-135],[-24,-69],[-53,-84],[-71,-88],[-27,-92],[12,-90],[-9,-101],[-36,-104],[-7,-114],[-20,-71],[-63,-167],[-15,-69],[10,-120],[14,-41],[29,-53],[15,-48],[43,-89],[6,-102],[17,-82],[70,-143],[9,-67],[-16,-46],[-108,-113],[-4,-67],[9,-91],[-10,-171],[2,-46],[26,-40],[58,-27],[121,42],[40,5],[46,-42],[0,-36],[-30,-82],[1,-23],[36,-47],[59,-34],[72,-99],[47,-52],[52,-143],[10,-49],[1,-55],[-13,-57],[-29,-88],[-1,-41],[25,-75],[38,-26],[63,-17],[50,-1],[39,-16],[16,-24],[10,-81],[52,-27],[42,12],[18,36],[90,149],[34,25],[31,1],[25,-35],[16,-51],[23,-42],[62,-48],[47,-5],[48,14],[33,63],[95,157],[52,47],[68,54],[54,24],[115,21],[63,-20],[56,-8],[79,21],[65,42],[102,45],[42,3],[51,-15],[36,-42],[21,-105],[47,-45],[45,-30],[41,-7],[79,13],[45,38],[39,53],[50,49],[30,39],[191,212],[73,56],[69,40],[114,28],[62,132],[52,0],[50,-57],[37,-2],[44,50],[43,35],[70,22],[123,-20],[63,-22],[99,-82],[146,-78],[73,-75],[53,-74],[19,-120],[-17,-44],[-85,-73],[-19,-36],[-28,-100],[-26,-33],[-36,-27],[-6,-54],[-20,-60],[-30,-42],[-97,-116],[-5,-66],[7,-29],[35,-51],[92,-103],[134,-183],[48,-80],[-3,-52],[-13,-66],[-30,-72],[-101,-201],[-23,-41],[-7,-43],[4,-79],[9,-40],[49,-71],[29,-60],[78,-144],[87,-15],[35,7],[166,62],[94,10],[47,-6],[119,6],[45,-7],[78,-58],[17,-103],[39,-90],[15,-51],[-5,-54],[9,-45],[-12,-90],[0,-48],[-34,-57],[-9,-49],[9,-127],[-26,-53],[-75,-67],[-24,-30],[-24,-87],[2,-72],[18,-87],[54,-51],[-3,-69],[5,-36],[27,-42],[45,-21],[75,-60],[100,12],[97,33],[47,20],[81,12],[50,-42],[23,-69],[-8,-53],[-34,-45],[-30,-21],[-54,-18],[-42,-24],[-55,-79],[-20,-39],[-19,-62],[-16,-116],[-31,-103],[-34,-21],[-93,-18],[-37,3],[-97,-19],[-42,-1],[-52,-13],[-73,-28],[-63,-31],[-103,-69],[-46,-17],[-67,-46],[-60,-105],[-42,-50],[-35,-10],[-81,-4],[-105,-59],[-39,-17],[-57,-3],[-31,27],[-39,15],[-40,-6],[-72,-47],[-51,-20],[-23,-46],[23,-93],[25,-44],[80,-68],[66,-25],[98,-45],[28,-31],[10,-51],[23,-45],[61,-76],[10,-45],[-13,-36],[-33,-126],[0,-74],[34,-117],[67,-82],[13,-80],[-37,-84],[-33,-32],[-42,-66],[3,-27],[38,-33],[83,-20],[84,23],[63,51],[81,92],[37,18],[47,-9],[26,-38],[-3,-51],[-39,-105],[-3,-45],[15,-42],[27,-44],[87,-74],[48,-53],[36,-106],[0,-45],[71,-92],[15,-36],[-6,-69],[-42,-58],[-15,-42],[38,-89],[19,-73],[-14,-90],[11,-77],[-60,-148],[-39,-62],[-12,-67],[12,-55],[50,-59],[34,-14],[51,-1],[101,51],[104,67],[40,21],[66,54],[72,21],[67,-12],[100,-63],[46,-67],[21,-86],[-9,-52],[-61,-67],[-58,-74],[-15,-47],[-52,-98],[-15,-56],[6,-114],[21,-93],[27,-60],[29,-48],[12,-39],[68,-119],[3,-62],[23,-148],[35,-73],[13,-82],[-25,-215],[-4,-65],[15,-99],[27,-28],[20,-41],[55,-76],[68,-59],[80,-36],[54,-33],[166,-19],[45,-29],[25,-44],[26,-133],[27,-171],[9,-108],[29,-97],[26,-34],[54,-90],[104,-34],[103,-17],[56,-31],[62,-47],[21,-39],[36,-30],[56,-63],[42,-18],[36,12],[42,36],[61,11],[49,-30],[27,-31],[-23,-71],[-53,-96],[-10,-108],[9,-36],[42,-29],[130,-62],[44,-36],[103,-20],[86,36],[121,83],[54,20],[78,-11],[74,-24],[103,-71],[9,-103],[-9,-35],[-22,-130],[-43,-97],[-38,-35],[-30,-64],[-7,-67],[3,-84],[26,-20],[78,-33],[66,-13],[49,11],[94,34],[45,27],[33,3],[90,-7],[152,-36],[75,-27],[68,-33],[107,-64],[49,-34],[44,-15],[84,-1],[28,10],[68,72],[33,24],[100,22],[41,16],[52,37],[49,64],[16,83],[21,78],[23,45],[21,87],[48,102],[36,48],[69,55],[66,26],[176,6],[53,8],[57,-1],[42,-33],[24,-71],[2,-161],[11,-39],[61,-78],[76,-20],[46,2],[42,33],[50,181],[30,43],[64,53],[49,30],[52,17],[50,4],[110,-3],[47,5],[66,24],[54,30],[80,12],[135,59],[93,71],[80,75],[105,60],[111,49],[40,-3],[43,-28],[30,-39],[-5,-119],[0,-101],[-6,-138],[-12,-48],[-30,-76],[-49,-69],[-45,-51],[-134,-87],[-141,-120],[-123,-114],[-38,-54],[-27,-66],[-21,-71],[20,-182],[-6,-138],[30,-134],[123,-121],[38,-55],[5,-119],[-14,-75],[-29,-52],[-43,-48],[-66,-54],[-45,-51],[0,-45],[-47,-41],[-77,-44],[-62,-67],[-72,-58],[-55,-32],[-31,-39],[-75,-39],[-115,19],[-57,-3],[-43,-22],[-73,-68],[-8,-44],[17,-126],[22,-49],[-5,-102],[-9,-102],[24,-93],[33,-39],[29,-108],[18,-48],[42,-45],[40,-12],[91,-1],[41,-17],[34,-66],[3,-30],[-33,-102],[12,-72],[71,-65],[42,-85],[-18,-126],[-15,-54],[-106,-106],[-26,-46],[-30,-33],[-25,-50],[10,-180],[-25,-77],[-20,-38],[-6,-39],[-42,-28],[-39,-7],[-113,-46]],[[86931,35870],[8,56],[-28,118],[-68,-40],[-40,21],[14,51],[-55,15],[-100,19],[-43,-32],[-26,-54],[-42,-30],[-86,14],[-84,48],[-145,178],[-94,47],[-25,-50],[-98,-32],[-265,106],[-139,8],[-33,-52],[-34,-36],[-79,-66],[-27,4],[-5,-32],[17,-36],[47,-7],[-14,-96],[18,-16],[-83,-100],[8,-29],[-26,-52],[6,-200],[-46,-56],[-1,-45],[35,-20],[161,79],[54,-6],[-3,-29],[-39,-40],[33,-68],[46,-29],[57,15],[34,-8],[-11,-44],[-90,-104],[-38,-29],[-33,-1],[-52,-52],[15,-87],[293,3],[0,-61],[28,-58],[48,-12],[44,22],[45,-94],[4,-118],[-22,-71],[-47,-8],[3,-37],[45,-17],[11,-25],[-64,-129],[27,-54],[-14,-64],[61,-115],[-62,-33],[-5,-38],[26,-29],[97,18],[67,-5],[283,66],[30,-9],[-12,-37],[-98,-49],[21,-43],[91,2],[54,36],[189,9],[33,37],[39,10],[43,-16],[-24,-69],[2,-92],[40,-78],[10,-61],[-11,-33],[51,-16],[30,-29],[22,-102],[7,-146],[21,-68],[40,-28],[-1,-28],[-22,-92],[30,-77],[72,-13],[39,5],[121,73],[38,7],[95,-42],[64,-23],[91,8],[5,-61],[-24,-34],[9,-34],[-46,-12],[-18,-28],[-2,-36],[81,-49],[-2,-44],[60,-2],[38,19],[34,-5],[-8,-52],[18,-30],[113,-11],[20,-35],[71,-15],[119,-73],[18,31],[48,25],[88,8],[26,-13],[-75,-146],[-65,-58],[-12,-68],[52,-20],[79,-68],[21,-39],[-48,-10],[-35,-23],[-6,-48],[15,-37],[31,-25],[6,-32],[52,-25],[82,26],[50,46],[38,0],[36,-61],[9,-49],[28,-81],[40,-43],[37,-7],[46,-43],[17,-67],[70,-7],[43,-12],[113,-68],[75,-2],[0,36],[20,27],[26,7],[22,-51],[32,-105],[30,-31],[59,-114],[2,-66],[17,-83],[24,-25],[7,-60],[20,-17],[86,-13],[19,-27],[47,-32],[29,-4],[120,39],[53,34],[51,14],[47,-64],[0,-41],[43,-52],[29,-3],[53,17],[30,-18],[74,0],[21,-31],[-4,-64],[13,-19],[77,-16],[35,-31],[66,-40],[28,-9],[86,-89],[11,-38],[53,-12],[38,-45],[12,-36],[50,-36],[6,-39],[37,-59],[46,-6],[41,19],[26,36],[52,-5],[77,-131],[30,-17],[-27,-23],[10,-38],[51,-37],[27,-54],[-19,-79],[-14,-21],[-41,-8],[-9,-28],[19,-31],[51,-45],[82,-37],[22,-35],[47,1],[32,-29],[30,-12],[49,2],[116,-6],[33,11],[106,58],[29,46],[40,3],[30,-27],[42,-81],[-2,-41],[-54,-61],[-68,-46],[7,-48],[39,-15],[9,-48],[51,15],[47,41],[56,8],[42,-10],[27,-26],[-16,-37],[-53,-41],[2,-35],[46,-14],[39,26],[14,-30],[-36,-44],[6,-35],[45,-6],[1,-22],[-45,-18],[8,-28],[52,-1],[26,40],[35,8],[15,-29],[33,21],[20,-3],[56,17],[-19,-78],[25,-21],[-13,-33],[1,-48],[-19,-55],[33,-13],[37,-31],[11,27],[25,17],[32,-23],[5,-52],[-11,-25],[10,-29],[44,-31],[34,-75],[-7,-24],[49,-64],[34,-3],[-11,-67],[-22,-21],[-17,-40],[-55,-29],[-26,-34],[-54,-19],[43,-48],[15,13],[48,-31],[27,-35],[-7,-20],[-34,-13],[34,-30],[-2,-61],[104,-43],[37,-1],[-10,-41],[38,-43],[49,-35],[36,50],[23,3],[11,-65],[36,2],[5,-28],[21,-13],[18,38],[40,11],[24,-11],[-7,-46],[24,-9],[30,16],[16,-116],[25,-21],[51,-13],[-2,-28],[-27,-13],[4,-38],[-13,-26],[1,-39],[-25,-26],[22,-43],[-57,-14],[-10,-33],[8,-25],[57,-26],[-26,-44],[7,-27],[72,-94],[-4,-49],[-31,-32],[-10,-48],[17,-47],[-27,-28],[-35,-62],[-16,-44],[-50,-1],[-30,-15],[-36,-44],[-62,-5],[-13,-28],[4,-33],[-20,-18],[26,-73],[-1,-40],[39,-33],[55,16],[37,-2],[8,-21],[-11,-93],[3,-55],[20,-13],[42,-1],[5,-30],[23,-48],[23,14],[41,-4],[28,-26],[10,-27],[-44,-107],[-7,-33],[35,-28],[7,-22],[-21,-71],[-7,-68],[-17,-45],[-38,-45],[28,-15],[44,-55],[-8,-55],[-126,-33],[2,-30],[-74,-16],[-23,-20],[-5,-54],[-46,-32],[-35,-11],[-19,-24],[-7,-87],[-65,-17],[-15,-57],[20,-20],[-11,-43],[31,-21],[1,-96],[-14,-77],[-21,-29],[-9,-44],[-19,-14],[-77,-19],[-20,-55],[-9,-57],[-50,-67],[-8,-87],[-44,-69],[3,-47],[-23,-21],[-93,-32],[-58,12],[-52,-6],[-40,-43],[-66,-14],[-47,-21],[-38,-53],[-2,-24],[-25,-52],[-39,7],[-21,-25],[26,-27],[23,-43],[-2,-43],[20,-17],[3,-41],[40,-32],[10,-148],[31,-17],[1,-24],[-49,-65],[21,-24],[29,-1],[29,-20],[26,-59],[52,-23],[71,14],[1,-47],[30,-27],[85,-44],[22,-6],[5,-36],[31,2],[53,-50],[-8,-31],[-39,-26],[39,-51],[43,7],[94,-17],[45,-18],[-10,-54],[30,-25],[40,-13],[40,2],[7,-37],[33,-4],[22,-50],[-33,-41],[-7,-66],[-31,-26],[15,-56],[-26,-18],[1,-27],[-42,-62],[-49,-18],[6,-47],[-27,-58],[16,-23],[54,-12],[55,19],[35,-1],[27,47],[35,11],[31,-5],[11,-33],[39,-9],[28,-21],[49,35],[54,-29],[6,-55],[49,-8],[33,9],[22,-41],[24,-11],[-17,-34],[2,-35],[-24,-14],[-15,-77],[26,-48],[73,-23],[29,-58],[-8,-21],[37,-30],[-8,-55],[35,-33],[28,5],[39,-12],[17,-37],[42,-31],[42,8],[37,-56],[1,-39],[-13,-27],[-49,-24],[10,-33],[-19,-21],[5,-26],[78,-14],[-15,-34],[45,-54],[-60,-77],[-72,-26],[-16,-44],[41,-30],[2,-33],[59,-5],[22,-14],[66,0],[2,-45],[57,-32],[34,-60],[12,-63],[43,-23],[36,-103],[18,-30],[-17,-31],[96,-9],[10,-40],[36,0],[63,-16],[0,-30],[29,-15],[0,-46],[45,-50],[2,-60],[-16,-54],[-19,-23],[16,-53],[36,-52],[-22,-43],[-3,-56],[47,-33],[68,9],[75,-42],[4,-59],[-16,-23],[-43,-13],[-10,-47],[5,-77],[17,-11],[-6,-63],[50,-53],[46,-18],[48,-2],[9,-18],[48,-38],[17,-62],[-12,-23],[-45,-33],[-55,-3],[-55,-57],[-31,-14],[-29,6],[-33,-36],[48,-31],[13,-59],[59,-59],[65,-9],[20,-44],[-18,-30],[-11,-80],[-23,-33],[14,-65],[34,-25],[-17,-95],[25,-39],[-51,-31],[3,-47],[-34,-50],[-59,-44],[-47,-8],[-26,-43],[-9,-50],[-38,-61],[23,-69],[1,-34],[-34,-34],[-41,-26],[-23,-55],[-76,-44],[2,-83],[-16,-29],[-33,0],[-41,-21],[-10,39],[-30,8],[-52,-27],[2,-31],[-41,-74],[24,-81],[24,-52],[-39,-21],[-11,-26],[27,-22],[9,-32],[-7,-33],[20,-50],[-13,-40],[14,-32],[-62,-53],[-65,-115],[-37,-52],[1,-63],[41,-34],[67,13],[17,-16],[46,-5],[36,-58],[-3,-35],[14,-16],[38,1],[28,-47],[-5,-60],[23,-12],[35,6],[43,-84],[49,-14],[-10,44],[34,35],[12,52],[66,32],[54,0],[23,-32],[60,-21],[55,-35],[24,5],[26,-56],[41,0],[35,-15],[6,26],[35,-6],[23,21],[25,-1],[0,38],[70,21],[-3,-41],[10,-36],[43,-38],[30,-15],[55,14],[20,-35],[24,24],[39,-6],[16,-48],[22,5],[35,50],[44,31],[-7,60],[13,15],[61,6],[43,-16],[24,16],[40,-7],[51,-23],[45,-5],[30,-35],[50,6],[39,20],[65,3],[16,10],[10,52],[42,18],[11,37],[90,48],[44,11],[24,-5],[24,50],[47,26],[26,-16],[53,8],[20,-29],[27,-3],[3,-32],[24,0],[74,22],[32,33],[16,-8],[-16,-41],[45,3],[48,-35],[-25,-44],[6,-59],[33,21],[40,-8],[80,52],[49,-20],[-10,-45],[6,-36],[-10,-60],[50,-51],[30,15],[39,-54],[39,16],[75,-24],[15,-16],[-12,-50],[63,-59],[56,10],[41,36],[86,-48],[40,6],[99,44],[-11,32],[16,28],[31,15],[69,-20],[26,-28],[-1,-32],[30,-25],[40,30],[26,1],[18,22],[6,46],[53,12],[15,29],[42,23],[28,-29],[57,9],[36,-52],[-11,-65],[30,-1],[5,-36],[42,-10],[57,35],[32,-23],[34,35],[50,-32],[39,10],[43,-17],[24,9],[13,-35],[75,72],[60,-10],[9,-54],[42,1],[47,52],[63,25],[37,5],[10,-24],[-18,-44],[49,23],[21,40],[25,13],[35,-18],[24,12],[34,86],[35,-16],[46,13],[12,-44],[54,4],[57,-11],[28,-24],[71,-38],[6,27],[60,-22],[19,8],[2,35],[37,4],[32,-42],[-3,-36],[12,-88],[16,-47],[-34,-29],[10,-51],[42,41],[41,24],[48,-9],[34,-20],[24,21],[27,-24],[28,1],[23,-20],[39,-11],[29,8],[30,-27],[22,44],[70,19],[54,60],[37,-16],[-18,-49],[32,6],[33,60],[2,22],[29,37],[61,-44],[-20,-19],[-2,-31],[20,-17],[30,20],[32,46],[21,-32],[18,-56],[58,-25],[3,-29],[-19,-43],[6,-60],[43,4],[19,-71],[32,-3],[28,18],[32,-21],[17,6],[6,49],[-15,50],[24,18],[71,-7],[3,39],[41,-6],[2,41],[-20,53],[20,40],[56,57],[10,39],[-15,21],[47,24],[24,22],[31,4],[44,-20],[23,72],[45,23],[17,-20],[9,-44],[24,-35],[-33,-8],[32,-37],[33,12],[14,-31],[-23,-31],[50,-2],[21,-57],[60,5],[54,-34],[13,52],[32,-3],[40,-49],[24,14],[68,-16],[-2,-116],[26,-2],[31,37],[27,-14],[-45,-53],[15,-54],[-6,-56],[24,-6],[-13,-36],[-6,-56],[25,-49],[37,30],[40,-15],[-6,-77],[-55,-63],[-41,-20],[1,-38],[-26,-37],[-40,-23],[-36,-52],[11,-176],[26,-8],[40,-32],[27,-34],[34,-17],[-3,-56],[10,-39],[-34,-21],[-27,-55],[35,-15],[31,-61],[6,-36],[-47,-45],[-6,-41],[-29,-31],[24,-24],[13,-69],[27,5],[21,-24],[-18,-18],[22,-61],[-34,-30],[-45,-55],[37,-33],[-3,-26],[-31,-14],[-18,-51],[19,-63],[-17,-15],[-55,-7],[-8,-34],[-36,-16],[-63,9],[-11,-26],[68,-30],[-20,-42],[39,-2],[35,-63],[-20,-42],[37,-48],[-23,-23],[-70,-8],[-24,-61],[-79,10],[-52,-32],[-20,-38],[6,-58],[83,-62],[7,-13],[-21,-48],[14,-59],[-21,-23],[-28,-8],[-5,-28],[15,-36],[-10,-73],[21,-30],[-23,-42],[-43,-8],[-3,-36],[-42,-26],[-66,-18],[-59,-41],[-28,-32],[-56,20],[-8,37],[-48,-12],[2,-30],[-22,-39],[-5,-41],[-48,-27],[-91,31],[-18,19],[-38,10],[-32,37],[-45,14],[-53,63],[-63,17],[-30,-18],[-11,-24],[7,-141],[-63,-14],[-32,1],[-25,-23],[-10,-28],[-35,-21],[-20,-27],[-52,26],[-70,-19],[-42,-25],[-41,41],[-26,42],[-2,41],[-57,28],[-23,-23],[-33,33],[-17,0],[-29,52],[-20,13],[-33,-11],[-40,-30],[-19,-2],[-12,50],[-67,-63],[-60,28],[-33,34],[-25,-8],[-11,-32],[-30,-33],[-25,-49],[-22,-7],[-19,26],[-29,5],[-49,-61],[-43,21],[-18,31],[-29,3],[-67,-56],[-17,10],[-25,-62],[-27,-6],[-29,-45],[-46,17],[-49,-47],[-6,-51],[39,-13],[-20,-50],[-122,-72],[-35,-58],[18,-42],[-16,-36],[-70,-35],[-12,10],[-71,-23],[-48,33],[-40,-2],[-43,-17],[0,-52],[-10,-36],[8,-62],[-16,-49],[38,-39],[2,-28],[-22,-24],[-8,-34],[-3,-131],[-21,-37],[-56,7],[-34,45],[-37,-26],[-51,20],[-58,-6],[-27,13],[0,42],[45,22],[-21,41],[16,29],[-40,8],[-17,52],[-32,-11],[-18,54],[-30,-6],[-2,-41],[-62,-36],[-51,1],[-67,-43],[-11,-35],[-39,-20],[-36,-3],[-27,-27],[-17,-91],[-14,-12],[-73,11],[-4,-43],[-40,-21],[28,-26],[13,-97],[-33,4],[-49,-32],[-32,-2],[-29,-25],[6,-73],[-15,-16],[-336,-46],[-38,-2],[-71,23],[-54,53],[-33,14],[-121,153],[-28,-27],[9,-26],[-41,-100],[-58,-60],[-73,-120],[-46,-31],[-70,3],[-37,-12],[-43,10],[-16,60],[-31,24],[-85,-5],[-84,70],[-177,45],[-38,-7],[-176,-76],[-66,11],[-102,65],[-83,-6],[-180,39],[-108,-2],[-64,-50],[-45,-54],[-260,-207],[-70,-20],[-17,-59],[-45,-57],[-41,-13],[-28,-38],[-52,-25],[-27,-58],[-78,-16],[-121,-17],[-29,-47],[16,-16],[-6,-48],[-15,-19],[-40,32],[-80,7],[-35,-10],[-66,13],[-58,-39],[-9,-22],[10,-47],[-61,-67],[-88,-37],[0,-62],[-48,-15],[-5,-33],[23,-35],[-63,-49],[2,-53],[17,-39],[43,-37],[70,-29],[118,-169],[36,-30],[38,-16],[7,-21],[225,-194],[38,-47],[9,-75],[-40,-64],[-80,-88],[-57,-42],[-5,-121],[13,-22],[46,-26],[-7,-35],[-78,-36],[-85,-108],[16,-45],[-3,-46],[27,-21],[4,-99],[34,-27],[41,0],[24,-20],[28,-193],[26,-23],[51,-158],[-1,-40],[37,-49],[-5,-115],[-34,-10],[-15,-23],[-56,-52],[-54,-2],[-27,-37],[-12,-105],[-18,-18],[-108,1],[-14,-19],[-8,-53],[-44,-82],[2,-28],[-33,-52],[5,-61],[-44,-79],[-69,10],[-35,-25],[-28,-74],[0,-67],[-36,-71],[-50,-7],[-41,-74],[-37,-26],[-42,23],[-177,5],[-33,-11],[-115,13],[-35,-18],[-2,-31],[-37,-59],[-2,-34],[-18,-31],[-65,-49],[-7,-43],[26,-80],[-1,-46],[-30,-66],[-43,-8],[-59,-40],[-15,-86],[-40,-17],[-48,1],[-61,-45],[-13,-29],[-69,-60],[-76,13],[-142,11],[-19,-5],[-22,-34],[-82,-37],[-22,-18],[-33,15],[-37,-4],[-25,-156],[-41,-55],[-25,-12],[-58,8],[-10,-10],[4,-75],[-74,-61],[-30,-90],[-69,-49],[-24,2],[-4,-60],[-22,-10],[-28,13],[-104,-6],[-21,-20],[13,-160],[-33,-65],[7,-100],[-55,-26],[0,-66],[-43,-53],[-72,-24],[0,-46],[-64,-7],[-9,-23],[4,-44],[48,-51],[4,-69],[-6,-38],[-32,-23],[-59,-61],[-61,51],[-43,12],[-68,89],[-37,100],[-32,35],[-54,-49],[-47,-11],[-57,11],[-46,-17],[-13,37],[-2,41],[29,23],[35,9],[49,87],[-24,88],[-4,97],[-13,31],[-26,17],[-58,11],[-85,0],[-17,38],[46,48],[49,23],[28,51],[-8,55],[14,20],[1,53],[20,10],[53,-8],[33,-31],[36,0],[19,26],[3,56],[-48,25],[-9,56],[41,34],[20,43],[70,36],[31,33],[41,18],[76,86],[34,64],[-2,84],[-19,33],[33,87],[-6,19],[-81,35],[-48,-4],[-44,-16],[-35,0],[-3,48],[-44,7],[-111,-45],[-128,-143],[-83,23],[-42,-10],[-24,-46],[-111,-126],[-25,-60],[-4,-35],[-50,-39],[-14,-22],[-42,-33],[-101,1],[-25,31],[-66,-15],[-71,-40],[-43,5],[-24,19],[-38,-11],[-45,-36],[-43,-21],[-34,-34],[17,-41],[-13,-27],[-65,-33],[-28,-23],[-57,3],[-29,14],[-103,-19],[-101,-55],[-9,-20],[-4,-79],[10,-55],[-15,-26],[-42,-30],[-66,-25],[-89,-25],[-72,-9],[-31,-42],[-46,-24],[-21,-52],[-38,-30],[-10,-37],[-21,-10],[-11,-36],[-38,-69],[-4,-45],[-51,-34],[-9,-15],[12,-40],[-22,-63],[-12,-61],[29,-10],[34,-30],[-37,-149],[-55,-7],[-43,-24],[-119,30],[-61,-5],[-20,-24],[4,-71],[-26,-53],[-56,-4],[-133,-36],[-22,-21],[-10,-41],[-67,-43],[-14,-36],[-45,-65],[-32,-12],[-50,-46],[-79,4],[-37,-14],[-77,-63],[-30,-14],[-52,1],[-36,-16],[-57,-46],[-50,-10],[-82,-55],[-24,-41],[-39,-40],[-17,-91],[-28,-32],[-47,-36],[-17,-33],[-6,-68],[-33,-18],[-134,-14],[-50,-88],[-36,-2],[-85,37],[-31,51],[-26,58],[-120,150],[-144,62],[-30,118],[32,8],[36,58],[-17,78],[10,28],[-7,60],[-35,25],[-27,-2],[-30,30],[-20,59],[-47,43],[-17,-2],[-67,-82],[-46,-32],[-82,-94],[-45,1],[-36,-43],[-49,-7],[-83,-43],[-9,-52],[10,-114],[-4,-33],[-38,-25],[-29,2],[-52,-65],[-41,-40],[3,-50],[-10,-35],[-44,-53],[-1,-65],[-30,-28],[-68,-12],[-44,-91],[-60,12],[-45,-14],[-30,37],[-36,-7],[-31,25],[-10,132],[-30,19],[-64,-13],[-35,-51],[-25,-114],[-18,-37],[-57,-36],[-64,-15],[-21,4],[-145,-42],[0,-36],[-29,-36],[-76,-33],[-59,22],[-54,-5],[-63,-38],[-7,-49],[30,-50],[14,-64],[-34,-62],[-6,-73],[-25,-44],[-68,-33],[-23,-26],[-46,-122],[-4,-46],[-111,-71],[-46,-19],[-12,-114],[-32,-79],[-37,-21],[-69,7],[-25,61],[-72,27],[-98,1],[-67,34],[-57,42],[25,93],[-12,46],[-147,56],[-15,62],[-48,16],[-35,-9],[-44,-50],[-35,18],[-24,-39],[-36,-96],[-42,-21],[-25,53],[-64,44],[25,135],[-24,29],[-178,-143],[-19,-25],[-12,-52],[-52,-69],[-48,-31],[-243,-13],[-16,-85],[-104,-63],[-18,-135],[31,-23],[54,21],[54,-5],[-10,-109],[33,-73],[9,-191],[-12,-22],[3,-55],[-53,-35],[-14,-109],[-1,-62],[-72,-59],[-25,-41],[5,-70],[46,3],[182,-84],[5,-21],[-23,-25],[-32,-64],[-12,-68],[-73,-38],[-47,-50],[-7,-100],[-63,-257],[-125,-119],[-73,-117],[-38,-19],[-47,16],[-22,38],[6,50],[-41,48],[-44,11],[-49,46],[-10,41],[-18,12],[-34,-8],[-28,-44],[-35,-20],[-95,-21],[-53,-69],[-138,-11],[-101,-83],[-73,16],[-48,40],[-16,54],[-3,39],[-27,48],[-139,59],[-86,-48],[-37,-3],[-50,-18],[1,-41],[-14,-10],[-70,-7],[-31,-26],[-28,1],[-20,-26],[2,-35],[25,-25],[14,-97],[-41,-6],[-16,-67],[-48,-50],[0,-29],[-23,-19],[-64,-30],[-20,-19],[-34,-117],[-70,-29],[-41,-68],[-45,-45],[-76,-57],[3,-58],[-11,-34],[-25,-21],[-43,-14],[-23,8],[-52,-17],[-23,-27],[30,-68],[-32,6],[-46,-15],[24,-52],[-46,-26],[-30,-226],[15,-47],[-25,-50],[9,-30],[33,-21],[19,-42],[-18,-19],[-1,-38],[48,-103],[4,-61],[-25,-49],[7,-31],[-28,-23],[-26,-46],[-20,-15],[-38,-5],[-49,-41],[-17,-45],[-48,-28],[16,-38],[-16,-19],[-18,-96],[-36,-30],[-39,9],[-36,-150],[-59,14],[-25,-28],[6,-39],[-26,-41],[-47,5],[-20,35],[-32,-44],[-9,-32],[-56,-22],[-38,9],[-157,6],[-53,-19],[-10,-40],[-46,-11],[-35,-20],[-36,6],[-41,-31],[-12,-42],[-50,-23],[-176,7],[-38,-6],[-30,-40],[-45,-31],[-12,-81],[-43,-77],[-43,27],[-19,31],[-41,8],[-31,22],[-16,51],[12,75],[-52,8],[-25,43],[-36,16],[-12,58],[-35,16],[-10,35],[-22,8],[-99,7],[-52,10],[-88,34],[-22,22],[-42,156],[2,74],[-16,48],[19,35],[-4,43],[49,38],[22,36],[2,67],[15,43],[33,8],[66,-60],[21,-9],[30,23],[41,75],[2,96],[44,36],[29,-1],[42,59],[20,72],[43,34],[72,37],[9,41],[32,38],[19,47],[50,45],[74,10],[39,56],[-2,69],[38,12],[9,48],[-20,40],[4,18],[39,15],[91,14],[92,39],[6,16],[83,37],[49,108],[-34,61],[-60,7],[-40,28],[-3,20],[22,50],[38,34],[21,37],[-59,72],[-60,22],[-37,89],[21,67],[31,51],[2,31],[-47,48],[-37,16],[10,82],[-20,23],[-6,45],[-99,50],[-24,44],[-23,14],[-5,71],[-28,56],[-67,48],[-17,56],[9,77],[-42,10],[18,25],[-10,25],[-27,4],[27,53],[-20,32],[-104,17],[-46,-13],[-26,9],[-119,1],[-122,89],[-171,37],[18,168],[-11,21],[-30,2],[-33,-17],[-50,-47],[-75,-126],[-33,-95],[-18,-3],[-51,25],[-54,91],[-106,88],[-133,-4],[-52,-16],[-80,-77],[-3,-33],[-28,-20],[-22,-86],[-31,-35],[-50,0],[-20,31],[35,23],[7,49],[-53,78],[-102,23],[-64,-18],[-66,4],[-91,-14],[-99,2],[-62,-14],[-28,-23],[-53,-128],[-1,-46],[-133,-64],[-52,-9],[-73,-44],[-30,-9],[-73,-4],[-54,-34],[-49,-58],[-222,-102],[-86,36],[-27,0],[-36,-41],[-181,-97],[-119,-2],[-84,5],[-50,-3],[-31,8],[9,-65],[-51,-145],[-27,2],[-33,-90],[-62,-16],[-65,-44],[-102,-111],[-28,2],[10,104],[-25,-21],[-111,-55],[-107,10],[-31,-15],[-14,-71],[15,-65],[23,-32],[26,-15],[-48,-43],[-31,-67],[40,-119],[57,-72],[-4,-54],[-34,-60],[-13,-135],[-83,-67],[0,-58],[-38,-29],[-29,0],[-26,-20],[-90,116],[-77,44],[-41,41],[-46,-1],[-34,-40],[-47,-13],[-59,1],[-23,-23],[1,-33],[-26,-35],[-31,-1],[-14,-39],[-45,-4],[-38,12],[-24,25],[-19,44],[-34,34],[-64,7],[-34,-19],[-34,9],[-13,34],[-66,-37],[-15,-32],[-42,20],[-69,-49],[-47,5],[-34,-19],[1,-55],[-27,-15],[-12,-44],[-64,-75],[-13,-155],[20,-32],[-6,-45],[-19,-24],[-71,-4],[-63,-18],[-35,6],[-19,37],[-20,13],[-103,-6],[-30,-14],[-51,-64],[-25,-54],[-43,-34],[-47,7],[-30,-24],[-39,17],[-108,-1],[-75,48],[-42,65],[-52,5],[-76,51],[-59,-11],[-21,-15],[-21,35],[-43,141],[-48,18],[-41,-17],[-34,22],[-192,-56],[-941,-319],[-6,5],[-2677,2371],[-2681,2373],[-38,31],[3,38],[-9,51],[-14,32],[-44,63],[-8,27],[-62,78],[-48,35],[-76,98],[-29,60],[-27,140],[-1,26],[19,77],[28,62],[76,76],[30,14],[137,37],[39,42],[16,35],[2,117],[-40,115],[-22,116],[-8,96],[-14,55],[-100,118],[-29,76],[-33,47],[-44,33],[-172,54],[-66,38],[-45,36],[-61,71],[-21,82],[-6,158],[9,115],[6,187],[11,66],[21,35],[-6,122],[-20,57],[-42,81],[-22,74],[-12,80],[-15,56],[-37,82],[-77,123],[-10,68],[-112,192],[-24,33],[-47,33],[-60,7],[-33,18],[-34,52],[-19,71],[43,48],[-3,78],[17,166],[-10,77],[-22,30],[-64,135],[-26,45],[-91,123],[-80,84],[-15,56],[-7,99],[-20,93],[-41,60],[-14,63],[-39,107],[-35,65],[-58,65],[-23,62],[-1,94],[-6,45],[-35,70],[-20,61],[-43,56],[-81,69],[-30,108],[-1,84],[-26,75],[-5,45],[32,294],[-8,27],[-80,75],[-74,193],[-13,45],[-47,131],[-22,80],[-10,85],[-43,100],[-11,41],[-41,59],[-4,57],[-50,60],[-48,42],[-43,-16],[-25,25],[-32,62],[-37,27],[-61,17],[-28,24],[-28,61],[-51,69],[-10,26],[-36,34],[-71,8],[5,177],[18,40],[31,36],[26,104],[7,105],[55,66],[22,57],[91,164],[1,90],[-13,104],[-34,93],[-37,124],[-10,62],[13,56],[-7,61],[-23,80],[-71,152],[-32,25],[-66,11],[-34,-8],[-85,-43],[-33,-27],[-47,-19],[-90,30],[-34,-15],[-49,46],[-38,66],[-103,116],[-32,72],[-63,97],[-17,38],[-45,70],[-27,61],[-18,129],[-28,85],[-29,62],[3,64],[-22,70],[-51,58],[-19,39],[-61,74],[-48,84],[-3,36],[23,81],[29,30],[11,72],[20,68],[-9,71],[-35,47],[2,78],[16,54],[54,57],[122,82],[33,47],[61,125],[30,35],[-2,66],[-11,27],[-57,67],[-85,84],[-36,52],[-12,31],[-69,92],[-16,79],[-64,82],[-46,36],[-113,55],[-55,31],[-95,89],[-39,58],[-53,48],[-60,0],[-71,-8],[-81,38],[-59,50],[-59,15],[-20,16],[-38,63],[-15,57],[1,63],[-50,54],[-37,20],[-15,31],[2,42],[-98,73],[-71,45],[-36,73],[-25,26],[-10,50],[5,76],[-9,45],[-23,45],[-55,64],[-74,47],[-31,13],[-55,0],[-12,32],[-88,38],[-49,45],[-65,15],[-36,26],[-18,98],[6,49],[-18,67],[-34,55],[-36,30],[-83,17],[-139,76],[-22,32],[-55,48],[-28,13],[-40,36],[-20,31],[-87,97],[-43,30],[-28,32],[-46,20],[-42,0],[-60,-14],[-55,33],[-24,79],[-12,64],[-27,64],[-7,38],[-20,25],[-38,96],[-5,51],[-20,34],[-35,19],[-80,-18],[-84,2],[-56,14],[-31,23],[-81,33],[-139,-41],[-46,-25],[-95,-69],[-26,-53],[-21,-14],[-56,9],[-36,42],[-38,62],[-14,76],[0,104],[14,78],[24,65],[-1,97],[21,69],[5,104],[-21,38],[-44,32],[-33,39],[-81,52],[-38,43],[-7,24],[-6,151],[23,81],[-19,72],[-73,106],[-136,141],[-49,39],[-13,50],[-34,23],[-50,14],[-90,-19],[-100,-30],[-22,-18],[-56,-77],[-45,-29],[-66,-2],[-119,41],[-145,16],[-85,25],[-88,21],[-118,37],[-93,22],[-126,46],[-18,46],[5,36],[25,37],[1,38],[-16,32],[-39,17],[-96,-4],[-42,-14],[-79,-40],[-110,-23],[-43,-21],[-45,-11],[-60,-2],[-118,16],[-109,40],[-28,0],[-39,-18],[-65,-42],[-47,-64],[-18,-54],[-21,-30],[1,-54],[-35,-99],[-45,-43],[-58,4],[-68,-5],[-43,-42],[-22,-10],[-3,785],[4252,3834],[534,-2],[1,46],[-29,91],[3,67],[22,84],[3,36],[-7,79],[10,57],[53,65],[33,20],[34,0],[38,27],[101,47],[38,69],[73,62],[53,71],[51,50],[6,76],[76,125],[-10,43],[16,45],[24,23],[60,36],[43,40],[11,27],[-16,84],[2,76],[-48,74],[-17,60],[-36,71],[-74,117],[-29,126],[-38,90],[-24,37],[-63,37],[-93,27],[-75,41],[-71,57],[-59,12],[-20,13],[-72,9],[-71,2],[-74,48],[-13,22],[-46,109],[-24,121],[-4,137],[-8,80],[-11,39],[-7,85],[-19,54],[-76,98],[-28,24],[-28,44],[-36,35],[-20,36],[3,88],[-4,24],[-49,60],[-76,40],[-10,76],[-40,187],[45,54],[14,114],[21,68],[-8,50],[8,39],[-17,32],[-29,5],[-42,31],[-40,67],[14,60],[23,40],[16,68],[-1,35],[-51,51],[-103,8],[-27,16],[-41,82],[-72,95],[-45,82],[-15,78],[-23,54],[8,122],[-3,41],[-25,52],[-32,46],[-104,178],[-155,78],[-43,1],[-48,-28],[-118,-146],[-84,-29],[-36,2],[-48,19],[-182,-35],[-73,-5],[-140,-21],[-93,6],[-63,25],[-30,28],[-6,22],[-38,55],[-24,61],[-25,33],[-8,43],[-29,28],[-41,20],[-34,-16],[-22,19],[8,53],[-15,55],[-40,106],[-25,38],[-23,74],[5,43],[-11,48],[-1,53],[13,78],[-7,36],[-33,67],[17,26],[-4,46],[-26,44],[-27,83],[-26,36],[-48,86],[-28,79],[-6,55],[-93,93],[-9,32],[-94,104],[-7,75],[-52,62],[-20,47],[4,79],[-14,139],[-15,17],[-22,68],[-38,227],[-7,71],[5,54],[-2,142],[-5,81],[-20,103],[-25,89],[-92,105],[-38,68],[-13,40],[0,144],[-53,103],[-24,122],[-94,279],[-100,178],[-218,192],[-36,37],[-49,36],[-20,37],[-29,96],[-21,171],[-26,57],[-45,66],[-62,126],[-21,78],[-5,85],[13,135],[-5,38],[46,86],[10,99],[-14,82],[-29,74],[-46,83],[-39,107],[-10,66],[52,115],[43,36],[52,24],[50,6],[135,-13],[43,15],[44,40],[6,71],[-23,149],[-28,56],[-33,37],[-67,108],[-9,53],[50,146],[2,77],[-30,75],[-30,30],[-86,25],[-55,49],[-35,53],[-6,51],[6,70],[35,146],[-57,132],[-5,103],[-14,23],[-41,24],[-90,8],[-180,88],[-78,33],[-69,38],[-78,74],[-34,60],[-10,52],[29,129],[17,38],[43,50],[48,46],[23,39],[4,41],[-31,201],[-7,142],[-8,60],[4,49],[17,39],[4,69],[-14,74],[-26,86],[-12,79],[8,71],[19,32],[33,30],[30,54],[21,66],[63,101],[61,133],[56,177],[22,95],[-40,116],[-15,214],[-26,109],[14,85],[-14,133],[2,83],[16,111],[0,151],[-5,87],[14,60],[-69,295],[-21,49],[-19,115],[-8,352],[-34,246],[8,95],[84,95],[29,45],[49,196],[-3,78],[8,62],[18,38],[-7,132],[14,144],[39,46],[75,119],[2,73],[-9,42],[-31,46],[-103,39],[-111,27],[-27,32],[-8,36],[13,20],[51,11],[55,51],[13,54],[-68,71],[-10,43],[-30,65],[-172,241],[-36,70],[19,72],[23,33],[31,77],[35,66],[40,58],[24,130],[9,18],[52,44],[33,13],[25,29],[-10,138],[-9,54],[-68,133],[-37,31],[-27,71],[11,31],[-14,109],[-65,30],[-87,59],[-17,103],[-18,72],[61,41],[30,79],[7,162],[33,94],[141,150],[145,92],[83,130],[79,81],[107,58],[165,102],[242,190],[98,52],[137,57],[165,163],[200,127],[207,65],[114,84],[101,119],[134,101],[127,126],[20,129],[0,121],[25,110],[10,26],[67,64],[74,38],[36,55],[14,63],[0,52],[-46,87],[-89,69],[-53,64],[-15,63],[3,57],[-18,32],[15,48],[-24,75],[-41,63],[-3,110],[-77,117],[17,82],[-19,61],[-51,107],[-2,53],[20,178],[27,125],[14,126],[-4,157],[48,224],[102,170],[86,295],[24,134],[53,93],[3,185],[29,93],[72,102],[113,108],[92,25],[67,54],[74,90],[70,124],[160,193],[78,63],[90,50],[210,23],[65,29],[168,147],[47,61],[41,91],[89,102],[87,80],[167,95],[232,85],[31,33],[9,35],[-14,58],[7,72],[-35,57],[-127,110],[-36,22],[-27,43],[-9,94],[-299,268],[-102,135],[-33,147],[-55,58],[-94,61],[-92,131],[-48,172],[-8,100],[23,123],[25,63],[206,159],[32,58],[147,110]],[[18532,71953],[-31,-21],[-14,-27],[-56,-46],[-53,-25],[-24,-23],[0,-37],[-88,-141],[-64,-54],[-8,-79],[-23,-23],[-19,-51],[-50,-47],[-13,-85],[-48,-16],[-22,29],[-53,11],[-67,-6],[17,51],[42,76],[0,34],[32,15],[7,22],[-12,53],[1,93],[-6,68],[-56,45],[-4,26],[27,8],[36,52],[-6,102],[30,39],[-26,32],[-31,8],[-14,43],[26,35],[-8,42],[-30,12],[-67,12],[-78,45],[-1,20],[-28,30],[28,29],[-30,30],[10,51],[-1,116],[29,12],[13,54],[-4,36],[50,17],[15,32],[62,40],[25,28],[70,29],[36,4],[22,43],[7,39],[-17,20],[5,35],[47,45],[-4,20],[36,62],[-3,109],[-12,42],[64,51],[25,0],[52,22],[62,-14],[5,28],[-10,53]],[[18332,73308],[33,-21],[20,-38],[-8,-26],[8,-36],[68,-37],[11,-21],[15,-115],[25,-97],[62,-73],[28,-52],[0,-57],[-19,-82],[-15,-171],[13,-31],[-24,-35],[13,-61],[-1,-54],[-70,-44],[-12,-31],[-3,-55],[24,-55],[-9,-44],[7,-18],[-31,-35],[35,-51],[30,-15]],[[58315,72972],[32,-40],[29,-51],[24,-24],[30,-63],[18,-87],[55,-81],[38,-4],[107,-35],[41,-25],[63,-13],[83,10],[122,1],[53,-6],[46,-21],[135,-93],[99,-54],[35,0],[35,54],[69,29],[31,36],[36,110],[137,52],[28,-7],[31,-36],[19,3],[8,57],[31,-48],[76,-33],[22,-65],[28,-4],[47,21],[36,-6],[35,-58],[40,-7],[-29,-34],[0,-28],[35,-55],[45,-9],[25,21],[-4,64],[18,30],[56,-6],[19,-36],[-6,-17],[-50,-42],[5,-24],[36,-10],[72,105],[39,29],[0,-50],[41,4],[34,-30],[24,-46],[24,-7],[43,12],[13,-13],[-36,-32],[-33,-56],[-35,-22],[-3,-28],[34,-36],[-9,-52],[26,-26],[-8,-72],[81,-37],[69,-59],[48,-14],[30,-83],[40,23],[21,-22],[33,-10],[62,-38],[39,10],[6,31],[53,29],[31,1],[76,-26],[82,21],[10,-10],[18,-116],[41,-41],[88,-35],[13,-16],[-52,-38],[17,-46],[19,3],[26,42],[30,3],[3,-69],[74,-16],[39,-20],[11,-21],[-7,-35],[11,-51],[49,-74],[27,-5],[41,17],[38,-45],[31,38],[60,-19],[104,0],[40,46],[23,9],[150,-5],[27,-41],[82,40],[29,-21],[0,-30],[-50,-49],[-5,-55],[6,-41],[25,-18],[88,3],[92,61],[50,-43],[89,36],[119,-6],[75,22],[77,-21],[20,5],[12,34],[-13,54],[12,23],[147,25],[53,25],[48,0],[43,25],[44,-7],[58,12],[17,45],[42,11],[32,-45],[49,-10],[42,-61],[63,-13],[36,-33],[16,-45],[36,-33],[31,-13],[79,-66],[39,9],[-9,56],[15,44],[53,-10],[80,5],[40,-13],[29,-24],[104,1],[50,-17],[25,-41],[-22,-101],[39,-1],[-2,34],[21,15],[33,-57],[63,9],[26,-18],[43,-9],[73,-39],[42,-2],[31,55],[52,30],[63,-7],[47,14],[49,40],[142,-37],[53,-40],[34,-4],[6,-19],[-18,-60],[28,-34],[48,-36],[-9,-42],[15,-18],[37,30],[63,-42],[60,2],[61,-17],[27,6],[81,-13],[23,24],[-12,54],[11,50],[28,7],[41,-17],[44,-4],[25,-37],[85,2],[85,21],[36,-23],[29,-58],[26,-29],[34,-18],[24,-35],[47,-22],[24,-75],[30,-24],[26,11],[-14,31],[8,40],[21,-7],[27,-42],[16,32],[39,4],[31,-13],[-6,-49],[9,-28],[26,-9],[59,0],[43,13],[22,-53],[27,-15],[52,26],[52,-17],[22,23],[52,-28],[63,-12],[21,-39],[71,-36],[2,36],[-35,2],[-13,23],[116,23],[18,-61],[68,19],[52,64],[66,28],[63,6],[21,13],[7,49],[-5,37],[5,61],[16,28],[44,7],[31,-48],[7,-62],[-7,-66],[-67,-30],[41,-26],[51,45],[50,31],[63,-9],[11,-37],[-19,-38],[26,-24],[44,37],[73,11],[38,30],[17,57],[58,81],[6,126],[-47,-17],[-47,28],[-8,31],[5,43],[-15,20],[-52,11],[3,19],[56,18],[9,43],[-17,27],[-54,-1],[-34,-60],[-25,14],[-12,52],[-19,20],[15,33],[64,22],[29,22],[-14,60],[55,13],[61,-23],[54,-45],[26,11],[15,62],[18,12],[26,42],[19,0],[43,-31],[24,-32],[63,-31],[51,24],[30,-42],[22,3],[88,46],[42,50],[13,40],[55,-16],[11,39],[36,15],[101,-27],[41,-4],[106,66],[36,-3],[10,-24],[-31,-34],[-5,-32],[28,-3],[31,17],[48,66],[5,36],[-45,90],[-38,42],[3,29],[67,26],[144,87],[34,-27],[27,-71],[11,-73],[21,-31],[49,5],[22,-13],[-6,-109],[6,-15],[65,-28],[130,-63],[73,-29],[72,-47],[27,-29],[16,-66],[-5,-46],[-55,-69],[-41,-29],[-10,-47],[10,-28],[40,-13],[36,3],[85,-9],[66,-39],[54,-25],[39,0],[36,-14],[45,-36],[60,-22],[177,-6],[53,-8],[105,-42],[52,1],[100,20],[107,64],[73,-1],[55,45],[54,22],[43,-8],[41,-58],[91,-193],[47,-81],[45,-34],[58,-6],[23,-43],[-70,-88],[-15,-39],[7,-70],[12,-45]],[[70318,70134],[-72,-11],[-106,-61],[5,-23],[-52,-39],[-55,-18],[-64,-66],[-95,-34],[-97,-105],[-75,-45],[-55,3],[-33,14],[-93,-2],[-81,-53],[-81,-113],[-91,-56],[-246,-125],[-90,-59],[-49,-49],[-41,-56],[-24,-54],[-18,-85],[-14,-104],[-14,-55],[21,-60],[-23,-78],[-62,-119],[-16,-13],[-88,-17],[-48,-32],[-28,-32],[-41,-68],[38,-96],[2,-40],[16,-75],[-21,-151],[-5,-59],[-22,-116],[-26,-36],[-65,-52],[-56,-21],[-74,-12],[-82,-6],[-94,-34],[-40,-46],[-8,-25],[-69,-85],[-23,-57],[-76,-86],[-71,-61],[-54,-35],[-21,-27],[-35,-99],[-2,-107],[15,-97],[-5,-156],[1,-79],[-32,-5],[-8,46],[-39,-26],[-27,-89],[-42,-45],[-70,-20],[-49,-7],[-52,2],[-68,12],[-127,-8],[-117,-14],[-133,-47],[-95,20],[-32,0],[-85,-38],[-54,-40],[-39,-39],[-98,-74],[-31,-33],[-65,-16],[-23,-16],[-122,-53],[-30,-3],[-88,13],[-57,3],[-103,-4],[-99,6],[-51,-20],[-66,-36],[-65,-25],[-157,-94],[-38,-34],[-175,-110],[-77,-38],[-80,-64],[-16,-30],[-58,-182],[-39,-92],[-26,-41],[-90,-91],[-57,-19],[-59,-35],[-49,-64],[-93,-75],[-36,-9],[-65,-1],[-64,15],[-44,23],[-37,46],[-84,34],[-59,37],[-53,17],[-138,30],[-38,1],[-72,18],[-77,-24],[-37,-30],[-54,-20],[-117,-28],[-61,-27],[-62,-42],[-54,-59],[-21,-33],[-73,-89],[-127,-131],[-175,-143],[-4,-21],[-96,-41],[-61,-40],[-33,-42],[-21,-50],[-80,-224],[-43,-80],[-3,-68],[-9,-24],[45,-65],[13,-101],[-20,-126],[0,-57],[-10,-47],[14,-76],[-9,-66],[-14,-57],[10,-64],[3,-124],[28,-40],[18,-43],[59,-97],[4,-69],[24,-71],[21,-29],[57,-127],[70,-91],[11,-30],[75,-103],[21,-53],[-5,-51],[42,-150],[104,-69],[8,-14],[-19,-80],[-73,-85],[-55,-52],[-20,-44],[6,-60],[30,-22],[15,-27],[2,-100],[-6,-87],[-33,-135],[-13,-35],[-1,-50],[21,-142],[12,-112],[1,-100],[-60,-90],[-34,-37],[-56,-47],[-111,-76],[-143,-57],[-63,-48],[-81,-79],[-21,-31],[-26,-66],[-25,-43],[-42,-50],[-70,-127],[-29,-72],[-7,-55],[14,-69],[2,-138],[-7,-58],[-33,-75],[-26,-83],[-42,-69],[-8,-35],[14,-166],[-10,-88],[4,-129],[-64,-128],[-36,-140],[-29,-69],[-30,-101],[-29,-61],[-89,-69],[-51,-82],[-6,-48],[4,-89],[-7,-50],[-15,-30],[-3,-107],[-22,-50],[17,-73],[17,-194],[-11,-55],[-24,-72],[-39,-67],[-62,-91],[-43,-44],[-77,-55],[-85,-26],[-93,-34],[-64,-42],[-8,-14],[-106,-82],[-77,-41],[-86,0],[-105,-20],[-57,-29],[-53,-65],[-57,-33],[-47,1],[-37,-21],[-98,-85],[-15,-32],[-1,-56],[11,-50],[-12,-82],[1,-145],[-16,-55],[-4,-44],[-21,-32],[-6,-33],[-50,-9],[-89,-60],[-53,-69],[-67,-141],[-62,-98],[-19,-22],[-26,-63],[-27,-37],[-89,-13],[-79,-28],[-132,-87],[-41,-35],[-60,-37],[-86,-33],[-19,1],[-76,-37],[-43,8],[-26,-10],[-73,22],[-21,14],[-81,-4],[-66,-62],[-8,-32],[-44,-91],[-55,-100],[-35,-183],[-17,-37],[-48,-66],[-38,-23],[26,-53]],[[59096,55489],[-429,340],[-228,173],[-184,196],[-120,11],[-173,-44],[-163,0],[-109,98],[-271,174],[-217,0],[-380,21],[-293,55],[-337,-22],[-228,0],[-195,162],[-152,142],[-261,-33],[-152,-109],[-239,-239],[-271,-152],[-141,-120],[-130,-141],[-141,-98],[-195,-142],[-98,-108],[-239,-22],[-141,-22],[-184,-98],[-185,32],[-163,141],[-119,120],[-261,43],[-280,-87],[-228,-77],[-304,0],[-217,-76],[-228,-55],[-173,-44],[-239,-76],[-195,-120],[-152,-109],[-119,-65],[-141,0],[-142,119],[-119,65],[-119,10],[-174,65],[-402,0],[-163,21],[-195,-44],[-402,-1],[-184,-43],[-43,-163],[-184,-142],[-185,21],[-152,120],[-130,21],[-174,-44],[-163,-109],[-173,-87],[-174,-55],[-249,-11],[-294,173],[-173,32],[-391,-1],[-249,-109],[-87,21],[-131,152],[-44,87],[-163,75],[-141,11],[-271,-88],[-206,32],[-261,32],[-152,0],[-152,108],[-174,65],[-163,10],[-336,-1],[-120,141],[-87,97],[-174,22],[-260,-66],[-184,-153],[-217,-55],[-108,-120],[-143,-218],[-108,-141],[-174,-12],[-173,-141],[-173,-164],[-183,-261],[-217,-207],[-86,-77],[-217,21],[-207,119],[-98,163],[-88,206],[-283,281],[-206,-77],[-217,-66],[-162,-44],[-98,-109],[-92,-82],[-105,95],[-6840,8703],[-70,-2],[-76,-40],[-70,17],[-57,33],[-4,31],[-44,11],[-53,-32],[-58,-2],[-56,-30],[-26,7],[-50,-18],[-57,25],[-33,-24],[-45,18],[-49,-20],[-24,22],[-59,-26],[-54,20],[-46,-32],[-51,11],[-37,-13],[-37,1],[-16,-27],[-32,-10],[-11,-55],[-68,-32],[-46,-7],[-40,-26],[-42,-2],[-13,-15],[17,-33],[-43,-23],[-31,-51],[-48,-21],[-47,-35],[-65,0],[-57,-36],[-29,26],[-41,5],[-26,-33],[-68,-36],[-70,39],[-68,1],[-39,-24],[-108,-2],[-45,53],[-42,0],[-67,42],[-55,-4],[-39,45],[-8,35],[-38,-11],[-13,20],[3,39],[-75,-6],[-12,59],[13,37],[-19,14],[-33,-2],[-15,24],[-40,28],[5,81],[-26,7],[-53,-6],[-62,48],[-25,-1],[-98,-37],[-50,66],[-31,-30],[-54,-4],[-33,-35],[-37,11],[-44,39],[-9,42],[-43,42],[5,39],[-20,25],[-19,65],[-59,-15],[10,-46],[-21,-1],[0,54],[-19,11],[-40,-50],[-29,-4],[-32,15],[-6,57],[-40,23],[-22,-11],[-11,-53],[-18,-35],[-63,8],[-13,-24],[-81,9],[-94,53],[-59,22],[-46,-28],[-67,-6],[-20,40],[-48,48],[-1,37],[-42,18],[-17,22],[41,30],[-1,25],[-35,11],[-18,22],[-95,64],[-26,44],[-62,-20],[-39,20],[55,29],[7,28],[-79,-17],[-9,39],[35,13],[20,35],[-19,38],[-35,24],[-12,53],[-24,35],[-42,42],[-59,15],[-10,35],[-75,-14],[-50,39],[-39,-12],[-22,-44],[-40,-4],[-36,17],[-49,-30],[20,-39],[-12,-16],[-52,-3],[-64,-22],[-111,-19],[-68,36],[-67,7],[-18,17],[-50,-8],[-114,7],[-45,49],[-57,33],[-100,32],[-50,30],[-72,23],[-33,27],[-34,52],[-39,29],[-48,22],[-52,7],[-53,-48],[-59,-14],[-103,3],[-142,-32],[-92,-15],[-89,14],[-100,49],[-52,15],[-39,-19],[3,-50],[-61,-28],[-29,-72],[-29,-26],[-30,0],[-56,48],[-145,4],[-66,-21],[-24,-14],[-74,-3],[-20,-15],[-7,-31],[-53,-49],[-125,72],[-35,-1],[-58,-30],[-75,15],[-24,-20],[23,-51],[75,24],[9,-12],[-54,-87],[-20,-79],[-42,-5],[-55,52],[-59,4],[-64,35],[-124,3],[-76,-41],[-35,-59],[-2,-105],[45,-76],[-34,-6],[-58,39],[-29,-11],[-23,-27],[-3,-72],[-43,-28],[-26,2],[-45,57],[-27,6],[-32,-96],[-176,-52],[-88,-13],[-32,28],[-7,66],[-51,3],[-12,-27],[4,-59],[-123,-54],[-30,-102],[-49,-56],[-30,-77],[-33,-28],[-35,-79],[-263,-102],[-165,82],[-96,18],[-104,-5],[-70,20],[-64,-17],[-68,23],[-49,-23],[-59,34],[-62,-12],[-29,43],[-26,12],[-168,42],[-3,37],[62,61],[-34,33],[-24,70],[15,10],[40,-64],[45,20],[-4,56],[-39,21],[-96,-3],[-48,32],[-9,36],[15,48],[-33,78],[-47,25],[-65,-16],[-55,21],[-28,-13],[-19,-51],[-74,4],[-173,-19],[-49,-15],[-56,-30],[-49,0],[-43,-16],[-43,47],[-47,11],[-81,-58],[-32,-1],[-65,25],[-54,52],[-70,-5],[-26,-27],[-34,-89],[-31,-29],[-48,14],[-33,48],[-29,11],[-65,6],[-49,92],[-9,29],[-33,7],[-88,-59],[-81,-22],[-147,48],[-99,-51],[-136,-41],[-123,-23],[-126,1],[-124,14],[-57,-37],[-64,-6],[-57,13],[-39,32],[-58,124],[-54,43],[-51,5],[-156,-15],[-136,21],[-50,-36],[-43,-83],[-131,-8],[-28,-115],[-16,-44],[-43,23],[-15,31],[9,110],[18,73],[-47,85],[-74,6],[-38,-60],[23,-153],[-71,-50],[-91,13],[-45,82],[-16,56],[-36,41],[-47,12],[-35,-26],[-36,-63],[-80,-44],[-160,129],[-125,-19],[-56,-22],[-117,-35],[-137,-31],[-102,-49],[-54,24],[0,99],[21,89],[43,86],[-33,51],[-70,-25],[-51,-56],[-176,-37],[-59,16],[-39,49],[-58,40],[-108,10],[-58,-24],[-57,-63],[-32,-77],[4,-33],[89,-109],[0,-40],[-44,-13],[-58,15],[-38,27],[-39,102],[-57,39],[-168,-3],[-122,51],[-72,-9],[-63,-28],[-12,27],[5,62],[-46,216],[-48,27],[-72,-11],[-27,-86],[-42,-63],[-65,-10],[-42,36],[-38,2],[-8,35],[60,33],[40,46],[20,69],[-26,27],[-63,-18],[-74,71],[-34,7],[-17,-23],[6,-37],[37,-58],[-11,-33],[-48,-41],[-59,-24],[-48,-48],[-133,25],[-34,88],[-39,-5],[-20,-66],[-29,-25],[-229,-74],[-24,-54],[32,-91],[-2,-46],[-24,-41],[-87,-62],[-93,-25],[-115,-3],[-70,-33],[-66,13],[-135,-37],[-46,8],[-359,-30],[-261,2],[-119,-22],[-206,8],[-130,-19],[-60,16],[-51,44],[-95,33],[-47,69],[-209,127],[-86,42],[-1194,2095],[-16,36],[-30,16],[-6,23],[32,54],[-6,32],[34,27],[-9,33],[18,38],[-22,23],[6,54],[-17,15],[1,40],[49,124],[29,32],[36,59],[2,28],[-17,28],[32,40],[32,66],[-35,52],[-37,18],[-3,23],[-32,13],[-35,44],[-43,24],[-43,61],[-3,18],[-33,20],[-16,51],[-14,16],[-8,44],[-32,34],[-1,39],[-57,35],[-20,30],[7,44],[-88,25],[-30,-5],[-36,24],[-16,30],[-107,20],[-52,-5],[-60,-39],[-32,-2],[-37,13],[-72,-39],[-42,-76],[-31,14],[-26,-9],[-54,9],[-32,30],[-17,-17],[-114,13],[-16,16],[-50,14],[-7,20],[-127,24],[-64,-18],[-52,-47],[-1,-35],[-44,-7],[-34,-28],[-64,-20],[-26,39],[-33,10],[-145,125],[-96,36],[-42,-26],[-113,16],[-41,27],[-51,-2],[-32,-28],[-64,-6],[-254,40]],[[9511,67531],[15,65],[64,58],[73,-7],[35,9],[49,-17],[26,23],[84,25],[55,33],[58,12],[35,23],[100,-17],[59,-17],[66,7],[30,48],[0,54],[31,-11],[104,-18],[1,28],[51,52],[38,6],[73,-25],[31,15],[33,-9],[21,-32],[55,-28],[55,-6],[42,7],[57,31],[69,-43],[42,-4],[32,-16],[47,-2],[33,36],[29,11],[37,-18],[83,-10],[83,40],[30,-11],[40,6],[12,22],[57,31],[48,-42],[54,-24],[15,-43],[56,-23],[46,-8],[19,-20],[44,-2],[41,-47],[11,-28],[44,-30],[41,-41],[35,-14],[29,6],[35,-20],[-8,-50],[30,-57],[6,-51],[25,-21],[44,16],[32,28],[45,6],[73,39],[59,13],[119,8],[33,27],[81,15],[48,21],[58,4],[83,26],[36,-6],[112,-47],[56,-30],[25,-32],[2,-28],[29,-54],[37,-48],[41,-35],[49,-56],[79,-7],[51,-16],[61,-33],[32,-9],[28,21],[46,2],[66,-26],[45,-10],[74,5],[65,23],[39,-16],[54,1],[41,31],[48,7],[70,22],[45,64],[47,34],[67,29],[41,10],[45,34],[75,5],[41,40],[46,8],[0,34],[50,-3],[74,31],[81,21],[44,43],[57,41],[65,17],[33,-7],[99,20],[41,21],[30,42],[38,-10],[26,18],[-4,36],[37,10],[40,75],[43,-13],[15,40],[3,54],[26,66],[22,-7],[23,32],[-33,61],[33,28],[-8,81],[36,0],[24,44],[-15,80],[-25,35],[9,35],[75,42],[42,14]],[[15266,68434],[47,-20],[71,-50],[58,2],[45,29],[54,7],[58,-21],[28,-19],[66,-67],[49,-18],[62,12],[46,-15],[48,-52],[36,-4],[21,28],[13,75],[41,5],[23,-16],[34,-73],[15,-18],[43,-4],[51,18],[56,-46],[-11,-62],[-26,-26],[-12,-52],[11,-27],[81,-46],[28,-33],[83,-67],[59,-37],[75,-21],[29,-21],[18,-39],[22,-7],[121,23],[33,0],[94,-59],[41,10],[17,28],[32,15],[163,-19],[155,54],[38,28],[13,36],[45,24],[48,54],[30,13],[16,-14],[26,-63],[20,-24],[54,-24],[59,-13],[25,-32],[37,-21],[12,-38],[52,-10],[23,18],[6,35],[21,35],[54,-1],[57,22],[30,44],[29,-1],[78,-25],[52,-11],[52,-69],[37,-15],[31,16],[51,44],[26,-4],[25,-43],[39,-21],[52,-1],[45,-14],[53,6],[25,35],[64,45],[80,-17],[13,19],[-8,36],[-70,33],[3,60],[48,8],[8,-18],[58,-30],[37,60],[46,23],[37,6],[20,21],[13,40],[31,10],[44,-31],[46,3],[11,24],[-13,48],[5,22],[35,17],[34,-41],[65,-29],[9,19],[-29,53],[35,15],[60,-50],[64,-4],[16,-11],[11,-40],[21,-19],[60,-18],[32,-49],[35,-2],[30,19],[88,-24],[19,13],[-7,43],[40,5],[0,-36],[30,-8],[56,35],[24,32],[18,-41],[25,-18],[54,-6],[60,8],[27,-17],[64,-60],[62,27],[41,5],[64,-46],[30,1],[7,58],[23,40],[27,1],[52,-33],[23,3],[60,32],[55,-6],[39,-58],[49,-9],[42,47],[70,12],[64,-31],[30,-26],[38,-9],[34,-25],[20,-43],[15,-2],[53,31],[25,-29],[-31,-43],[47,-42],[31,27],[16,35],[32,8],[90,-41],[32,7],[42,31],[92,-32],[9,-12],[-10,-46],[14,-26],[32,-8],[81,39],[64,4],[51,-16],[47,14],[18,-40],[-50,-21],[-15,-45],[39,-63],[72,-59],[77,-36],[13,-84],[31,3],[42,41],[31,4],[54,-34],[53,6],[12,-13],[12,-55],[-26,-21],[52,-47],[41,-27],[156,-77],[71,-2],[101,21],[81,-29],[32,7],[34,26],[32,7],[59,-41],[45,7],[39,64],[40,-7],[21,-43],[86,21],[34,-10],[42,-82],[62,0],[15,-17],[-10,-34],[14,-20],[147,-39],[61,20],[33,3],[59,30],[53,-31],[4,-43],[18,-3],[32,35],[17,-3],[13,-48],[27,-39],[47,-17],[35,9],[25,-58],[30,23],[-22,55],[136,-23],[45,18],[48,-25],[46,-53],[11,-59],[51,-4],[78,20],[67,-41],[39,-55],[14,-32],[0,-53],[70,-30],[100,7],[27,26],[63,-21],[54,3],[39,27],[38,-4],[41,13],[48,38],[63,-45],[41,-3],[53,38],[50,13],[34,39],[20,3],[58,-18],[24,9],[50,52],[4,41],[-67,-19],[-18,6],[3,37],[105,14],[50,-30],[21,1],[15,48],[33,-4],[16,-65],[47,-43],[45,19],[104,-71],[-37,-31],[4,-23],[53,20],[45,33],[49,7],[53,-47],[69,-10],[47,18],[28,-1],[35,-29],[26,0],[-9,-61],[24,-13],[64,-13],[61,-54],[91,24],[74,32],[83,-59],[28,-11],[40,3],[25,-17],[27,-57],[23,-16],[35,9],[6,45],[-11,51],[10,25],[32,-16],[46,-48],[33,23],[7,61],[15,24],[24,2],[33,-20],[38,-40],[39,13],[19,-9],[15,-47],[86,-3],[58,-9],[17,15],[48,-10],[19,9],[69,90],[18,113],[26,39],[47,16],[80,-7],[79,24],[87,35],[68,51],[102,7],[53,-23],[63,3],[76,-71],[36,-5],[87,55],[71,51],[72,40],[92,23],[35,31],[34,15],[47,44],[60,29],[16,25],[47,33],[51,107],[24,37],[52,8],[106,36],[49,-4],[25,-70],[15,-10],[65,-13],[83,68],[6,56],[-2,61],[-12,55],[-42,103],[-2,56],[26,34],[71,24],[57,37],[128,40],[94,-3],[109,-15],[66,10],[121,8],[100,36],[120,89],[75,61],[61,14],[66,-11],[57,33],[113,80],[30,35],[29,55],[28,98],[54,97],[128,68],[11,20],[-6,127],[-22,93],[1,43],[45,86],[-7,69],[24,46],[60,60],[44,89],[18,110],[10,36],[113,50],[32,4],[54,31],[3,55],[-43,88],[-4,65],[24,43],[43,54],[55,12],[93,-43],[28,16],[12,71],[40,22],[135,-30],[31,8],[106,3],[73,59],[27,6],[45,-31],[29,-33],[46,-31],[114,-31],[82,-56],[55,-44],[47,-21],[38,-2],[31,14],[24,80],[62,78],[60,43],[88,42],[68,7],[92,-13],[42,33],[34,51],[37,96],[86,113],[15,43],[-13,50],[-34,73],[-1,41],[79,97],[18,47],[3,34],[55,31],[50,3],[181,43],[30,14],[10,77],[29,63],[80,17],[37,27],[23,60],[46,48],[57,17],[172,6],[89,18],[70,47],[39,34],[59,85],[56,28],[152,29],[44,-6],[53,5],[35,-15],[114,-23],[76,7],[178,84],[58,-16],[70,-115],[30,-33],[47,-14],[25,17],[43,95],[61,44],[90,24],[39,27],[21,64],[35,56],[80,71],[34,19],[30,36],[16,54],[29,45],[48,57],[59,25],[123,14],[183,11],[174,63],[84,-26],[106,-111],[45,-17],[54,14],[43,32],[75,110],[34,23],[90,40],[162,4],[56,49],[68,31],[156,24],[129,-9],[38,10],[66,42],[70,86],[117,122],[108,46],[90,69],[21,24],[151,82],[22,-1],[46,34],[113,96],[106,83],[92,62],[172,18],[46,19],[35,108],[58,153],[94,40],[79,10],[76,-4],[43,-13],[58,24],[20,151],[13,29],[48,30],[62,25],[31,41],[14,33],[-17,64],[4,53],[118,155],[111,73],[80,-9],[58,1],[50,12],[81,59],[92,38],[33,30],[46,92],[17,48],[27,32],[70,44],[35,37],[31,68],[75,40],[29,63],[63,76],[57,38],[37,4],[72,-7],[65,11],[62,-14],[85,-2],[43,-15],[69,-40],[117,-102],[42,-7],[71,22],[61,31],[103,-11],[77,10],[57,-17],[51,0],[74,11],[54,-13],[214,-16],[109,24],[53,18],[40,25],[42,-6],[97,9],[24,9],[51,42],[39,17],[38,-5],[62,-66],[48,6],[109,49],[56,7],[99,38],[63,-3],[51,-25],[68,-13],[125,-66],[99,-15],[20,-18],[23,-44],[30,-24],[84,-18],[45,14],[62,30],[40,-9],[51,-41],[26,-32],[10,-53],[36,-34],[60,-33],[29,-28],[14,-47],[-4,-127],[9,-54],[22,-58],[43,-64],[62,-18],[21,5],[27,34],[156,45],[48,7],[27,-7],[88,-103],[169,-120],[85,-42],[29,9],[49,34],[17,26],[1,64],[20,135],[34,35],[73,13],[73,-17],[71,-63],[48,-15],[42,1],[69,25],[69,50],[20,24],[49,27],[31,2],[37,-15],[108,-79],[33,-33],[19,-57],[11,-62],[1,-85],[6,-33],[89,-79],[59,-38],[82,-76],[1,-43],[-31,-57],[-23,-76],[-9,-86],[20,-48],[29,-17],[80,-12],[84,9],[199,-29],[24,-12],[107,-130],[57,-44],[64,-8],[41,14],[77,41],[58,5],[41,-7],[125,-48],[81,-26],[56,-2],[64,5],[98,36],[32,3],[58,-20],[88,-48],[60,3],[44,25],[51,43],[48,69],[55,26],[91,-2],[80,-33],[71,-22],[40,-2],[101,8],[64,12],[75,41],[54,58],[71,62],[53,40],[105,21],[125,15],[35,11],[83,56],[50,14],[55,31],[77,82],[67,41],[44,41],[47,71],[39,18],[48,1],[142,-40],[66,-8],[114,-63],[74,14],[56,48],[103,-26],[69,-66],[59,-32],[63,0],[65,-24],[126,31],[42,-4],[68,-21],[26,-44],[-6,-80],[22,-27],[38,-13],[160,-20],[177,8],[173,87],[39,11],[116,-10],[54,-34],[59,-54],[24,-3],[81,35],[52,-13],[53,-43],[104,-44],[72,17],[34,-17],[1,-29],[-15,-70],[6,-20],[111,-78],[178,-96],[33,-37],[24,-46],[30,-23],[100,46],[101,-15],[38,42],[13,85],[81,32],[56,27],[45,32],[22,39],[35,20],[36,4],[31,75],[44,34],[23,-5],[46,-31],[20,-84],[34,-5],[48,27],[11,22],[-1,60],[35,29],[49,-12],[-7,-52],[6,-23],[37,-24],[42,4],[38,16],[29,-13],[61,-81],[39,-21],[26,23],[46,14],[35,48],[65,6],[28,-24],[8,-31],[-35,-59],[41,-21],[30,-32],[49,38],[73,30],[40,-5],[31,-17],[60,28],[24,-14],[27,27],[79,-20],[32,15],[86,26],[89,-37],[25,10],[21,-36],[95,-26],[40,16],[28,27],[23,-9],[60,27],[43,4],[19,-18],[61,-25],[20,3],[42,-26],[10,-22],[78,-83],[48,-38],[74,-16],[76,-31],[33,-37],[54,-10],[54,-18],[4,-29],[37,-9],[51,24],[19,-6],[31,41],[43,35],[20,-20],[27,4],[17,31],[86,28],[56,-3],[30,58],[34,30],[40,9],[46,50],[76,7],[66,29],[83,18],[57,-27],[57,-48],[60,-2],[32,67],[91,31],[39,36],[76,29],[74,-15],[35,-54],[26,4],[21,-30],[62,-15],[38,-18],[23,13],[60,-62],[51,4],[18,-24],[62,14],[31,53],[39,-7],[25,15],[40,-18],[33,-29],[44,-87],[20,-25],[79,-23],[59,86],[61,-58],[26,18],[24,-10],[14,35],[-11,80],[14,35],[31,27],[13,62],[28,-20],[46,-11],[14,40],[21,17],[18,41],[-13,50],[40,17],[19,25],[36,6],[87,-55],[24,-24],[45,16],[28,-47],[39,10],[16,67],[41,34],[25,-5],[8,-43],[51,-2],[71,-62],[17,-37],[54,15],[62,-13],[20,-23],[47,-22],[35,52],[57,6],[22,12],[78,20],[64,45],[67,-9],[41,-63],[25,-13],[42,1],[17,16],[58,2],[33,31],[40,22],[60,-18],[40,59],[27,3],[61,100],[0,28],[-24,56],[29,31],[36,14],[68,3],[47,-8],[39,5],[31,-27],[-55,-87],[4,-21],[57,3],[34,21],[95,15],[48,37],[-4,24],[-33,42],[15,51],[-7,19],[-58,30],[-10,24],[16,28],[60,10],[21,37],[51,3],[120,25],[58,27],[57,50],[119,86],[41,16],[35,-10],[16,-48],[91,-76],[37,-25],[41,-76],[55,-17],[48,-44],[46,-78],[70,-39],[42,-7],[73,11],[71,-13]],[[70318,70134],[156,40],[188,40],[30,-16],[54,-12],[55,-31],[112,-28],[36,-24],[69,-75],[39,-59],[85,-51],[133,2],[67,17],[146,59],[77,71],[46,69],[80,69],[102,54],[81,51],[83,23],[47,21],[36,1],[48,25],[99,30],[126,92],[76,45],[75,27],[74,4],[46,14],[94,-35],[78,7],[48,-13],[155,-14],[50,7],[75,-5],[46,6],[89,-2],[56,-20],[88,-17],[72,2],[77,14],[133,1],[96,-5],[55,11],[57,21],[60,5],[84,-9],[29,14],[96,16],[29,0],[98,-25],[122,-15],[98,-39],[69,-4],[94,26],[23,0],[94,23],[85,33],[52,-4],[69,7],[58,24],[43,10],[81,35],[75,22],[18,27],[-30,69],[1,26],[32,80],[29,47],[26,89],[133,81],[67,54],[58,33],[37,36],[46,66],[5,48],[100,92],[61,106],[11,36],[47,99],[46,54],[113,93],[45,20],[76,146],[32,38],[31,74],[55,70],[120,95],[69,15],[84,-6],[75,37],[46,49],[28,17],[95,84],[13,24],[57,53],[45,22],[146,101],[72,24],[98,9],[170,4],[181,25],[143,31],[84,26],[52,8],[50,-6],[126,2],[23,4],[181,-44],[80,-38],[69,-46],[44,-42],[64,-44],[67,-61],[107,-64],[59,-24],[83,-55],[128,-73],[82,-77],[83,-42],[62,-20],[74,-9],[181,21],[93,-11],[76,5],[63,17],[66,32],[146,41],[139,55],[29,15],[5,22],[30,23]],[[80039,72352],[75,18],[99,5],[80,-2],[56,-8],[151,-35],[32,-1],[102,-33],[72,-50],[54,-46],[196,-136],[103,-42],[74,-19],[133,-27],[81,-5],[120,3],[127,-6],[106,-12],[128,7],[44,-2],[109,-17],[105,-35],[72,-38],[123,-111],[48,-58],[56,-47],[37,-42],[37,-25],[229,-72],[80,-17],[194,0],[117,-26],[41,-18],[50,-39],[28,-6],[173,-86],[129,-77],[74,-83],[64,-62],[49,-64],[27,-53],[60,-87],[25,-45],[146,-150],[100,-78],[27,-60],[-5,-57],[13,-44],[17,-17],[108,-2],[-11,18],[17,44],[22,-6],[77,-43],[169,-49],[143,-81],[48,-33],[117,-50],[169,-45],[52,-1],[152,6],[32,8],[66,1],[46,17],[74,6],[45,20],[93,17],[59,-2],[61,23],[106,61],[110,26],[173,118],[52,28],[32,1],[61,35],[148,65],[50,37],[106,126],[51,73],[119,111],[54,42],[42,11],[73,62],[181,91],[50,45],[56,37],[75,15],[62,-20],[36,-29],[48,-2],[113,13],[62,12],[116,35],[76,1],[42,-23],[159,-38],[109,5],[184,-28],[65,-18],[61,-10],[95,14],[70,48],[30,51],[26,77],[50,91],[94,87],[52,28],[46,51],[50,19],[4,36],[21,40],[-5,38],[-82,63],[-77,34],[-135,42],[-113,40],[-150,64],[-93,30],[-242,66],[-37,22],[-59,54],[-40,54],[-38,67],[-25,93],[-32,186],[-5,62],[20,93],[46,81],[13,64],[8,115],[-2,112],[9,66],[21,88],[19,53],[20,31],[100,111],[114,92],[38,43],[44,36],[137,86],[110,57],[149,52],[101,45],[95,17],[195,84],[46,14],[66,10],[88,-3],[88,-18],[53,-25],[55,-48],[62,-129],[29,-144],[21,-22],[51,-25],[50,-12],[87,3],[144,47],[42,2],[25,25],[45,20],[138,89],[44,38],[57,118],[37,52],[77,158],[44,64],[146,169],[59,51],[72,54],[98,43],[80,22],[265,-17],[40,4],[48,21],[86,16],[22,-3],[157,30],[31,-6],[46,-22],[74,-25],[48,-41],[12,-23],[9,-59],[16,-39],[88,-38],[49,-46],[18,-28],[27,-83],[16,-87],[19,-39],[8,-41],[50,-60],[13,-53],[85,-54],[35,26],[50,-14],[43,-1],[51,-27],[58,-86],[104,-66],[89,-48],[49,-13],[75,-37],[39,-10],[28,-34],[81,-39],[71,-52],[39,-19],[47,-11],[33,15],[24,-7],[43,-42],[45,-60],[12,-48],[-8,-83],[319,-61],[51,-16],[127,14],[91,24],[87,49],[84,28],[132,52],[127,80],[202,103],[56,18],[72,54],[57,27],[99,69],[67,59],[43,60],[63,113],[53,54],[47,78],[77,89],[27,49],[37,100],[41,132],[58,75],[64,93],[127,105],[117,160],[30,67],[101,109],[55,39],[55,26],[182,55],[70,5],[89,-6],[43,8],[192,-26],[82,-43],[52,-9],[74,8],[142,39],[65,4],[91,39],[117,108],[24,17],[31,46],[50,15],[135,15],[53,-1],[87,-30],[159,-64],[115,-85],[83,-32],[89,0],[56,-11],[85,-45],[43,6],[21,-10],[69,8],[97,40],[48,11],[90,7],[81,-9],[53,19],[14,18],[98,22],[42,18],[45,-7],[59,24],[71,15],[117,37],[44,3],[72,-24],[92,0],[32,15],[175,126],[78,-9],[51,0],[65,-10],[68,34],[-2,32],[42,20],[6,36],[46,74],[48,50],[64,28],[52,0],[-2,23],[24,28],[37,-5],[42,73],[57,51],[107,75],[23,1],[105,52],[97,78],[84,42],[46,5],[44,-13],[38,-43],[71,28],[68,63],[77,49],[61,30],[41,30],[47,21],[70,19],[69,7],[23,-6],[36,20],[59,54],[18,33],[51,38],[24,54],[41,70],[-18,71],[-3,78],[10,92],[18,36],[65,90],[62,70],[54,72],[84,57],[74,26],[62,10],[61,-10],[40,-29],[-1,-72],[12,-39],[53,-79],[49,-47],[16,-2],[67,-54],[45,-16],[29,7],[52,31],[34,32],[54,34],[95,39],[58,49],[125,131],[62,92],[48,89],[86,98],[102,50],[90,3],[81,-48],[35,-51],[31,-80],[60,-91],[26,-58],[34,-111],[41,-55],[18,-38],[32,-16],[115,-29],[77,-7],[60,23],[90,21],[53,3],[82,29],[32,3],[141,47],[44,1],[43,23],[96,-25],[32,5],[49,25],[39,-48],[52,46],[65,24],[56,-31],[-41,-41],[8,-24],[82,-39],[42,-6],[79,-50],[30,-44],[11,-31],[34,-57],[13,-42],[34,-57],[-15,-10],[61,-68],[112,-64],[25,-24],[36,-12],[133,10],[39,-7],[85,23],[41,18],[81,49],[158,128],[60,26],[69,17],[43,19],[39,31],[56,73],[34,71],[5,39],[33,60],[3,32],[65,101],[21,53],[61,93],[47,113],[37,61],[3,22],[41,99],[49,87],[64,32],[64,17],[28,19],[116,-26],[56,-36],[22,-51],[65,-92],[54,-38],[67,-21],[158,-1],[116,-16],[144,20]],[[106797,77398],[88,7],[57,13],[37,19],[101,75],[83,82],[55,71],[38,61],[76,139],[75,102],[60,73],[29,25],[-36,54],[219,-136],[393,-232],[554,-347],[331,-176],[1495,-884],[2270,604],[907,239],[1459,380],[1600,417],[17,-43],[-2,-34],[-28,1],[-70,-44],[10,-39],[-8,-46],[25,-37],[42,-8],[34,-32],[2,-33],[-23,-22],[13,-67],[23,-25],[-47,-8],[24,-59],[29,15],[32,-34],[44,2],[-3,-43],[17,-53],[-12,-29],[40,-15],[-1,-29],[-24,-9],[-13,-44],[4,-32],[30,0],[-7,-33],[-50,-17],[-48,-60],[-51,-34],[-7,-82],[12,-35],[-21,-8],[-39,-61],[-61,-35],[-43,-14],[-41,6]],[[116487,76844],[-60,-24]],[[116427,76820],[-27,-5]],[[116400,76815],[-81,-30],[-36,-2],[-129,-62],[-30,16],[-74,-24],[4,-22],[-58,-71],[35,-21],[-22,-32],[34,-35],[-42,-25],[3,-37],[18,-33],[30,-14],[-10,-37],[-35,-15],[-1,-30],[56,-66],[27,-17],[24,-52],[2,-60],[13,-16],[45,-1],[37,-35],[57,6],[-29,-45],[16,-54],[29,-5],[8,-51],[-34,-42],[11,-43],[-24,-31],[-30,-8],[1,-65],[26,-9],[70,-6],[20,-16],[80,-11],[14,-33],[-42,-35],[-78,-12],[-18,-17],[14,-27],[-15,-25],[35,-51],[-27,-20],[10,-51],[-44,-2],[58,-75],[45,13],[49,-5],[-18,-41]],[[116394,75333],[-6,-22],[-46,0],[-19,-29],[24,-27],[-18,-37],[-7,-59],[54,6]],[[116376,75165],[20,-46],[39,-46],[-5,-32],[12,-30],[30,-15]],[[116472,74996],[-15,-13],[20,-39],[-10,-26]],[[116467,74918],[61,6],[2,-60],[10,-39],[57,0],[31,-29],[32,-56],[26,-62],[39,-35],[34,-17],[37,-34],[45,-30],[49,-97],[90,-79]],[[116980,74386],[50,-49],[46,-97],[19,-140],[58,-163],[20,-112],[-8,-253],[-3,-153],[16,-41],[-8,-101],[-23,-79],[61,-47],[28,-45],[41,-23],[49,-6],[53,6],[75,-80],[1,-161],[-11,-51],[43,-126],[24,-60],[-2,-43],[11,-47],[-10,-21],[13,-86],[-4,-39],[19,-61],[38,-32],[22,-45],[45,-28],[44,13],[165,-40],[1163,-584],[38,-6],[36,71],[3,43],[-26,75],[-58,87],[-21,50],[0,68],[-33,79],[-34,46],[-26,55],[29,89],[34,55],[22,65],[70,122],[51,68],[85,151],[34,76],[58,70],[75,43],[99,28],[80,39],[84,31],[157,69],[107,52],[125,41],[68,31],[99,21],[53,33],[73,31],[139,26],[95,12],[166,37],[123,53],[27,21],[183,8],[221,3],[31,-9],[51,-41],[94,-113],[598,-674],[855,-964],[133,-90],[105,4],[119,-35],[173,-99],[141,-63],[121,-35],[84,-58],[187,-36],[123,10],[47,-19],[101,6],[74,17],[35,20],[-3,44],[-38,84],[43,34],[18,30],[-2,75],[18,11],[-6,59],[37,4],[50,62],[34,-5],[34,13],[16,-16],[89,-3],[0,31],[33,15],[3,21],[42,31],[32,6],[18,38],[48,18],[22,30],[28,74],[-57,6],[-6,16],[30,31],[-27,14],[21,64],[60,17],[51,38],[48,51],[16,33],[29,24],[-47,33],[43,32],[16,38],[28,5],[56,57],[26,3],[43,-25],[26,17],[43,54],[19,9],[51,-29],[18,-30],[21,36],[-2,36],[25,-3],[40,15],[30,-27],[19,9],[15,34],[58,-3],[22,20],[44,2],[38,26],[39,4],[41,36],[63,12],[44,-23],[60,34],[39,14],[43,-20],[135,-12],[33,22],[21,32],[31,-24],[46,-20],[-27,-34],[6,-20],[43,-5],[32,-34],[28,19],[20,-31],[46,16],[2,-32],[21,-31],[100,-29],[56,10],[31,37],[36,18],[18,-20],[63,-10],[40,39],[38,-14],[-2,47],[81,-1],[32,53],[28,28],[4097,2]],[[131020,72578],[-113,-95],[-59,-44]],[[130848,72439],[-47,-36],[-38,-56]],[[130763,72347],[-22,-32],[-48,-5]],[[130693,72310],[-45,-7]],[[130648,72303],[-64,-15],[-75,-66],[-29,-70]],[[130480,72152],[-40,-55],[-149,-20],[-212,-118]],[[130079,71959],[-35,-20],[-73,-63],[-49,-3]],[[129922,71873],[-35,-2]],[[129887,71871],[-71,37],[-50,-12]],[[129766,71896],[-47,-11],[-31,-53],[-50,-6]],[[129638,71826],[-68,4]],[[129570,71830],[-56,16],[-120,8],[-55,33]],[[129339,71887],[-58,35],[-84,19],[-52,5]],[[129145,71946],[-42,0]],[[129103,71946],[-57,-3],[-57,-27]],[[128989,71916],[-70,-31],[-88,-32]],[[128831,71853],[-8,-3]],[[128823,71850],[-84,13],[-40,1]],[[128699,71864],[-38,0],[-164,-58],[-61,-15]],[[128436,71791],[-77,-19],[-35,-49]],[[128324,71723],[-33,-46],[-1,-108]],[[128290,71569],[-32,-95]],[[128258,71474],[-114,-24]],[[128144,71450],[-42,-8]],[[128102,71442],[-14,3]],[[128088,71445],[-200,38]],[[127888,71483],[-83,15],[-156,-50],[13,-111],[10,-26]],[[127672,71311],[33,-86],[45,-40],[-2,-120],[7,-66],[38,-58],[42,-47],[39,-12]],[[127874,70882],[84,-40],[77,-21],[47,-27],[18,-51],[-7,-36]],[[128093,70707],[-26,-134],[-10,-31]],[[128057,70542],[-31,-75]],[[128026,70467],[-19,-36],[-44,-53],[-91,-138],[-16,-50],[-39,-58]],[[127817,70132],[-106,-95],[-51,-34],[-17,-27]],[[127643,69976],[-15,-23],[-50,-46]],[[127578,69907],[-28,-23],[-31,-85]],[[127519,69799],[-14,-38],[-62,-65]],[[127443,69696],[-8,-23]],[[127435,69673],[-23,-66],[-23,-33],[-56,-33],[-20,-31]],[[127313,69510],[-14,-24],[-12,-52]],[[127287,69434],[-6,-31],[4,-89]],[[127285,69314],[-74,-83],[-56,-38]],[[127155,69193],[-26,4]],[[127129,69197],[-57,9],[-39,33],[-19,-2]],[[127014,69237],[-48,-8],[-62,8]],[[126904,69237],[-33,5],[-27,28],[-28,-5]],[[126816,69265],[-5,-9]],[[126811,69256],[-12,-19],[-2,-111]],[[126797,69126],[-56,-33],[-56,-49],[-2,-74]],[[126683,68970],[-17,-60]],[[126666,68910],[-39,-29]],[[126627,68881],[19,-91]],[[126646,68790],[1,-24],[34,-158]],[[126681,68608],[8,-49],[81,-57]],[[126770,68502],[8,-5]],[[126778,68497],[5,-2]],[[126783,68495],[28,-10],[81,-157],[43,-34]],[[126935,68294],[52,-17],[78,-5]],[[127065,68272],[44,-8],[-1,-44]],[[127108,68220],[11,-7]],[[127119,68213],[39,-27],[134,-8],[30,-34]],[[127322,68144],[26,-39]],[[127348,68105],[81,-134],[-7,-106],[-24,-106]],[[127398,67759],[18,-20]],[[127416,67739],[94,-103]],[[127510,67636],[30,-73],[20,-21]],[[127560,67542],[68,-70],[28,-43]],[[127656,67429],[16,-24],[10,-57]],[[127682,67348],[9,-40]],[[127691,67308],[12,-48],[71,-118],[39,-88]],[[127813,67054],[64,-147]],[[127877,66907],[1,-8]],[[127878,66899],[23,-147]],[[127901,66752],[-22,-101]],[[127879,66651],[-28,-18]],[[127851,66633],[-40,-26]],[[127811,66607],[-8,-43]],[[127803,66564],[-10,-51],[-51,-111],[-85,-88],[-84,-21],[-57,-60],[-3,-36]],[[127513,66197],[-3,-37],[0,-195]],[[127510,65965],[2,-44],[59,-97]],[[127571,65824],[45,-83],[43,-55]],[[127659,65686],[32,-11]],[[127691,65675],[68,-13]],[[127759,65662],[5,-6]],[[127764,65656],[39,-45],[36,-58]],[[127839,65553],[63,-60]],[[127902,65493],[104,-169],[70,-90]],[[128076,65234],[64,-87]],[[128140,65147],[30,-42],[49,-84],[49,-96],[30,-12]],[[128298,64913],[65,33],[67,-1],[34,78],[6,44],[2,106]],[[128472,65173],[4,10]],[[128476,65183],[19,40]],[[128495,65223],[16,6]],[[128511,65229],[23,10],[178,-3],[51,55],[7,67],[45,66],[64,-12]],[[128879,65412],[96,-3],[22,22]],[[128997,65431],[26,60]],[[129023,65491],[32,42],[37,11]],[[129092,65544],[30,8],[46,-5]],[[129168,65547],[1,0]],[[129169,65547],[44,-35]],[[129213,65512],[22,-13],[94,-9],[82,-14]],[[129411,65476],[35,-3],[18,14]],[[129464,65487],[26,21],[78,9]],[[129568,65517],[86,-4],[27,-10]],[[129681,65503],[28,-10],[58,-83]],[[129767,65410],[3,-4]],[[129770,65406],[17,-3]],[[129787,65403],[20,4]],[[129807,65407],[18,10],[31,58]],[[129856,65475],[28,31]],[[129884,65506],[119,-2]],[[130003,65504],[71,-1],[40,-18]],[[130114,65485],[72,-58]],[[130186,65427],[33,-33]],[[130219,65394],[12,-16]],[[130231,65378],[71,-46],[74,-11]],[[130376,65321],[110,-21]],[[130486,65300],[76,-25]],[[130562,65275],[71,-24]],[[130633,65251],[36,-11],[63,-36]],[[130732,65204],[1,-1]],[[130733,65203],[45,-38],[23,-59],[-12,-32],[7,-54],[27,-28]],[[130823,64992],[-20,-27]],[[130803,64965],[-36,0],[8,-47],[-24,-23]],[[130751,64895],[-104,-124],[-9,-62],[20,-18]],[[130658,64691],[38,-34],[-4,-71]],[[130692,64586],[-14,-117],[-9,-31]],[[130669,64438],[-65,-218],[-4,-55]],[[130600,64165],[-2,-78],[-44,-39],[-90,-14],[-106,-53],[-74,-52]],[[130284,63929],[-61,-64],[-14,-33]],[[130209,63832],[-39,-95],[-30,-58]],[[130140,63679],[-35,-24],[-69,-68],[-65,-48],[23,-103],[-20,-73],[-1,-73],[-8,-17]],[[129965,63273],[-18,-37],[-20,-73],[-17,-83]],[[129910,63080],[-4,-24]],[[129906,63056],[-1,-12]],[[129905,63044],[-5,-81]],[[129900,62963],[-26,-63],[-49,5]],[[129825,62905],[-53,21]],[[129772,62926],[-1,0]],[[129771,62926],[-79,72]],[[129692,62998],[-56,52]],[[129636,63050],[-83,1],[-40,-21]],[[129513,63030],[-34,-37],[-40,-12]],[[129439,62981],[-49,-16],[-118,-23],[-68,-18],[-65,-63],[-69,-23]],[[129070,62838],[-18,-38]],[[129052,62800],[-22,-45],[-30,-29]],[[129000,62726],[-30,-29],[-54,-19],[-29,1]],[[128887,62679],[-60,-53],[-53,-120]],[[128774,62506],[-17,-46],[-49,-40]],[[128708,62420],[-43,-31]],[[128665,62389],[-32,-20],[-98,-18],[-216,3],[-38,-31]],[[128281,62323],[-16,-12],[-21,-98],[-21,-32]],[[128223,62181],[-24,-36],[-37,-14]],[[128162,62131],[-47,-19],[-88,-18],[-78,1],[-54,15],[-93,1],[-98,-18],[-58,-21]],[[127646,62072],[-31,-12],[-74,-67]],[[127541,61993],[-68,-14]],[[127473,61979],[-153,-27],[-49,-16]],[[127271,61936],[-69,-22],[-123,-28],[-17,-11]],[[127062,61875],[-91,-54]],[[126971,61821],[-40,-21],[-65,-97],[-54,-63],[-27,-57]],[[126785,61583],[-30,-68]],[[126755,61515],[-45,-123]],[[126710,61392],[-59,-63],[-16,-26]],[[126635,61303],[-49,-80],[-20,-21]],[[126566,61202],[-50,-55]],[[126516,61147],[-43,-28]],[[126473,61119],[-31,-12],[-88,6]],[[126354,61113],[-98,50]],[[126256,61163],[-72,1]],[[126184,61164],[-64,29]],[[126120,61193],[-58,27],[-146,95],[-37,16]],[[125879,61331],[-126,50]],[[125753,61381],[-75,25],[-42,29]],[[125636,61435],[-60,41],[-64,10],[-102,2],[-35,-30]],[[125375,61458],[-40,-47],[-40,-12]],[[125295,61399],[-102,-16],[-59,6],[-70,30]],[[125064,61419],[-92,46]],[[124972,61465],[-150,90]],[[124822,61555],[-23,14],[-73,70],[-68,54]],[[124658,61693],[-92,21],[-59,1],[-69,-58],[-23,-51]],[[124415,61606],[-23,-51],[-6,-78],[4,-74],[20,-32]],[[124410,61371],[28,-47],[47,-38]],[[124485,61286],[26,-21],[112,-12],[10,-44],[-2,-107],[-38,-47]],[[124593,61055],[-17,-8]],[[124576,61047],[-103,-41],[-102,6],[-59,-33]],[[124312,60979],[-25,-15]],[[124287,60964],[-40,-53]],[[124247,60911],[-1,-93],[-30,-49],[-89,-42],[-30,-5]],[[124097,60722],[-97,-8],[-123,10]],[[123877,60724],[-48,6],[-83,41],[-39,39]],[[123707,60810],[-25,25]],[[123682,60835],[-28,25],[-98,6],[-38,-28]],[[123518,60838],[-51,-49],[-43,-24]],[[123424,60765],[-70,-24],[-118,2],[-117,16],[-54,1],[-38,21]],[[123027,60781],[-35,19],[-53,49]],[[122939,60849],[-54,6]],[[122885,60855],[-19,-9],[-27,-55]],[[122839,60791],[-29,-101],[-8,-79]],[[122802,60611],[-28,-19],[-44,1],[-67,48]],[[122663,60641],[-31,29]],[[122632,60670],[-53,47]],[[122579,60717],[-62,35],[-83,21],[-137,1],[-93,-13],[-54,-43],[-10,-24]],[[122140,60694],[-26,-64],[-1,-108],[-14,-16]],[[122099,60506],[-31,-37],[-78,-28],[-93,-99]],[[121897,60342],[-13,-18]],[[121884,60324],[-81,-125]],[[121803,60199],[-17,-25],[-21,-63],[-3,-47]],[[121762,60064],[-3,-41]],[[121759,60023],[10,-35]],[[121769,59988],[53,-35],[-1,-58],[-14,-24]],[[121807,59871],[-16,-25],[-39,1],[-39,-15],[-52,-2]],[[121661,59830],[-61,-35]],[[121600,59795],[-25,-15],[-31,-107],[-6,-127]],[[121538,59546],[-3,-230]],[[121535,59316],[-1,-10]],[[121534,59306],[-4,-29]],[[121530,59277],[61,-23]],[[121591,59254],[26,-18]],[[121617,59236],[-91,-37]],[[121526,59199],[-27,-20],[14,-44],[-10,-58]],[[121503,59077],[39,-1],[4,-49],[-10,-49]],[[121536,58978],[132,13],[12,-8]],[[121680,58983],[104,-86],[-10,-10],[58,-54],[69,-6],[68,-35]],[[121969,58792],[33,7]],[[122002,58799],[31,17]],[[122033,58816],[19,-46]],[[122052,58770],[18,-87]],[[122070,58683],[3,-4]],[[122073,58679],[40,-60],[48,-113]],[[122161,58506],[24,-64]],[[122185,58442],[-15,-79]],[[122170,58363],[-12,-77]],[[122158,58286],[38,-74]],[[122196,58212],[50,-26]],[[122246,58186],[72,-44]],[[122318,58142],[96,12]],[[122414,58154],[21,-48],[-1,-78],[9,-29]],[[122443,57999],[24,-94],[-1,-59],[13,-117],[-16,-83],[-52,-23]],[[122411,57623],[-52,-59]],[[122359,57564],[-6,-98],[-30,-58],[-30,-27]],[[122293,57381],[-34,-34]],[[122259,57347],[-25,-31],[-27,-53]],[[122207,57263],[-13,-15],[14,-84],[-2,-166],[-30,-44],[-21,-126],[-1,-89]],[[122154,56739],[0,2]],[[122154,56741],[182,-366],[235,-106]],[[122571,56269],[-76,-110]],[[122495,56159],[-32,-46]],[[122463,56113],[188,-36]],[[122651,56077],[-70,-53]],[[122581,56024],[-40,-31]],[[122541,55993],[37,-14]],[[122578,55979],[77,-29],[-9,-14]],[[122646,55936],[-74,-104],[71,-88],[0,-20]],[[122643,55724],[-1,-3]],[[122642,55721],[-2,-25]],[[122640,55696],[0,-3]],[[122640,55693],[12,-11]],[[122652,55682],[3,-8]],[[122655,55674],[-1,-1]],[[122654,55673],[-2,-1]],[[122652,55672],[-9,0]],[[122643,55672],[-4,-9]],[[122639,55663],[0,-11]],[[122639,55652],[0,-1]],[[122639,55651],[2,-6]],[[122641,55645],[-8,-12]],[[122633,55633],[-11,-8]],[[122622,55625],[-1,-3]],[[122621,55622],[-8,-17]],[[122613,55605],[-2,0]],[[122611,55605],[-10,3]],[[122601,55608],[-6,5]],[[122595,55613],[-15,-10]],[[122580,55603],[0,-15]],[[122580,55588],[0,-1]],[[122580,55587],[-5,-1]],[[122575,55586],[0,-10]],[[122575,55576],[5,-2]],[[122580,55574],[1,0]],[[122581,55574],[1,-5]],[[122582,55569],[0,-1]],[[122582,55568],[-7,-20]],[[122575,55548],[-6,-11]],[[122569,55537],[0,-6]],[[122569,55531],[0,-15]],[[122569,55516],[-4,-7]],[[122565,55509],[-1,-7]],[[122564,55502],[-1,-1]],[[122563,55501],[-7,-21]],[[122556,55480],[0,-8]],[[122556,55472],[4,-63]],[[122560,55409],[4,-12]],[[122564,55397],[9,-12]],[[122573,55385],[5,-7]],[[122578,55378],[-1,-5]],[[122577,55373],[-14,-7]],[[122563,55366],[-7,-3]],[[122556,55363],[-19,-13]],[[122537,55350],[-2,-1]],[[122535,55349],[-1,-2]],[[122534,55347],[-7,-9]],[[122527,55338],[-3,-11]],[[122524,55327],[-6,-31]],[[122518,55296],[3,-16]],[[122521,55280],[-4,-2]],[[122517,55278],[-13,-2]],[[122504,55276],[-12,-4]],[[122492,55272],[-1,-5]],[[122491,55267],[-2,-8]],[[122489,55259],[0,-1]],[[122489,55258],[2,-17]],[[122491,55241],[1,-1]],[[122492,55240],[0,-1]],[[122492,55239],[-3,-5]],[[122489,55234],[-7,-4]],[[122482,55230],[-2,-1]],[[122480,55229],[-2,-10]],[[122478,55219],[6,-13]],[[122484,55206],[8,-6]],[[122492,55200],[10,-8]],[[122502,55192],[3,-12]],[[122505,55180],[42,-16]],[[122547,55164],[13,-11]],[[122560,55153],[7,-46]],[[122567,55107],[9,-23]],[[122576,55084],[-1,0]],[[122575,55084],[-7,-8]],[[122568,55076],[4,-5]],[[122572,55071],[1,-2]],[[122573,55069],[0,-4]],[[122573,55065],[-7,-9]],[[122566,55056],[-1,-10]],[[122565,55046],[6,-14]],[[122571,55032],[16,-18]],[[122587,55014],[1,-4]],[[122588,55010],[0,-8]],[[122588,55002],[17,-9]],[[122605,54993],[1,0]],[[122606,54993],[29,-6],[4,-25]],[[122639,54962],[-8,-14]],[[122631,54948],[-6,-9]],[[122625,54939],[-16,-1]],[[122609,54938],[-27,3]],[[122582,54941],[-9,6]],[[122573,54947],[-5,4]],[[122568,54951],[-6,-11]],[[122562,54940],[-9,-29]],[[122553,54911],[9,-27]],[[122562,54884],[2,-5]],[[122564,54879],[-5,-22]],[[122559,54857],[-21,-22]],[[122538,54835],[-6,-3]],[[122532,54832],[-19,-6]],[[122513,54826],[-26,26]],[[122487,54852],[-9,0]],[[122478,54852],[-6,0]],[[122472,54852],[-18,7]],[[122454,54859],[-18,4]],[[122436,54863],[-49,0]],[[122387,54863],[-1,1]],[[122386,54864],[-49,7]],[[122337,54871],[-2,1]],[[122335,54872],[-3,10]],[[122332,54882],[0,1]],[[122332,54883],[-5,8]],[[122327,54891],[-19,-5]],[[122308,54886],[-10,-3]],[[122298,54883],[-10,-1]],[[122288,54882],[-22,1]],[[122266,54883],[-10,12]],[[122256,54895],[1,11]],[[122257,54906],[0,3]],[[122257,54909],[-1,0]],[[122256,54909],[-23,-6]],[[122233,54903],[-34,2]],[[122199,54905],[-8,-12]],[[122191,54893],[0,-1]],[[122191,54892],[-6,-14]],[[122185,54878],[-4,-5]],[[122181,54873],[-1,-1]],[[122180,54872],[-1,0]],[[122179,54872],[-8,8]],[[122171,54880],[-4,6]],[[122167,54886],[-18,32]],[[122149,54918],[-1,3]],[[122148,54921],[-2,2]],[[122146,54923],[-8,3]],[[122138,54926],[-2,4]],[[122136,54930],[-12,3]],[[122124,54933],[-4,-4]],[[122120,54929],[-1,2]],[[122119,54931],[-4,5]],[[122115,54936],[-14,-4]],[[122101,54932],[-7,-25]],[[122094,54907],[-17,-29]],[[122077,54878],[-4,-2]],[[122073,54876],[-5,0]],[[122068,54876],[-1,-1]],[[122067,54875],[-2,-8]],[[122065,54867],[2,-7]],[[122067,54860],[-3,-6]],[[122064,54854],[-1,-1]],[[122063,54853],[-3,0]],[[122060,54853],[-1,0]],[[122059,54853],[-10,4]],[[122049,54857],[-17,-2]],[[122032,54855],[9,-16]],[[122041,54839],[11,-11]],[[122052,54828],[-3,-2]],[[122049,54826],[-6,2]],[[122043,54828],[-15,-16]],[[122028,54812],[2,-1]],[[122030,54811],[4,-3]],[[122034,54808],[5,-3]],[[122039,54805],[0,-4]],[[122039,54801],[-7,-2]],[[122032,54799],[-11,2]],[[122021,54801],[0,-2]],[[122021,54799],[2,-7]],[[122023,54792],[6,-8]],[[122029,54784],[0,-1]],[[122029,54783],[0,-6]],[[122029,54777],[-23,7]],[[122006,54784],[-2,-1]],[[122004,54783],[-1,-4]],[[122003,54779],[2,-2]],[[122005,54777],[12,-3]],[[122017,54774],[2,-6]],[[122019,54768],[-5,-2]],[[122014,54766],[-3,-9]],[[122011,54757],[1,-1]],[[122012,54756],[-5,-1]],[[122007,54755],[0,-9]],[[122007,54746],[1,-5]],[[122008,54741],[-4,-5]],[[122004,54736],[-4,-1]],[[122000,54735],[-3,0]],[[121997,54735],[1,-4]],[[121998,54731],[10,-6]],[[122008,54725],[4,-9]],[[122012,54716],[30,-26]],[[122042,54690],[2,-3]],[[122044,54687],[0,-2]],[[122044,54685],[-3,-8]],[[122041,54677],[-5,-6]],[[122036,54671],[-1,0]],[[122035,54671],[0,-3]],[[122035,54668],[5,-3]],[[122040,54665],[2,1]],[[122042,54666],[5,3]],[[122047,54669],[10,-2]],[[122057,54667],[5,-5]],[[122062,54662],[2,-7]],[[122064,54655],[1,-6]],[[122065,54649],[-2,-2]],[[122063,54647],[-1,-14]],[[122062,54633],[4,-8]],[[122066,54625],[7,-11]],[[122073,54614],[-4,-13]],[[122069,54601],[-5,-5]],[[122064,54596],[-7,-4]],[[122057,54592],[-2,-1]],[[122055,54591],[-4,-18]],[[122051,54573],[-1,-1]],[[122050,54572],[-6,-4]],[[122044,54568],[-2,-2]],[[122042,54566],[2,-2]],[[122044,54564],[8,-3]],[[122052,54561],[3,-19]],[[122055,54542],[-5,-7]],[[122050,54535],[-5,0]],[[122045,54535],[-6,0]],[[122039,54535],[-5,-10]],[[122034,54525],[0,-7]],[[122034,54518],[-3,-11]],[[122031,54507],[0,-2]],[[122031,54505],[-4,0]],[[122027,54505],[-17,-13]],[[122010,54492],[-4,-10]],[[122006,54482],[-7,-2]],[[121999,54480],[-5,3]],[[121994,54483],[-7,1]],[[121987,54484],[-1,-6]],[[121986,54478],[4,-3]],[[121990,54475],[2,-9]],[[121992,54466],[-3,-1]],[[121989,54465],[-1,0]],[[121988,54465],[1,-26]],[[121989,54439],[-2,-17]],[[121987,54422],[-3,-11]],[[121984,54411],[1,-5]],[[121985,54406],[3,-1]],[[121988,54405],[12,-7]],[[122000,54398],[2,-10]],[[122002,54388],[-71,-2]],[[121931,54386],[-10,-3]],[[121921,54383],[-36,-3]],[[121885,54380],[-13,15]],[[121872,54395],[-5,6]],[[121867,54401],[-13,5]],[[121854,54406],[0,-8]],[[121854,54398],[2,-17]],[[121856,54381],[2,-6]],[[121858,54375],[5,-13]],[[121863,54362],[4,-17]],[[121867,54345],[2,-5]],[[121869,54340],[-20,-7],[1,-40],[-24,-23]],[[121826,54270],[-15,-18]],[[121811,54252],[-3,-8]],[[121808,54244],[5,-5]],[[121813,54239],[7,0]],[[121820,54239],[5,-4]],[[121825,54235],[-7,-14]],[[121818,54221],[-13,-27]],[[121805,54194],[-5,-9]],[[121800,54185],[-9,0]],[[121791,54185],[3,11]],[[121794,54196],[-10,-1]],[[121784,54195],[-6,3]],[[121778,54198],[-1,1]],[[121777,54199],[-29,23]],[[121748,54222],[-4,-3]],[[121744,54219],[-1,0]],[[121743,54219],[-2,-9]],[[121741,54210],[0,-13]],[[121741,54197],[1,-3]],[[121742,54194],[1,-2]],[[121743,54192],[3,-11]],[[121746,54181],[-2,-3]],[[121744,54178],[-8,6]],[[121736,54184],[-3,9]],[[121733,54193],[-7,1]],[[121726,54194],[-3,13]],[[121723,54207],[0,5]],[[121723,54212],[-8,7]],[[121715,54219],[-14,9]],[[121701,54228],[-25,41]],[[121676,54269],[-14,51]],[[121662,54320],[-13,-3]],[[121649,54317],[-3,3]],[[121646,54320],[-3,3]],[[121643,54323],[-8,10]],[[121635,54333],[-15,9]],[[121620,54342],[-52,4]],[[121568,54346],[8,-25]],[[121576,54321],[-8,-7]],[[121568,54314],[-10,-11]],[[121558,54303],[-7,-7]],[[121551,54296],[-23,-6]],[[121528,54290],[5,-31]],[[121533,54259],[2,-3]],[[121535,54256],[-17,-24]],[[121518,54232],[-17,-9]],[[121501,54223],[-5,-19]],[[121496,54204],[-18,-29]],[[121478,54175],[-14,-13]],[[121464,54162],[-14,0]],[[121450,54162],[-18,-9]],[[121432,54153],[0,6]],[[121432,54159],[-1,1]],[[121431,54160],[-6,0]],[[121425,54160],[-34,2]],[[121391,54162],[-14,-8]],[[121377,54154],[-21,6]],[[121356,54160],[-16,10]],[[121340,54170],[-37,21]],[[121303,54191],[-18,5]],[[121285,54196],[-20,-22]],[[121265,54174],[-4,11]],[[121261,54185],[-8,-2]],[[121253,54183],[-17,-14]],[[121236,54169],[-15,2]],[[121221,54171],[-1,0]],[[121220,54171],[-28,-5]],[[121192,54166],[2,-1]],[[121194,54165],[3,-1]],[[121197,54164],[-14,-8]],[[121183,54156],[-21,-22]],[[121162,54134],[-2,-3]],[[121160,54131],[-4,-4]],[[121156,54127],[-6,-3]],[[121150,54124],[-10,-17]],[[121140,54107],[-1,-11]],[[121139,54096],[6,3]],[[121145,54099],[3,1]],[[121148,54100],[6,-69],[-16,-25]],[[121138,54006],[-17,-13]],[[121121,53993],[-5,-2]],[[121116,53991],[-8,11]],[[121108,54002],[-12,18]],[[121096,54020],[-2,-1]],[[121094,54019],[2,-33]],[[121096,53986],[-2,-59]],[[121094,53927],[-1,-13]],[[121093,53914],[-37,-21]],[[121056,53893],[-15,-16]],[[121041,53877],[-17,-2]],[[121024,53875],[7,-17]],[[121031,53858],[7,-12]],[[121038,53846],[-26,-2]],[[121012,53844],[-3,-3]],[[121009,53841],[1,-8]],[[121010,53833],[-18,-9]],[[120992,53824],[-20,-2]],[[120972,53822],[-7,-10]],[[120965,53812],[-6,-8]],[[120959,53804],[-8,6]],[[120951,53810],[-7,3]],[[120944,53813],[-3,-10]],[[120941,53803],[10,-13]],[[120951,53790],[18,-15]],[[120969,53775],[5,-6]],[[120974,53769],[-8,-9]],[[120966,53760],[-51,-12]],[[120915,53748],[-19,-44]],[[120896,53704],[-28,-12]],[[120868,53692],[-1,0]],[[120867,53692],[-12,-8]],[[120855,53684],[-8,-18]],[[120847,53666],[-4,-11]],[[120843,53655],[0,-8]],[[120843,53647],[2,0]],[[120845,53647],[17,-5]],[[120862,53642],[1,-7]],[[120863,53635],[4,-9]],[[120867,53626],[-1,-9]],[[120866,53617],[-16,-11]],[[120850,53606],[-5,-2]],[[120845,53604],[-13,5]],[[120832,53609],[0,1]],[[120832,53610],[-9,-1]],[[120823,53609],[-1,0]],[[120822,53609],[-2,-7]],[[120820,53602],[-5,-8]],[[120815,53594],[0,-1]],[[120815,53593],[-2,0]],[[120813,53593],[-11,1]],[[120802,53594],[-9,3]],[[120793,53597],[-6,5]],[[120787,53602],[-9,6]],[[120778,53608],[-4,-2]],[[120774,53606],[-8,-7]],[[120766,53599],[-2,-2]],[[120764,53597],[-1,-18]],[[120763,53579],[11,-32]],[[120774,53547],[3,-4]],[[120777,53543],[0,-1]],[[120777,53542],[-2,-6]],[[120775,53536],[-10,-20]],[[120765,53516],[-4,-2]],[[120761,53514],[-5,-5]],[[120756,53509],[-1,-1]],[[120755,53508],[-4,-3]],[[120751,53505],[-1,0]],[[120750,53505],[-12,-1]],[[120738,53504],[-15,-19]],[[120723,53485],[-3,-11]],[[120720,53474],[-11,-52]],[[120709,53422],[-3,-15]],[[120706,53407],[-12,-32]],[[120694,53375],[-3,-25]],[[120691,53350],[-10,-5]],[[120681,53345],[-2,0]],[[120679,53345],[-19,-4]],[[120660,53341],[-1,0]],[[120659,53341],[-22,1]],[[120637,53342],[-22,-19]],[[120615,53323],[-2,-14]],[[120613,53309],[-1,-10]],[[120612,53299],[-8,-20]],[[120604,53279],[-18,-16]],[[120586,53263],[-21,-19]],[[120565,53244],[-7,-8]],[[120558,53236],[-9,-12]],[[120549,53224],[-12,-22]],[[120537,53202],[-3,-50]],[[120534,53152],[-4,-16]],[[120530,53136],[0,-1]],[[120530,53135],[2,-19]],[[120532,53116],[1,-3]],[[120533,53113],[9,-18]],[[120542,53095],[13,-11]],[[120555,53084],[8,-9]],[[120563,53075],[12,-2]],[[120575,53073],[-3,-5]],[[120572,53068],[-3,-4]],[[120569,53064],[-5,-1]],[[120564,53063],[-10,-3]],[[120554,53060],[-5,-3]],[[120549,53057],[-17,-17]],[[120532,53040],[-137,-80]],[[120395,52960],[-56,-33]],[[120339,52927],[-37,-1]],[[120302,52926],[-103,0]],[[120199,52926],[-26,0],[-87,-25],[-88,-52]],[[119998,52849],[-32,-48],[-12,-99],[6352,-7114],[18,-26],[127,-21],[26,-12],[60,-5],[50,-34],[48,-7],[99,-2],[48,-8],[67,6],[37,-72],[-9,-50],[-13,-22],[52,-77],[73,-81],[57,-71],[21,-38],[7,-76],[-6,-64],[10,-139],[17,-52],[45,-53],[60,-12],[25,-14],[-4,-111],[-18,-56],[-4,-37],[29,-65],[2,-35],[-21,-92],[-1,-116],[29,-47],[68,-8],[84,-55],[59,-17],[49,-40],[17,-78],[3,-117],[-8,-104],[-30,-58],[-3,-32],[24,-19],[44,-6],[47,10],[54,-36],[42,-44],[51,-95],[-17,-28],[54,-32],[9,-45],[10,-125],[49,-41],[-14,-40],[-75,-51],[-8,-16],[26,-137],[-20,-42],[-86,-82],[-23,-47],[-27,-30],[-32,-12],[-74,-14],[-18,-16],[-15,-75],[-41,-12],[-15,-33],[-16,-83],[-46,-28],[-115,-17],[-46,-15],[-75,7],[-13,-43],[62,-65],[16,-51],[-24,-14],[5,-53],[-37,-3],[-23,14],[-25,-34],[-24,-109],[-40,-31],[-19,-28],[-68,-17],[-13,-34],[22,-72],[-20,-22],[-34,2],[-27,-24],[-52,-18],[-18,-28],[0,-45],[-42,-10],[-27,-42],[-26,-16],[-86,-16],[-63,-38],[-55,-54],[-33,-53],[-64,-55],[22,-52],[27,-11],[12,-50],[-46,-36],[-49,-20],[-32,9],[-60,-29],[-26,-81],[-21,-22],[-52,-21],[-16,-37],[-59,1],[-39,38],[-50,3],[-68,-47],[-77,-8],[-50,16],[-30,-10],[-31,-43],[-22,-11],[-36,30],[-48,-18],[-53,-9],[-22,-64],[-34,-51],[1,-28],[-23,-55],[-42,-29],[-70,4],[-34,26],[-57,-14],[16,-31],[-13,-30],[-26,-8],[-1,-34],[-21,-34],[-63,-16],[-47,-85],[-28,-2],[-70,37],[-19,-4],[-49,17],[-64,39],[-30,35],[-28,-3],[-36,-30],[-40,33],[-53,17],[-29,-10],[-40,18],[-37,-34],[-10,-33],[-32,-22],[-19,-50],[-29,-34],[-5,-41],[10,-56],[16,-24],[-27,-38],[4,-51],[-25,-48],[-9,-40],[-37,-72],[-36,-15],[-77,-2],[-31,-54],[-136,-7],[-11,-25],[9,-37],[-37,-55],[15,-28],[-8,-35],[52,-10],[16,-14],[52,-13],[-9,-40],[64,-131],[-23,-48],[-2,-62],[-25,-31],[11,-69],[21,-47],[12,-61],[-55,-51],[-27,9],[-38,-11],[-42,5],[-26,25],[-42,-11],[-4,-32],[25,-44],[-4,-56],[19,-57],[-5,-45],[-31,-13],[-20,-79],[11,-37],[-87,-24],[-26,7],[-83,-22],[-74,13],[-15,-45],[-4,-60],[-35,9],[-42,-2],[-26,-44],[3,-33],[27,-10],[8,-34],[-41,-35],[-6,-17],[-50,25],[-80,3],[-30,-38],[-31,3],[-17,35],[-44,19],[-73,-8],[-33,20],[-41,-4],[-28,15],[-58,13],[-61,-1],[-17,-13],[-45,13],[-64,-6],[-39,-35],[-76,-26],[-20,13],[-45,-8],[-56,24],[-7,30],[-47,-2],[-25,-60],[-50,9],[-29,-56],[-33,-18],[-41,4],[-30,-20],[-31,-3],[-14,-23],[-61,-3],[-2,-31],[-20,-37],[-47,-12],[-22,-54],[5,-22],[-43,-4],[-32,-24],[-24,-39],[-34,-25],[-20,24],[-24,125],[-30,-10],[-46,15],[-36,2],[-16,49],[-28,14],[-27,-16],[-79,106],[-91,47],[-2,37],[-82,-1],[-9,-27],[-44,-15],[-34,22],[-24,39],[-28,5],[-7,26],[-36,19],[-41,62],[-36,-68],[18,-36],[-128,34],[-14,14],[-47,-7],[-22,41],[-60,22],[-29,-33],[-11,-35],[-22,-11],[-17,31],[-3,41],[-24,38],[-98,11],[-51,-61],[-21,-37],[-28,14],[-44,57],[-31,27],[-54,-28],[-52,12],[-51,-4],[-54,42],[-10,-25],[-28,-21],[-67,-24],[-59,13],[-28,-17],[-10,-91],[-20,-72],[31,-47],[36,-22],[-16,-61],[50,-17],[20,14],[52,-1],[48,-78],[91,-36],[30,-69],[-3,-34],[44,-43],[79,11],[28,-41],[6,-56],[-60,-35],[-13,-27],[-25,-7],[5,-30],[-12,-26],[-58,20],[-78,-11],[-26,20],[-40,-2],[-43,-25],[-11,-37],[-74,-63],[-29,-47],[39,-59],[11,-52],[-57,-1],[-12,-11],[-62,-10],[-53,-19],[-14,-55],[-50,-28],[-49,16],[-71,9],[-25,15],[-47,8],[-50,20],[-43,30],[-42,-20],[-22,14],[-127,-34],[-45,14],[-74,-2],[-15,12],[-16,47],[-21,16],[-92,1],[-27,12],[-74,-75],[-118,-14],[-29,38],[48,16],[29,24],[-24,31],[-69,-4],[-38,36],[-28,5],[-34,-26],[-62,-3],[-13,-14],[4,-76],[-20,-18],[-105,-34],[-20,-47],[-29,-8],[-63,-50],[-45,-13],[-46,6],[-27,-22],[-76,-3],[-65,-20],[-19,-24],[-13,-47],[19,-47],[-8,-31],[-69,-66],[29,-67],[-9,-29],[-37,-60],[37,-34],[39,-17],[5,-42],[-5,-47],[23,-56],[-15,-17],[-74,-27],[-27,-63],[19,-48],[6,-51],[15,-30],[103,-31],[37,-29],[-48,-91],[-42,-31],[-18,-60],[-25,-28],[-51,-14],[-24,-17],[53,-76],[-65,-27],[-43,-10],[-15,-39],[-56,-26],[-32,-63],[-49,-30],[-19,-25],[-4,-32],[-32,-72],[-37,-10],[-11,-28],[-68,9],[-87,-19],[-19,-31],[-81,-16],[-56,-32],[-59,37],[-38,7],[-36,89],[-58,43],[-44,-20],[-64,-74],[-24,-2],[-42,19],[-29,-68],[-27,-48],[-43,-31],[-61,4],[-22,78],[7,29],[-22,29],[-12,66],[-57,-28],[-14,63],[-57,-4],[-74,10],[-59,-5],[-15,-35],[-46,-52],[-20,0],[-62,27],[-56,-38],[-30,16],[-64,6],[-26,-10],[-69,-52],[-40,-7],[-73,-41],[-24,10],[-9,60],[-19,39],[40,32],[20,38],[1,39],[-20,22],[-40,-6],[-79,-49],[-4,-52],[-22,-14],[-53,0],[-26,-14],[-74,2],[-36,-29],[-74,-2],[-37,-25],[-71,-16],[32,-32],[31,-63],[29,-20],[-6,-64],[-21,-19],[-128,-43],[-41,14],[-11,24],[-38,26],[-54,-4],[-12,-33],[-26,-6],[-20,-53],[27,-15],[-50,-74],[-27,-19],[-26,-86],[-28,-4],[-25,29],[-65,-53],[22,-18],[36,-60],[-36,-105],[29,-84],[-5,-49],[-38,1],[-9,-24],[-30,9],[-54,-22],[-13,-25],[-48,-3],[-61,20],[-98,77],[-66,17],[-85,47],[-67,-68],[6,-60],[22,-34],[5,-59],[-35,-43],[-38,7],[-18,32],[-40,-6],[-39,6],[-15,36],[-77,47],[-30,2],[-31,-14],[-27,-41],[-39,5],[-35,17],[-58,-18],[-41,14],[-23,-35],[20,-28],[18,-53],[-9,-40],[9,-31],[-42,-54],[-2,-68],[-19,-36],[10,-41],[-35,-22],[-27,0],[-22,21],[-31,104],[-28,17],[-84,2],[-56,61],[-18,49],[-39,64],[-8,51],[-55,16],[-26,46],[-70,5],[-30,29],[-36,138],[-40,16],[-38,-17],[-49,-53],[-6,-30],[-24,-40],[-47,-28],[-46,-42],[-40,-21],[-75,-9],[-54,-37],[-44,4],[-28,64],[-84,2],[-32,-24],[-4,-23],[-38,-24],[-70,7],[-60,45],[-62,10],[-60,-35],[19,-26],[-9,-129],[18,-93],[-18,-56],[-29,-18],[-80,-3],[-85,51],[-70,9],[4,-72],[-56,-52],[-41,-1],[-25,18],[-63,10],[-12,-9],[5,-61],[-6,-74],[25,-20],[6,-30],[38,-44],[-2,-24],[-72,-49],[-62,17],[-13,-30],[-63,-17],[-19,9],[-55,-12],[-18,-21],[-15,-59],[-44,6],[-61,72],[-124,67],[-102,31],[-62,5],[-59,25],[-24,25],[-26,64],[-4,44],[-46,40],[-45,-6],[-20,-25],[-45,6],[-20,-12],[-81,9],[-20,46],[-44,-11],[-28,19],[-66,27],[-73,-22],[-23,10],[-25,78],[-56,30],[-30,-15],[-88,24],[-52,25],[-81,-21],[-81,41],[-47,69],[-43,9],[-45,-45],[-18,-5],[-58,12],[-28,-15],[-73,6],[-15,24],[-50,-27],[-44,-13],[-32,2],[-49,21],[-25,71],[-65,43],[-57,23],[-6,38],[-27,44],[-4,52],[-45,25],[-44,44],[-27,-30],[4,-48],[-55,5],[-44,16],[-61,56],[-35,44],[-47,23],[-31,-26],[-39,-12],[-20,11],[-27,41],[-40,-3],[-42,12],[-54,-4],[-61,28],[-118,-4],[-27,11],[-38,-22],[-57,-16],[-29,1],[-10,-48],[-27,2],[-117,34],[-26,-29],[20,-33],[-18,-42],[-4,-37],[84,-43],[5,-18],[-28,-43],[-29,-20],[-12,-50],[14,-46],[-17,-26],[-49,-21],[-35,-27],[-66,-16],[-71,10],[-46,41],[-65,46],[-74,29],[-48,-26],[-11,-52],[31,-35],[-25,-46],[-52,7],[-15,-12],[-60,11],[-58,-11],[-63,63],[-33,-4],[-4,-53],[-24,-41],[6,-51],[45,-28],[20,-38],[-14,-31],[-42,4],[-47,-31],[-26,36],[-17,-10],[-18,-122],[19,-23],[-25,-23],[-59,-153],[34,-24],[44,-3],[51,15],[27,19],[15,-38],[-30,-101],[-2,-36],[20,-60],[53,-24],[25,-50],[-31,-70],[-38,-23],[-45,46],[-33,5],[-73,-36],[-28,-33],[-41,-3],[6,-47],[21,-62],[4,-36],[50,-28],[-5,-24],[-26,-19],[-52,2],[-119,-21],[-58,43],[-5,71],[-59,18],[0,32],[-73,44],[-63,4],[-87,84],[-40,-21],[-85,1],[-66,-20],[-29,4],[-49,28],[-34,56],[-51,12],[-46,-7],[-47,-43],[-15,0],[-23,-44],[-4,-40],[-39,-19],[-27,16],[-27,-12],[-40,2],[-68,36],[-41,-8],[-95,-63],[-45,13],[-69,-25],[-30,31],[-57,17],[-92,5],[-28,15],[-56,-4],[-46,24],[-74,-17],[-28,-31],[-67,-9],[-17,-34],[2,-48],[24,-38],[-37,-33],[-104,-37],[-44,-77],[19,-85],[49,-89],[-12,-38],[25,-37],[54,-13],[29,1],[42,-36],[5,-54],[-27,-38],[-22,-69],[-25,-26],[-30,-58],[-15,-51],[-16,-12],[-22,-52],[-53,-27],[-56,-44],[-38,10],[-62,-17],[-10,-49],[20,-125],[-29,-40],[-30,-84],[-4,-109],[26,-17],[5,-26],[62,-62],[33,-15],[-9,-48],[34,-39],[134,-111],[40,-28],[15,-89],[-16,-33],[-40,-31],[-38,-9],[-41,-28],[-58,-7],[1,-31],[22,-13],[135,-119],[59,-30],[38,-5],[69,-70],[135,-40],[14,-33],[-8,-41],[-90,-112],[13,-28],[4,-82],[-9,-28],[-37,-54],[-9,-164],[16,-52],[38,-65],[28,-34],[-13,-59],[4,-70],[22,-208],[-31,-58],[-18,-67],[-81,-43],[-13,-59],[14,-54],[-4,-23],[-28,-13],[-41,14],[-98,75],[-96,80],[-37,22],[-53,48],[-47,15],[-38,38],[-42,92],[-11,77],[-27,44],[-41,31],[-40,15],[-36,-4],[-66,16],[-51,24],[-52,38],[-87,22],[-39,-4],[-20,-18],[-36,-99],[-65,-55],[-22,-73],[-20,-18],[-174,-81],[-94,-88],[-28,-54],[-60,-96],[-60,-40],[-68,-31],[-57,-11],[-65,48],[-46,2],[-32,-21],[-3,-67],[19,-127],[-16,-41],[-55,-70],[-9,-61],[-15,-38],[-32,-12],[-21,-34],[-51,-35],[-29,-30],[-23,-63],[-41,-18],[-14,-29],[-56,13],[-28,-10],[-20,30],[-53,3],[-60,-15],[-28,15],[-54,10],[-33,-4],[-72,29],[-169,136],[-31,64],[-70,73],[-44,26],[-45,39],[-25,63],[4,91],[-35,31],[-52,-14],[-72,15],[-148,116],[-77,20],[-51,24],[-40,84],[30,37],[63,5],[18,18],[13,61],[-32,34],[-5,34],[35,83],[8,121],[44,63],[-45,64],[-53,2],[-28,31],[-47,136],[21,29],[-12,31],[-24,-9],[-104,9],[5,65],[-47,83],[-16,13],[-16,48],[-34,31],[-92,20],[-137,81],[-25,5],[-42,-23],[-89,-7],[-76,21],[-60,-1],[-54,27],[-105,-13],[-19,8],[-59,50],[-94,43],[-21,15],[-78,1],[-47,-28],[-43,-2],[-25,12],[-76,116],[-57,51],[-80,14],[-13,17],[5,70],[29,47],[-19,39],[1,81],[10,26],[-20,39],[5,55],[-50,50],[-12,37],[5,35],[26,57],[74,104],[68,165],[-14,22],[-69,11],[-38,-19],[-86,-20],[-83,12],[-25,21],[-14,45],[-25,19],[-101,-3],[-12,-16],[-44,-2],[-24,23],[-40,-10],[-31,-28],[-22,3],[-22,34],[-41,9],[-65,-51],[-116,10],[-28,30],[-38,15],[-11,62],[-75,4],[-59,44],[-20,45],[-41,54],[-4,38],[-25,23],[-100,35],[-58,0],[-57,30],[-65,16],[-200,110],[-17,21],[-88,53],[-56,14],[-41,-5],[-56,-32],[-70,-4],[-35,8],[-76,-5],[-52,-17],[-27,-19],[-79,-95],[-92,-28],[-4,-52],[16,-29],[39,-10],[59,-75],[79,-69],[38,3],[101,-30],[12,-42],[-21,-69],[6,-22],[55,-65],[-24,-133],[-16,-19],[-50,-17],[-20,-19],[-73,-38],[-60,-60],[34,-63],[-28,-85],[-42,-45],[-37,0],[-69,-82],[-77,-3],[-41,29],[-3,103],[-33,23],[-56,-20],[-26,21],[-5,44],[-40,59],[-50,3],[-111,-89],[-6,-64],[-55,9],[-31,-54],[-5,-69],[73,-58],[9,-49],[-6,-63],[-30,14],[-22,67],[-34,13],[-34,-20],[-40,-2],[-68,68],[-26,8],[-70,-10],[-52,50],[-29,57],[-33,-17],[-94,0],[-46,115],[8,76],[-33,47],[-27,9],[-54,-11],[-44,16],[-117,100],[-80,13],[-58,45],[49,65],[46,-1],[10,34],[-8,28],[-76,55],[-91,131],[-14,41],[-48,42],[-45,77],[-22,55],[-29,50],[-225,188],[-26,-32],[26,-82],[-12,-69],[45,-65],[-18,-42],[-58,-16],[-117,-113],[-56,-154],[-4,-113],[-29,-27],[-177,-29],[-92,47],[-270,22],[-48,22],[-56,-23],[-60,3],[-47,37],[-9,43],[33,61],[-51,64],[-78,44],[-97,37],[-31,-54],[-59,3],[-21,14],[-38,-13],[-24,-33],[-73,16],[-51,-26],[-96,4],[-29,20],[-37,-1],[-35,36],[-33,4],[-40,-24],[-48,24],[-66,0],[-36,11],[-46,41],[-121,34],[-112,-9],[-48,-17],[-11,-41],[-38,-73],[-42,25],[-62,-18],[10,-40],[-26,-7],[-11,39],[-21,5],[-43,-15],[-22,-25],[-46,-16],[-98,98],[-38,-8],[-39,-41],[-35,-5],[-23,-48],[-55,-18],[-70,-48],[-31,-110],[-33,-70],[-1,-33],[-30,1],[-4,-26],[-34,-22],[-11,-32],[-34,-32],[-43,-18],[-29,-25],[-10,-37],[40,-31],[-18,-23],[-53,-6],[-36,-59],[-12,5],[-3,64],[-13,43],[-51,50],[-22,104],[-36,34],[-23,0],[-25,-31],[-74,30],[-51,42],[-8,69],[-16,-2],[-9,123],[-59,74],[-33,7],[6,33],[-11,118],[-37,66],[-31,30],[3,50],[-29,61],[-4,36],[-51,57],[-124,7],[-31,-52],[-11,-40],[-33,-27],[-14,-52],[-28,40],[-3,85],[-27,30],[-43,13],[-2,35],[-37,73],[-11,41],[-31,40],[-7,33],[-31,51],[-36,42],[-27,83],[6,44],[-11,18],[-34,1],[-32,21],[-30,37],[-19,1],[-20,46],[-73,72],[-21,69],[-29,30],[17,89],[-23,32],[-45,-8],[-6,67],[-24,18],[-116,10],[-37,33],[-35,70],[0,56],[-10,47],[-30,21],[6,87],[-32,39],[-66,9],[-17,-59],[-16,-26],[-37,-27],[-23,23],[-66,-16],[-36,28],[-28,-6],[-8,-32],[-35,-24],[-24,28],[-42,-25],[-36,5],[-27,48],[-39,30],[-62,19],[-30,34],[-54,7],[-76,55],[-134,76],[-83,20],[-231,98],[-71,53],[-24,95],[-134,18],[-212,123],[-39,33],[-17,37],[-30,-14],[-14,-24],[11,-111],[-10,-48],[-67,-145],[-47,-21],[-90,-14],[-34,-40],[-99,-7],[-29,13],[-16,31],[23,43],[4,77],[-15,27],[-53,-12],[-42,18],[-29,-27],[-35,1],[-22,-43],[-67,7],[-37,29],[-98,-3],[-4,-39],[-26,-25],[-58,-3],[-31,11],[-112,-26],[-90,-4],[-47,41],[6,36],[-38,24],[-22,-6],[-32,-73],[-13,-51],[-38,-15],[0,-39],[-27,-30],[-32,-63],[-69,1],[-24,21],[-77,23],[-17,26],[19,34],[-8,17],[-42,15],[-40,32],[-45,-29],[-22,26],[-20,64],[-42,8],[-28,44],[-59,11],[-49,34],[-53,16],[-24,-9],[-55,-104],[-124,-50],[-39,1],[-90,-63],[-7,-27],[14,-55],[-68,-18],[-95,-57],[-56,-16],[-90,-68],[-74,-20],[-28,31],[-85,11],[-21,26],[-20,45],[-43,20],[-63,-1],[-27,16],[-58,-5],[-130,-52],[-46,26],[-156,45],[-8,54],[13,114],[-18,30],[-89,25],[-24,27],[33,30],[35,136],[-32,8],[-38,-32],[-74,8],[-123,82],[-15,39],[24,53],[-113,51],[-24,38],[5,59],[-52,113],[1,148],[22,83],[54,48],[13,34]],[[130848,72439],[-47,-36],[-38,-56]],[[130693,72310],[-45,-7]],[[130480,72152],[-40,-55],[-149,-20],[-212,-118]],[[129922,71873],[-35,-2]],[[129766,71896],[-47,-11],[-31,-53],[-50,-6]],[[129570,71830],[-56,16],[-120,8],[-55,33]],[[129145,71946],[-42,0]],[[128989,71916],[-70,-31],[-88,-32]],[[128823,71850],[-84,13],[-40,1]],[[128436,71791],[-77,-19],[-35,-49]],[[128290,71569],[-32,-95]],[[128144,71450],[-42,-8]],[[128088,71445],[-200,38]],[[127672,71311],[33,-86],[45,-40],[-2,-120],[7,-66],[38,-58],[42,-47],[39,-12]],[[128093,70707],[-26,-134],[-10,-31]],[[128026,70467],[-19,-36],[-44,-53],[-91,-138],[-16,-50],[-39,-58]],[[127643,69976],[-15,-23],[-50,-46]],[[127519,69799],[-14,-38],[-62,-65]],[[127435,69673],[-23,-66],[-23,-33],[-56,-33],[-20,-31]],[[127287,69434],[-6,-31],[4,-89]],[[127155,69193],[-26,4]],[[127014,69237],[-48,-8],[-62,8]],[[126816,69265],[-5,-9]],[[126797,69126],[-56,-33],[-56,-49],[-2,-74]],[[126666,68910],[-39,-29]],[[126646,68790],[1,-24],[34,-158]],[[126770,68502],[8,-5]],[[126783,68495],[28,-10],[81,-157],[43,-34]],[[127065,68272],[44,-8],[-1,-44]],[[127119,68213],[39,-27],[134,-8],[30,-34]],[[127348,68105],[81,-134],[-7,-106],[-24,-106]],[[127416,67739],[94,-103]],[[127560,67542],[68,-70],[28,-43]],[[127682,67348],[9,-40]],[[127813,67054],[64,-147]],[[127878,66899],[23,-147]],[[127879,66651],[-28,-18]],[[127811,66607],[-8,-43]],[[127513,66197],[-3,-37],[0,-195]],[[127571,65824],[45,-83],[43,-55]],[[127691,65675],[68,-13]],[[127764,65656],[39,-45],[36,-58]],[[127902,65493],[104,-169],[70,-90]],[[128140,65147],[30,-42],[49,-84],[49,-96],[30,-12]],[[128472,65173],[4,10]],[[128495,65223],[16,6]],[[128879,65412],[96,-3],[22,22]],[[129023,65491],[32,42],[37,11]],[[129168,65547],[1,0]],[[129213,65512],[22,-13],[94,-9],[82,-14]],[[129464,65487],[26,21],[78,9]],[[129681,65503],[28,-10],[58,-83]],[[129770,65406],[17,-3]],[[129807,65407],[18,10],[31,58]],[[129884,65506],[119,-2]],[[130114,65485],[72,-58]],[[130219,65394],[12,-16]],[[130376,65321],[110,-21]],[[130562,65275],[71,-24]],[[130732,65204],[1,-1]],[[130823,64992],[-20,-27]],[[130751,64895],[-104,-124],[-9,-62],[20,-18]],[[130692,64586],[-14,-117],[-9,-31]],[[130600,64165],[-2,-78],[-44,-39],[-90,-14],[-106,-53],[-74,-52]],[[130209,63832],[-39,-95],[-30,-58]],[[129965,63273],[-18,-37],[-20,-73],[-17,-83]],[[129906,63056],[-1,-12]],[[129900,62963],[-26,-63],[-49,5]],[[129772,62926],[-1,0]],[[129692,62998],[-56,52]],[[129513,63030],[-34,-37],[-40,-12]],[[129070,62838],[-18,-38]],[[129000,62726],[-30,-29],[-54,-19],[-29,1]],[[128774,62506],[-17,-46],[-49,-40]],[[128665,62389],[-32,-20],[-98,-18],[-216,3],[-38,-31]],[[128223,62181],[-24,-36],[-37,-14]],[[127646,62072],[-31,-12],[-74,-67]],[[127473,61979],[-153,-27],[-49,-16]],[[127062,61875],[-91,-54]],[[126785,61583],[-30,-68]],[[126710,61392],[-59,-63],[-16,-26]],[[126566,61202],[-50,-55]],[[126473,61119],[-31,-12],[-88,6]],[[126256,61163],[-72,1]],[[126120,61193],[-58,27],[-146,95],[-37,16]],[[125753,61381],[-75,25],[-42,29]],[[125375,61458],[-40,-47],[-40,-12]],[[125064,61419],[-92,46]],[[124822,61555],[-23,14],[-73,70],[-68,54]],[[124415,61606],[-23,-51],[-6,-78],[4,-74],[20,-32]],[[124485,61286],[26,-21],[112,-12],[10,-44],[-2,-107],[-38,-47]],[[124576,61047],[-103,-41],[-102,6],[-59,-33]],[[124287,60964],[-40,-53]],[[124097,60722],[-97,-8],[-123,10]],[[123707,60810],[-25,25]],[[123518,60838],[-51,-49],[-43,-24]],[[123027,60781],[-35,19],[-53,49]],[[122885,60855],[-19,-9],[-27,-55]],[[122802,60611],[-28,-19],[-44,1],[-67,48]],[[122632,60670],[-53,47]],[[122140,60694],[-26,-64],[-1,-108],[-14,-16]],[[121897,60342],[-13,-18]],[[121803,60199],[-17,-25],[-21,-63],[-3,-47]],[[121759,60023],[10,-35]],[[121807,59871],[-16,-25],[-39,1],[-39,-15],[-52,-2]],[[121600,59795],[-25,-15],[-31,-107],[-6,-127]],[[121535,59316],[-1,-10]],[[121530,59277],[61,-23]],[[121617,59236],[-91,-37]],[[121503,59077],[39,-1],[4,-49],[-10,-49]],[[121680,58983],[104,-86],[-10,-10],[58,-54],[69,-6],[68,-35]],[[122002,58799],[31,17]],[[122052,58770],[18,-87]],[[122073,58679],[40,-60],[48,-113]],[[122185,58442],[-15,-79]],[[122158,58286],[38,-74]],[[122246,58186],[72,-44]],[[122414,58154],[21,-48],[-1,-78],[9,-29]],[[122411,57623],[-52,-59]],[[122293,57381],[-34,-34]],[[122207,57263],[-13,-15],[14,-84],[-2,-166],[-30,-44],[-21,-126],[-1,-89]],[[122154,56741],[182,-366],[235,-106]],[[122495,56159],[-32,-46]],[[122651,56077],[-70,-53]],[[122541,55993],[37,-14]],[[122646,55936],[-74,-104],[71,-88],[0,-20]],[[122642,55721],[-2,-25]],[[122640,55693],[12,-11]],[[122655,55674],[-1,-1]],[[122652,55672],[-9,0]],[[122639,55663],[0,-11]],[[122639,55651],[2,-6]],[[122633,55633],[-11,-8]],[[122621,55622],[-8,-17]],[[122611,55605],[-10,3]],[[122595,55613],[-15,-10]],[[122580,55588],[0,-1]],[[122575,55576],[5,-2]],[[122581,55574],[1,-5]],[[122582,55568],[-7,-20]],[[122569,55537],[0,-6]],[[122569,55516],[-4,-7]],[[122564,55502],[-1,-1]],[[122556,55480],[0,-8]],[[122560,55409],[4,-12]],[[122573,55385],[5,-7]],[[122577,55373],[-14,-7]],[[122556,55363],[-19,-13]],[[122535,55349],[-1,-2]],[[122527,55338],[-3,-11]],[[122518,55296],[3,-16]],[[122517,55278],[-13,-2]],[[122492,55272],[-1,-5]],[[122489,55259],[0,-1]],[[122491,55241],[1,-1]],[[122492,55239],[-3,-5]],[[122482,55230],[-2,-1]],[[122478,55219],[6,-13]],[[122492,55200],[10,-8]],[[122505,55180],[42,-16]],[[122547,55164],[13,-11]],[[122567,55107],[9,-23]],[[122575,55084],[-7,-8]],[[122572,55071],[1,-2]],[[122573,55065],[-7,-9]],[[122565,55046],[6,-14]],[[122587,55014],[1,-4]],[[122588,55002],[17,-9]],[[122606,54993],[29,-6],[4,-25]],[[122631,54948],[-6,-9]],[[122609,54938],[-27,3]],[[122573,54947],[-5,4]],[[122562,54940],[-9,-29]],[[122562,54884],[2,-5]],[[122559,54857],[-21,-22]],[[122532,54832],[-19,-6]],[[122487,54852],[-9,0]],[[122472,54852],[-18,7]],[[122436,54863],[-49,0]],[[122386,54864],[-49,7]],[[122335,54872],[-3,10]],[[122332,54883],[-5,8]],[[122308,54886],[-10,-3]],[[122288,54882],[-22,1]],[[122256,54895],[1,11]],[[122257,54909],[-1,0]],[[122233,54903],[-34,2]],[[122191,54893],[0,-1]],[[122185,54878],[-4,-5]],[[122180,54872],[-1,0]],[[122171,54880],[-4,6]],[[122149,54918],[-1,3]],[[122146,54923],[-8,3]],[[122136,54930],[-12,3]],[[122120,54929],[-1,2]],[[122115,54936],[-14,-4]],[[122094,54907],[-17,-29]],[[122073,54876],[-5,0]],[[122067,54875],[-2,-8]],[[122067,54860],[-3,-6]],[[122063,54853],[-3,0]],[[122059,54853],[-10,4]],[[122032,54855],[9,-16]],[[122052,54828],[-3,-2]],[[122043,54828],[-15,-16]],[[122030,54811],[4,-3]],[[122039,54805],[0,-4]],[[122032,54799],[-11,2]],[[122021,54799],[2,-7]],[[122029,54784],[0,-1]],[[122029,54777],[-23,7]],[[122004,54783],[-1,-4]],[[122005,54777],[12,-3]],[[122019,54768],[-5,-2]],[[122011,54757],[1,-1]],[[122007,54755],[0,-9]],[[122008,54741],[-4,-5]],[[122000,54735],[-3,0]],[[121998,54731],[10,-6]],[[122012,54716],[30,-26]],[[122044,54687],[0,-2]],[[122041,54677],[-5,-6]],[[122035,54671],[0,-3]],[[122040,54665],[2,1]],[[122047,54669],[10,-2]],[[122062,54662],[2,-7]],[[122065,54649],[-2,-2]],[[122062,54633],[4,-8]],[[122073,54614],[-4,-13]],[[122064,54596],[-7,-4]],[[122055,54591],[-4,-18]],[[122051,54573],[-1,-1]],[[122044,54568],[-2,-2]],[[122044,54564],[8,-3]],[[122055,54542],[-5,-7]],[[122045,54535],[-6,0]],[[122034,54525],[0,-7]],[[122031,54507],[0,-2]],[[122027,54505],[-17,-13]],[[122010,54492],[-4,-10]],[[121999,54480],[-5,3]],[[121987,54484],[-1,-6]],[[121990,54475],[2,-9]],[[121989,54465],[-1,0]],[[121989,54439],[-2,-17]],[[121984,54411],[1,-5]],[[121988,54405],[12,-7]],[[122000,54398],[2,-10]],[[121931,54386],[-10,-3]],[[121885,54380],[-13,15]],[[121867,54401],[-13,5]],[[121854,54398],[2,-17]],[[121858,54375],[5,-13]],[[121867,54345],[2,-5]],[[121826,54270],[-15,-18]],[[121808,54244],[5,-5]],[[121825,54235],[-7,-14]],[[121805,54194],[-5,-9]],[[121791,54185],[3,11]],[[121784,54195],[-6,3]],[[121748,54222],[-4,-3]],[[121743,54219],[-2,-9]],[[121741,54197],[1,-3]],[[121743,54192],[3,-11]],[[121744,54178],[-8,6]],[[121733,54193],[-7,1]],[[121723,54207],[0,5]],[[121715,54219],[-14,9]],[[121676,54269],[-14,51]],[[121649,54317],[-3,3]],[[121643,54323],[-8,10]],[[121620,54342],[-52,4]],[[121576,54321],[-8,-7]],[[121558,54303],[-7,-7]],[[121528,54290],[5,-31]],[[121535,54256],[-17,-24]],[[121501,54223],[-5,-19]],[[121478,54175],[-14,-13]],[[121450,54162],[-18,-9]],[[121432,54159],[-1,1]],[[121425,54160],[-34,2]],[[121377,54154],[-21,6]],[[121340,54170],[-37,21]],[[121285,54196],[-20,-22]],[[121261,54185],[-8,-2]],[[121253,54183],[-17,-14]],[[121221,54171],[-1,0]],[[121192,54166],[2,-1]],[[121197,54164],[-14,-8]],[[121162,54134],[-2,-3]],[[121156,54127],[-6,-3]],[[121140,54107],[-1,-11]],[[121145,54099],[3,1]],[[121138,54006],[-17,-13]],[[121116,53991],[-8,11]],[[121096,54020],[-2,-1]],[[121096,53986],[-2,-59]],[[121093,53914],[-37,-21]],[[121041,53877],[-17,-2]],[[121031,53858],[7,-12]],[[121012,53844],[-3,-3]],[[121010,53833],[-18,-9]],[[120972,53822],[-7,-10]],[[120959,53804],[-8,6]],[[120944,53813],[-3,-10]],[[120951,53790],[18,-15]],[[120974,53769],[-8,-9]],[[120915,53748],[-19,-44]],[[120868,53692],[-1,0]],[[120855,53684],[-8,-18]],[[120843,53647],[2,0]],[[120862,53642],[1,-7]],[[120867,53626],[-1,-9]],[[120850,53606],[-5,-2]],[[120832,53609],[0,1]],[[120823,53609],[-1,0]],[[120820,53602],[-5,-8]],[[120815,53593],[-2,0]],[[120802,53594],[-9,3]],[[120787,53602],[-9,6]],[[120774,53606],[-8,-7]],[[120764,53597],[-1,-18]],[[120774,53547],[3,-4]],[[120775,53536],[-10,-20]],[[120756,53509],[-1,-1]],[[120751,53505],[-1,0]],[[120738,53504],[-15,-19]],[[120720,53474],[-11,-52]],[[120706,53407],[-12,-32]],[[120691,53350],[-10,-5]],[[120679,53345],[-19,-4]],[[120660,53341],[-1,0]],[[120637,53342],[-22,-19]],[[120613,53309],[-1,-10]],[[120604,53279],[-18,-16]],[[120565,53244],[-7,-8]],[[120549,53224],[-12,-22]],[[120534,53152],[-4,-16]],[[120530,53135],[2,-19]],[[120533,53113],[9,-18]],[[120555,53084],[8,-9]],[[120575,53073],[-3,-5]],[[120569,53064],[-5,-1]],[[120554,53060],[-5,-3]],[[120532,53040],[-137,-80]],[[120339,52927],[-37,-1]],[[120199,52926],[-26,0],[-87,-25],[-88,-52]],[[14521,79866],[45,10],[51,-46],[78,-38],[36,-47],[39,-36],[6,-39],[41,19],[29,-19],[98,-38],[57,-11],[25,-23],[46,0],[45,-19],[13,-20],[52,-29],[39,11],[32,-8],[30,-51],[105,-54],[49,-15],[20,-79],[32,-16],[3,-44],[88,-87],[-1,-24],[20,-34],[-4,-25],[47,-81],[3,-52],[13,-46],[49,-25],[28,-46],[54,-49],[29,-46],[17,-46],[-12,-30],[34,-69],[16,-82],[15,-20],[34,-79],[8,-56],[-8,-57],[-17,-25],[11,-20],[6,-69],[-6,-40],[-39,-51],[1,-32],[-34,-49],[-28,-10],[2,-26],[-31,-34],[-82,-68],[-3,-21],[-28,-21],[13,-55],[-57,-72],[-54,-24],[-40,-52],[-6,-47],[22,-45],[47,-43],[39,-57],[2,-43],[-30,-47],[-46,-32],[-48,-43],[-26,-56],[-11,-75],[-20,-47],[5,-60],[-9,-21],[20,-55],[26,-31],[91,-70],[12,-49],[-49,-68],[-151,-80],[-70,-56],[-58,-101],[-14,-14],[-47,-10],[-37,-90],[-16,-51],[-55,-40],[-35,-15],[-19,-78],[-35,-53],[-63,-71],[-63,-48],[-143,-154],[-19,-82],[-46,-71],[-22,-53],[-17,-18],[-67,-25],[-3,-46],[-32,-59],[8,-55],[-14,-54],[26,-22],[43,-56],[31,-54],[-15,-114],[6,-24],[41,-42],[25,-6],[63,50],[143,18],[6,67],[-9,65],[46,-8],[90,3],[54,22],[72,-72],[0,-29],[51,-30],[29,-42],[52,-29],[64,1],[59,-29],[33,-60],[28,-14],[27,-33],[21,-109],[2,-67],[54,-33],[14,-41],[18,-15],[80,-10],[55,1],[39,-38],[20,-2],[27,-35],[-6,-31],[35,-35],[3,-29],[23,-24],[33,6],[39,-24],[43,-61],[6,-31],[-12,-37],[23,-30],[-12,-31],[17,-18],[55,-28],[-11,-66],[23,-33],[24,-61],[50,-39],[38,-20],[7,-18],[39,-11],[35,-35],[31,-7],[130,-61],[75,38],[51,8],[54,-19],[14,-15],[-34,-37],[-11,-44],[10,-42],[27,-16],[71,9],[50,-57],[6,-32],[23,-32],[55,-22],[30,-38],[47,-31],[51,-10],[31,12],[-11,31],[69,68],[12,31],[39,18],[39,63],[46,17],[68,62],[24,42],[58,9],[27,-12],[75,43],[15,40],[41,29],[64,9],[25,27],[58,35],[39,-37],[59,-22],[78,-62],[130,-59],[13,-71],[30,-86],[-8,-78],[-42,-118],[8,-60],[10,-11],[45,5],[67,-37],[28,-89],[29,-18],[44,-66],[121,27],[37,-21]],[[18532,71953],[5,-24],[-16,-29],[0,-64],[-34,-25],[-18,-42],[-28,-25],[-9,-45],[12,-36],[-9,-25],[41,-42],[45,-83],[-28,-54],[-58,-79],[-17,-68],[2,-72],[-33,-38],[-20,-52],[-42,-73],[57,-52],[29,-8],[31,-28],[24,-57],[69,-73],[6,-62],[-29,-37],[12,-19],[50,-20],[33,-76],[42,-5],[20,-28],[12,-111],[20,-98],[37,-114],[1,-115]],[[18739,70174],[-32,-15],[-14,-51],[-44,-45],[20,-35],[36,19],[46,3],[23,-18],[1,-35],[-70,-67],[-37,-45],[7,-42],[73,-15],[-22,-41],[-59,6],[-7,-26],[31,-63],[-56,-72],[3,-46],[65,-67],[41,4],[12,23],[-32,62],[7,29],[25,16],[73,-1],[44,31],[28,6],[8,-26],[-35,-69],[9,-28],[56,-43],[41,-7],[53,-42],[30,-9],[57,27],[76,-43],[33,-2],[56,18],[13,-32],[-33,-4],[-19,-19],[-5,-69],[60,-16],[79,-5],[48,-19],[66,26],[14,-27],[-36,-30],[-9,-92],[27,-53],[-26,-12],[-99,25],[-18,31],[-29,-9],[4,-33],[35,-52],[97,-17],[40,-15],[30,16],[12,39],[34,-5],[-13,-33],[23,-15],[16,36],[47,-1],[3,-67],[31,-23],[46,-9],[-1,-53],[-25,-38],[-34,3],[-35,34],[-22,-1],[-14,-29],[14,-35],[39,-18],[34,3],[13,-24],[-15,-33],[15,-34],[23,-1],[33,58],[27,-1],[17,-48],[18,-8],[49,32],[60,3],[14,-67],[55,-77],[2,-26],[-23,-27],[-43,-21],[-9,-27],[17,-27],[44,-6],[20,14],[18,51],[30,6],[59,-15],[47,42],[43,8],[37,-10],[41,17],[40,56],[38,-15],[-4,-60],[-13,-52],[18,-31],[27,-10],[54,5],[57,-15],[16,-36],[-43,-58],[-103,-84],[-43,-29],[-35,-2],[-32,21],[-62,18],[-62,-3],[-86,-32],[-46,2],[-90,51],[-35,5],[-124,-44],[-24,44],[-39,7],[-31,-42],[-51,38],[-26,-6],[-56,17],[2,61],[-19,51],[-57,45],[-99,65],[-36,5],[-29,-11],[-61,40],[-39,-3],[-39,-45],[-60,-32],[-39,-3],[-45,-33],[-91,10],[-74,15],[-43,-18],[-68,49],[-45,18],[-49,46],[-67,11],[-23,33],[-85,3],[-47,43],[-17,49],[-37,-1],[-43,-44],[-48,-21],[-87,24],[-48,-43],[-28,1],[-46,68],[-23,14],[-46,8],[-27,28],[-26,8],[-33,-48],[13,-37],[-41,-70],[-45,-9],[-55,19],[-31,26],[6,41],[-11,27],[-54,45],[-21,-13],[5,-59],[-32,-39],[-27,10],[-11,30],[-53,31],[-37,-1],[-69,-32],[-34,6],[-46,29],[-25,40],[-55,29],[-31,-18],[-17,-60],[-31,-16],[-23,28],[7,31],[-17,48],[-28,3],[-44,-14],[-21,15],[-16,43],[-101,11],[-78,65],[-35,1],[-74,25],[-31,-8],[-10,-56],[-29,-21],[-51,39],[-23,3],[-33,-20],[-23,2],[-87,63],[-34,-24],[-6,-35],[17,-24],[1,-50],[-40,-27],[-38,15],[-36,50],[-26,13],[-63,11],[-40,-2],[-54,-50],[-21,6],[-27,36],[-43,29],[-37,56],[-52,-14],[-18,-44],[17,-43],[31,-27],[9,-32],[-26,-20],[-91,-1],[-50,-34],[-26,3],[-52,36],[48,72],[-6,28],[-27,18],[-68,-41],[-59,3],[-14,20],[-10,53],[-47,-9],[0,-35],[37,-43],[-11,-33],[-22,-12],[-38,7],[-32,21],[-41,12],[-76,6],[-39,-7],[-48,-21],[-36,-1],[-16,-39],[15,-56],[-32,-39],[-37,-8],[-41,26],[-20,42],[-39,-12],[17,-29],[-5,-67],[-30,-6],[-61,-38],[-52,17],[-60,-24],[-42,-38],[-47,-10],[39,-38],[40,-19],[24,53],[33,-3],[22,-19],[0,-30],[30,-17],[50,15],[23,-16],[-6,-35],[28,-15],[21,25],[2,62],[27,3],[83,-56],[18,-32],[1,-30]],[[9511,67531],[-229,35],[-1,34],[14,43],[-50,118],[8,41],[-10,13],[13,51],[-24,41],[12,85],[-37,67],[0,50],[-27,77],[-69,59],[0,34],[-24,23],[-16,43],[-29,24],[-23,-6],[-54,13],[-41,27],[-23,32],[32,72],[-1,45],[-12,20],[18,151],[-12,14],[30,29],[2,46],[32,19],[-2,32],[34,54],[20,2],[29,34],[6,29],[34,39],[2,72],[24,17],[5,70],[-11,77],[-52,145],[-21,40],[-45,30],[3,37],[-17,26],[8,35],[-45,143],[0,18],[-27,77],[-16,10],[-18,46],[8,58],[20,36],[-13,40],[5,62],[15,12],[-31,39],[21,50],[-5,58],[21,33],[-15,18],[-1,45],[-18,37],[18,94],[-13,23],[50,139],[-16,36],[3,97],[-13,12],[15,50],[6,96],[-14,23],[10,58],[-5,30],[-22,17],[1,100],[32,43],[-4,39],[24,80],[-6,35],[10,30],[-15,31],[14,34],[-6,59],[24,49],[39,8],[4,20],[38,15],[27,47],[0,35],[21,27],[38,91],[18,12],[7,37],[-29,29],[7,24],[-20,61],[33,51],[-3,39],[-22,26],[42,24],[2,36],[16,28],[-7,38],[-35,23],[10,38],[-13,38],[-42,66],[-37,12],[-16,90],[35,37],[-33,20],[-6,44],[-21,41],[21,67],[-30,28],[-25,47],[-35,-5],[-7,20],[21,33],[-40,19],[-35,-9],[-19,46],[-52,11],[-24,21],[-52,0],[-12,24],[13,44],[54,32],[-16,47],[10,25],[37,34],[27,40],[40,32],[17,34],[26,9],[56,-6],[74,31],[70,-30],[17,15],[-15,36],[38,46],[37,-9],[7,19],[-31,22],[36,18],[-21,43],[27,26],[28,60],[50,4],[18,-22],[55,4],[23,35],[39,32],[-12,69],[-21,35],[5,19],[46,23],[-12,31],[24,48],[38,25],[-18,65],[-29,16],[3,36],[72,5],[31,14],[30,-8],[71,-47],[25,50],[24,4],[71,-16],[65,-45],[-9,-19],[28,-42],[2,-28],[74,-10],[24,-13],[23,-76],[42,-15],[75,-53],[14,36],[24,115],[-67,114],[2,18],[48,21],[25,40],[-18,164],[3,32],[-18,35],[0,47],[-32,104],[17,47],[0,29],[-25,36],[-39,5],[-11,15],[-75,15],[-43,36],[-25,66],[0,68],[75,116],[54,15],[-15,52],[-27,48],[25,15],[-33,39],[35,34],[-44,5],[-5,23],[24,39],[0,37],[50,6],[1,21],[41,15],[6,42],[-4,61],[-30,43],[-17,49],[-3,43],[-44,39],[11,99],[-38,-20],[-1,38],[-25,27],[8,45],[-56,33],[-23,55],[20,42],[-7,23],[-40,25],[18,17],[-60,119],[2,35],[-27,70],[17,28],[-21,22],[-14,48],[-43,37],[-4,35],[26,4],[11,89],[41,88],[-23,16],[9,34],[-28,38],[30,76],[-4,47],[24,24],[-19,29],[39,11],[5,108],[-52,14],[-22,30],[-42,11],[-21,57],[35,21],[-31,20],[-2,30],[27,43],[-25,28],[2,28],[52,-4],[12,23],[-16,39],[-40,11],[23,41],[-25,38],[-46,19],[-53,-33],[-4,74],[-30,20]],[[9592,77212],[44,41],[9,62],[-7,38],[-33,51],[-7,28],[23,54],[46,16],[40,-4],[20,18],[-24,40],[-66,15],[-8,28],[62,-2],[40,18],[12,21],[-8,64],[90,30],[24,31],[6,78],[22,16],[40,-13],[20,-43],[42,-18],[5,30],[-17,36],[16,14],[81,-1],[39,15],[36,61],[7,69],[-7,90],[26,59],[7,32],[-38,39],[-57,7],[-25,19],[-2,42],[34,37],[74,23],[24,23],[-1,34],[-38,43],[-1,39],[37,54],[13,0]],[[10192,78546],[33,0],[94,-266],[94,-142],[27,-148],[-4,-104],[4,-50],[35,-243],[97,-141],[5,-156],[924,465],[574,76],[693,0],[188,-7],[282,236],[469,405],[146,122],[87,69],[3,57],[-11,38],[-27,37],[-17,80],[-27,72],[1,67],[-45,64],[-4,42],[20,84],[-21,28],[29,93],[48,59],[21,87],[0,52],[21,20],[-54,80],[-27,-8],[-30,39],[1,38],[-14,34],[27,37],[7,72],[-40,30],[-6,32],[21,46],[5,57]],[[13821,79999],[30,7],[77,-3],[55,-80],[93,-19],[12,-45],[-53,-35],[-2,-46],[45,-5],[-15,-32],[69,-41],[39,20],[39,-5],[30,-19],[30,27],[57,-10],[39,53],[22,1],[5,32],[35,37],[35,4],[58,26]],[[10192,78546],[142,163],[129,157],[39,-4],[11,61],[25,21],[1194,275],[40,35],[30,-7],[60,31],[120,-5],[32,38],[48,23],[60,18],[43,-16],[63,38],[45,58],[30,-3],[53,34],[-4,19],[94,93],[-11,28],[10,24],[31,0],[42,17],[19,19],[42,-36],[33,4],[32,37],[42,16],[20,-6],[68,30],[43,-1],[55,-30],[54,-2],[41,34],[20,61],[-8,23],[-46,35],[39,42],[138,3],[20,-15],[83,22],[41,25],[39,-5],[36,51],[4,37],[35,16],[59,11],[35,62],[4,74],[122,-14],[32,11],[31,31],[44,20],[26,27],[29,3],[26,22],[-46,20],[-35,63]],[[13695,80334],[59,27],[59,-19],[-15,-29],[14,-30],[21,-81],[-9,-44],[11,-54],[-31,-13],[17,-92]],[[106371,78038],[-3322,1017],[68,318],[48,1121],[29,30],[11,44]],[[103205,80568],[-6,-353],[3172,-2177]],[[41764,78485],[-69,40],[-50,-11],[-24,42],[-18,57],[-16,18],[15,50],[-15,12],[-56,6],[-37,37],[-46,3],[-9,48],[1,66],[-14,10],[-49,-10],[-37,19],[-26,26],[-35,-8],[-43,15],[-42,-19],[-64,-17],[-74,4],[-41,26],[-98,-30],[-66,1],[-62,-47],[-53,10],[-31,-12],[-41,0],[-16,26],[-44,31],[-53,-44],[-85,-4],[-419,9],[-28,-4],[-6,28],[-49,2],[-79,18],[-73,-27],[-82,21],[-40,4],[-33,19],[-16,33],[-30,27],[-39,12],[23,43],[-13,53],[27,30],[-14,25],[-29,-14],[-21,9],[-10,45],[-18,27],[-21,67],[-83,14],[-26,38],[-33,13],[7,23],[-9,44],[-44,42],[-14,30],[-26,20],[-16,43],[-55,-6],[-26,18],[-24,-31],[-27,36],[-36,-36],[-84,9],[-16,-51],[-43,-23],[-77,21],[-51,7],[-21,18],[-8,107],[21,51],[-3,34],[-35,45],[-56,35],[-26,48],[-77,52],[-53,-16],[-28,19],[-3,53],[-65,48],[-36,68],[-30,-1],[-48,53],[-26,10],[-58,57],[-69,22],[27,59],[-21,31],[-23,9],[17,36],[7,49],[-86,73],[-59,11],[-68,36],[-30,37],[-6,63],[9,30],[-20,55],[-22,23],[13,58]],[[37930,80741],[72,-38],[41,4],[20,-30],[-14,-106],[-22,-75],[18,-12],[49,33],[49,-20],[21,-35],[28,-14],[29,11],[52,-2],[52,32],[17,25],[2,45],[20,2],[20,-68],[-65,-58],[18,-74],[32,-8],[14,72],[45,11],[5,-24],[-19,-24],[45,-32],[9,-21],[54,-13],[75,-69],[69,-9],[29,11],[18,-40],[91,-4],[86,11],[44,-11],[98,23],[122,3],[57,-12],[63,-2],[68,-30],[43,-7],[43,-30],[75,-18],[24,-28],[56,-87],[52,-24],[28,-37],[48,-10],[50,-36],[0,-34],[28,-42],[37,17],[70,-57],[32,4],[18,42],[62,33],[71,52],[57,-9],[70,6],[51,-28],[20,18],[65,-5],[67,-25],[58,14],[41,-26],[42,10],[15,29],[25,4],[39,-43],[4,-27],[66,2],[45,-18],[30,-34],[42,-11],[7,-34],[-24,-20],[27,-33],[-17,-32],[-33,-26],[38,-45],[34,1],[81,-21],[37,-82],[28,-49],[56,-29],[29,-27],[40,48],[26,-3],[38,-74],[-3,-56],[43,-25],[35,-87],[47,-24],[-10,-36],[45,-34],[48,5],[48,-9],[57,3],[23,-50],[30,-22],[-11,-85],[26,-47],[44,-14],[85,-1],[61,-105],[15,-59],[-5,-40],[-24,-27],[33,-78],[-10,-39],[4,-47]],[[23314,76065],[-38,32],[-32,77],[-44,34],[-40,70],[-4,88],[-16,20],[11,63],[-57,57],[-81,71],[-52,92],[14,25],[-17,72],[17,74],[-31,55],[13,29],[-23,68],[-24,30],[17,18],[7,48],[-55,42],[7,71],[-48,57],[-4,21],[32,43],[52,18],[17,21],[45,18],[0,74],[87,48],[54,2],[79,36],[66,40],[-13,35],[-26,27],[-14,60],[15,63],[23,19],[6,118],[52,16],[19,24],[88,22],[56,-12],[61,5],[88,24],[20,18],[-21,146],[19,22],[-7,28],[16,42],[35,37],[3,41],[92,92],[-1,53],[56,105],[26,24],[1,57],[9,19],[-20,33],[-2,73],[-21,39],[-7,116],[-8,21],[-51,48],[-24,34],[-38,22],[35,62],[10,57],[-23,64],[6,48],[-14,19],[-17,68],[-30,45],[45,51],[80,32],[63,12],[45,43],[41,-1],[61,14],[74,82],[-6,52],[8,22],[79,33],[27,41],[21,11],[29,63],[93,-19],[5,-38],[62,-17],[38,5],[48,37],[24,7],[11,50],[97,85],[32,51],[35,15],[29,27],[8,79],[-10,24],[41,42],[38,-2],[29,13],[53,48],[15,3],[53,-35],[39,23],[28,59],[34,37],[37,5],[42,51],[29,10],[-9,70],[22,12],[76,4],[51,25],[140,46],[58,13],[26,34],[21,50],[23,21],[42,1],[53,-19],[-3,-26],[21,-36],[25,-12],[-10,-35],[8,-28],[23,-7],[48,15],[36,35],[29,45],[83,58],[64,-1],[61,-13],[18,40],[42,31]],[[26090,80751],[56,-53],[-1,-36],[47,-56],[38,-19],[85,5],[27,-34],[60,-27],[47,-58],[125,-132],[37,-21],[-35,-42],[-33,-57],[-38,-37],[17,-72],[-5,-51],[-48,-120],[-32,-18],[-24,-57],[-114,-3],[-44,-27],[-36,-10],[-46,-43],[-63,-74],[-10,-30],[-78,2],[-102,-36],[-40,-26],[-59,9],[-47,37],[-40,-10],[-21,-53],[-112,-49],[-20,-23],[-33,11],[-35,-9],[-42,35],[-62,-16],[-29,0],[-48,-42],[-6,-26],[-62,-22],[-45,-35],[2,-88],[11,-26],[-3,-81],[6,-39],[25,-60],[6,-43],[38,-42],[-14,-104],[-26,-74],[0,-50],[37,-72],[40,-53],[54,-24],[27,-36],[7,-34],[40,-34],[15,-32],[-49,-23],[-32,-30],[-39,-70],[-31,-32],[-1,-198],[18,-60],[23,-41],[-36,-57],[-5,-24],[-29,-36],[-19,-57],[3,-47],[-33,-30],[-43,-95],[-20,-78],[9,-38],[-11,-40],[-55,-61],[-36,-29],[-11,-39],[-26,-21],[-26,-51],[-10,-58],[-13,-18],[-110,-57],[-80,-27],[-39,8],[-32,-26],[-16,-50],[8,-62],[-11,-23],[-53,-10],[-61,-35],[-20,-33],[-8,-58],[3,-70],[-21,-49],[-19,-118],[48,-40],[2,-93],[-7,-33],[-33,-62],[1,-65],[36,-56],[5,-39],[-38,-41],[-27,-5],[-77,10],[-29,-24],[-49,-8],[-39,-41],[-55,-27],[-22,-64],[-70,-21],[-25,-22],[-110,-19],[-40,5],[-22,30],[8,45],[-26,72],[-17,25],[-78,59],[-71,-22],[-78,6],[-95,-89],[-55,-69],[-31,-59],[-23,-20],[-55,-16],[-70,14],[-53,38],[-44,5]],[[47304,81491],[-45,-19],[-13,-25],[14,-82],[-22,-43],[-51,-23],[-17,17],[-42,8],[-19,-15],[4,-39],[-18,-18],[-65,-14],[-69,-40],[-30,23],[-14,-22],[-46,0],[-87,-52],[2,-33],[-23,-19],[10,-53],[-44,-55],[-42,-24],[-62,-1],[-30,14],[-56,-1],[-55,-57],[-55,-7],[-47,18],[12,38],[-10,28],[-25,7],[-37,-22],[-7,-49]],[[46315,80931],[-21,74],[-30,-8],[-21,-28],[-21,12],[11,31],[-41,-5],[0,-47],[-27,16],[-55,-19],[-16,-24],[-67,-47],[-62,22],[-72,-16],[-120,-49],[628,316],[14,38],[31,27],[4,37],[-33,2],[-7,53],[67,-23],[31,25],[-42,39],[-12,47],[27,7],[19,-31],[54,-36],[-3,46],[38,-8],[-10,-39],[6,-26],[29,-40],[18,-4],[68,38],[-3,-37],[84,4],[25,27],[5,30],[33,6],[45,38],[-31,17],[1,30],[23,5],[102,-31],[-19,61],[17,29],[58,-21],[19,-24],[47,63],[20,4],[22,38],[25,-16],[39,13],[23,-29],[45,15],[24,-42]],[[47677,81737],[35,9],[13,44],[27,35],[28,-6],[4,-44],[15,-5],[29,117],[20,18],[56,15],[83,-10],[63,-36],[58,32],[11,50],[-45,30]],[[48074,81986],[101,-30],[9,-38],[-26,-40],[-65,-53],[-54,-35],[-194,-84],[-92,1],[-66,15],[-10,15]],[[48074,81986],[-54,5],[-30,25],[1,22]],[[47991,82038],[83,-52]],[[47991,82038],[-23,14]],[[47968,82052],[23,-14]],[[47968,82052],[-56,7],[-30,14],[0,34]],[[47882,82107],[86,-55]],[[26952,83296],[-104,-113],[-20,50],[-44,25],[-27,-9],[-98,75],[-32,36],[-15,81],[7,58],[-72,77],[12,37]],[[26559,83613],[111,-175],[43,-43],[58,-21],[46,-51],[35,3],[24,-35],[76,5]],[[26420,83920],[-123,108],[63,69]],[[26360,84097],[41,-136],[19,-41]],[[31659,84087],[-2,-25],[43,-48],[92,-43],[15,-24],[1,-58],[-14,-66],[-4,-110],[12,-36],[59,-84],[21,-97],[72,-80],[21,-36],[109,-53],[43,-33],[91,-22],[22,0],[40,24],[29,-1],[39,-21],[52,-47],[13,-70],[18,-26],[50,-28],[74,-62],[79,-34],[41,-44],[67,-3],[80,-30],[55,-28],[55,14],[45,-33],[40,-52],[81,-8],[37,-31],[35,0],[36,-33],[13,-48],[20,-27],[-8,-35],[15,-63],[0,-63],[-10,-35],[9,-21],[48,-9],[35,-38],[3,-49],[16,-43],[41,-46],[40,-28],[-2,-54],[15,-28],[86,-56],[10,-68],[24,-40],[57,-28],[17,-23],[4,-58],[38,-27],[10,-31],[43,5],[74,-22],[22,6],[6,35],[42,-3],[72,-84],[51,19],[15,56],[27,20],[31,-10],[15,-63],[66,-56],[-4,-47],[-26,-24],[21,-25],[60,-6],[20,-22],[-1,-29],[78,-52],[31,8],[54,46],[46,-28],[3,-23],[-23,-28],[-49,-14],[-16,-25],[8,-25],[29,-15],[85,-5],[87,-39],[24,-23],[23,-52],[37,-39],[29,-16],[38,0],[42,26],[15,37],[-13,51],[15,45],[49,-8],[23,-50],[-3,-37],[-52,-97],[17,-32],[32,10],[17,29],[34,24],[51,10],[28,-27],[-23,-70],[7,-24],[43,-15],[30,1],[56,21],[21,-9],[17,-38],[32,4],[15,32],[36,-18],[-9,-49],[20,-17],[76,7],[44,-23],[41,-44],[67,-24],[36,5],[111,62],[44,-15],[46,-47],[34,-24],[57,-18],[35,2],[36,18],[42,0],[76,-20],[47,19],[37,45],[47,17],[13,-12],[-6,-39],[-54,-65],[1,-32],[59,-1],[92,27],[46,-10],[23,-28],[27,-69],[52,-45],[42,0],[45,34],[21,3],[26,-28],[2,-59],[23,-33],[34,7],[30,24],[26,2],[83,-22],[73,-46],[42,-1],[43,58],[63,33],[39,4],[31,-23],[41,-71],[34,-22],[26,3],[21,24],[-5,32],[-56,63],[15,34],[52,-10],[32,-75],[41,16],[-3,46],[7,40],[58,53],[49,19],[20,30],[27,-3],[8,-46],[34,-7],[30,25],[85,22],[23,-14],[64,-20],[65,15],[53,-1],[57,-17],[154,-21],[12,-57],[29,-16]],[[41764,78485],[5,-55],[-5,-81],[13,-23],[40,-22],[37,-7],[39,-36],[16,-47],[-16,-41],[4,-40],[17,-34],[28,-5],[40,-86],[21,-32],[36,-15],[37,5],[32,30],[21,-18],[67,-13],[21,31],[39,23],[45,0],[66,-51],[-20,-60],[51,-24],[21,17],[41,0],[19,-18],[30,7],[17,-46],[4,-57],[-16,-25],[13,-57],[-20,-43],[-52,15],[-26,-19],[-76,-35],[-23,1],[-24,-25],[-43,-5],[3,-41],[43,25],[24,-8],[-12,-33],[1,-48],[-28,-38],[-1,-37],[-43,-22],[-12,-22],[46,-39],[-53,-100],[14,-80],[16,-49],[59,-46],[19,-31],[52,-14],[21,-23],[-5,-43],[27,-2],[44,-33],[44,-16],[35,10],[32,-14],[51,-76],[23,-15],[-18,-38],[5,-34],[46,-36],[4,-44],[19,-19],[23,-93],[-42,-8],[-23,-34],[-36,-6],[0,-28],[34,-14],[22,17],[29,-9],[41,14],[32,-10],[3,60],[48,14],[18,-18],[83,-2],[17,-33],[-16,-34],[35,-25],[46,-18],[40,9],[17,16],[26,-17],[-6,-33],[38,13],[28,-17],[41,22],[41,-57],[63,-24],[11,-62],[82,-32],[25,-27],[45,-18],[39,-53],[72,-22],[12,-33],[-14,-34],[56,9],[36,-5],[80,-51],[24,-31],[75,-63],[63,-10],[29,48],[46,-94],[-4,-29],[23,-36],[9,-37],[-12,-38],[27,-1],[24,-42],[-16,-18],[14,-44],[6,-62],[-4,-61],[40,-43],[19,-42],[67,6],[9,-58],[12,-14],[55,9],[18,-33],[57,-3],[53,-40],[24,-77],[14,-14],[42,-1],[-13,-73],[20,-17],[34,18],[60,-9],[31,-23],[24,21],[34,-26],[65,-1],[16,-39],[-32,-25],[28,-23],[-9,-20],[12,-32],[58,-6],[4,-37],[-24,-23],[35,-22],[-11,-56],[28,-24],[4,-36],[56,-33],[50,23],[26,-16],[-5,-55],[15,-23],[59,-12],[-16,-31],[50,-45],[25,-43],[72,-8],[33,50],[39,-6],[38,-43],[57,11],[45,-8],[63,30],[36,44],[-27,20],[-19,38],[-90,-1],[-155,567],[209,574],[313,457],[69,510],[450,137],[2230,2246],[98,116],[-224,321]],[[48340,79524],[43,35],[73,2],[59,22],[49,-14],[37,-44],[55,8],[22,18],[52,6],[63,-43],[75,16],[63,-13],[29,19],[28,48],[-3,29],[27,14],[41,-37],[17,15],[72,-31],[75,16],[30,25],[56,-39],[35,-9],[37,-26],[43,-54],[45,-1],[41,54],[63,2],[53,21],[51,0],[146,39],[9,58],[16,13],[49,-4],[91,-17],[33,-24],[21,-46],[19,-9],[49,36],[98,-8],[52,-31],[24,-5],[42,-64],[25,-19],[69,-9],[-17,45],[24,40],[3,42],[66,33],[64,8],[41,-16],[36,-61],[54,-49],[-2,-45],[41,7],[60,-40],[17,1],[37,-29],[25,6],[26,31],[36,7],[22,21],[51,12],[32,-5],[6,31],[-15,39],[23,28],[34,-26],[130,-10],[28,-18],[11,-26],[78,-63],[74,25],[50,2],[66,60],[13,20],[34,1],[26,28],[40,12],[37,-38],[37,-5],[27,39],[29,11],[18,-16],[34,12],[37,-3],[26,-30],[21,13],[59,-10],[26,29],[28,-7],[59,4],[21,-26],[1,-27],[29,-13],[37,17],[35,-15],[68,23],[74,-44],[29,23],[20,37],[24,11],[13,-29],[53,-46],[34,20],[-10,44],[25,28],[26,3],[48,-37],[28,-2],[-39,-85],[11,-9],[63,27],[28,-15],[-5,-25],[-28,-16],[16,-24],[27,13],[47,-27],[55,39],[4,-19],[-32,-58],[12,-33],[58,14],[10,24],[32,12],[87,-95],[32,-10],[36,3],[59,26],[39,31],[5,-29],[-20,-45],[-14,-58],[4,-28],[57,1],[9,-27],[-26,-30],[-7,-31],[5,-88],[10,-53],[16,-29],[35,-24],[57,1],[76,-10]],[[53340,78873],[68,-14],[49,-30],[9,-27],[-8,-126],[8,-25],[39,-44],[12,-58],[-30,-91],[74,-27],[100,-13],[12,-20],[-42,-57],[-47,-49],[64,-76],[34,-15],[164,9],[75,22],[15,-7],[10,-136],[-25,-39],[-42,-20],[-92,-19],[-37,-57],[7,-40],[28,6],[40,-10],[107,-57],[49,-70],[52,-26],[51,-15],[-4,-43],[-53,-50],[4,-24],[82,-69],[17,-55],[32,-35],[71,-2],[39,-38],[5,-31],[25,-55],[-25,-36],[0,-21],[54,-21],[110,12],[72,29],[56,30],[65,10],[34,-15],[3,-35],[-44,-20],[-12,-24],[61,-91],[88,-99],[34,-55],[91,-8],[36,-11],[23,-63],[25,9],[29,73],[35,42],[30,12],[55,-18],[13,-54],[1,-96],[-58,-68],[-32,-29],[-66,-79],[-101,-84],[-22,-29],[8,-45],[31,-7],[30,30],[36,19],[88,26],[17,33],[1,60],[38,-13],[68,-47],[56,-30],[10,-15],[1,-84],[-5,-61],[9,-54],[67,28],[62,-55],[15,-152],[-5,-29],[-44,-48],[11,-32],[48,3],[46,-21],[26,-1],[43,46],[56,4],[82,-60],[41,-18],[34,9],[20,29],[-18,58],[-6,60],[27,17],[39,-14],[19,-45],[-1,-69],[13,-53],[73,-71],[25,-78],[11,-70],[-5,-62],[11,-42],[25,-22],[86,-4],[63,49],[45,83],[36,7],[85,-16],[216,-19],[63,3],[44,-19],[23,-43],[27,-27],[35,-94],[3,-37],[29,-43],[52,-21],[47,0],[26,22],[25,-11],[13,-57],[-5,-57],[31,-31],[78,-36],[10,-21],[-17,-86],[-2,-73],[-23,-68],[-32,-46],[11,-28],[32,15],[49,-14],[18,-21],[-3,-90],[15,-21],[40,-20],[86,-32],[96,-29],[65,-35],[52,-37],[28,-55],[18,-76],[20,-30],[53,-51],[5,-20],[-16,-35],[-26,-15],[-77,-13],[2,-38],[93,-17],[37,0],[29,33],[12,50],[-5,52],[34,1],[36,-74],[103,-23],[66,-3],[46,-28],[22,-57],[45,-51],[9,-54],[-18,-60],[-31,-47],[-36,-28],[-36,-15],[3,-39],[47,-34],[60,-5],[14,-33],[-39,-27],[-64,-8],[-46,65],[-43,15],[-63,-9],[-32,-36],[-1,-33],[15,-34],[32,-22],[65,3],[31,-8],[12,-21],[-21,-28],[-39,-25],[12,-20],[63,-8],[9,-23],[-15,-26],[24,-17],[32,36],[35,-2],[9,-32],[34,-51],[20,-64],[59,5],[30,32],[21,-15],[14,-71],[-25,-33],[-33,-20],[-63,-78],[24,-23],[52,-28],[55,-14],[30,-18],[22,-53],[-50,-82],[10,-37],[45,26],[14,53],[40,22],[54,-4],[28,-40],[31,8],[12,43],[55,9],[80,-27],[30,3],[41,-14],[41,-38],[34,-49],[30,-58],[10,-58],[-27,-16],[-49,-13],[-57,4],[-107,-37],[-71,-18],[-11,-17]],[[18739,70174],[51,0],[16,53],[15,18],[44,-8],[24,19],[1,38],[15,39],[36,6],[54,-40],[31,0],[24,36],[11,74],[13,16],[85,41],[56,2],[11,22],[-2,42],[-123,198],[-79,44],[-21,26],[20,170],[-26,39],[6,25],[-35,33],[46,19],[9,43],[44,42],[-14,25],[-35,19],[-1,28],[65,88],[26,19],[20,41],[54,21],[25,35],[61,37],[54,-10],[37,35],[62,21],[57,45],[78,43],[64,52],[35,47],[88,38],[68,62],[34,111],[41,20],[9,37],[36,36],[32,1],[41,35],[53,-3],[50,11],[42,84],[61,7],[64,58],[63,48],[8,37],[26,13],[85,85],[28,-21],[94,-11],[19,17],[19,42],[27,35],[71,26],[16,15],[-11,57],[42,106],[26,24],[25,-38],[22,-12],[18,-52],[29,24],[62,4],[43,-25],[23,46],[-23,29],[18,28],[37,26],[17,40],[51,15],[7,32],[70,46],[25,30],[20,44],[46,12],[7,75],[47,-45],[18,9],[2,38],[-14,49],[-24,9],[-4,32],[37,9],[36,23],[18,-16],[66,73],[64,49],[49,17],[39,23],[36,7],[36,23],[89,83],[60,49],[16,42],[88,12],[38,12],[-5,44],[-23,47],[41,12],[0,42],[96,10],[41,31],[20,37],[24,10],[50,-2],[16,30],[24,4],[49,-17],[16,50],[32,53],[25,27],[5,31],[66,12],[29,-50],[35,47],[28,-3],[26,47],[53,-1],[-1,63],[15,59],[77,37],[-8,49],[15,18],[-12,42],[8,30],[36,-32],[36,18],[50,8],[17,37],[52,23],[9,37],[42,43],[18,36],[30,19],[61,94],[31,-1],[-7,42],[31,3],[13,39],[32,-1],[45,57],[-21,80],[30,95],[-26,16],[-2,94],[18,40],[21,5],[1,57],[49,35],[26,51],[68,37],[39,29],[32,42],[36,29],[-3,43],[56,26],[-16,30],[14,25],[0,41],[33,53],[-22,42],[-34,31],[-17,35],[-58,79],[9,41],[-56,31],[9,45],[25,30],[-32,74],[-82,139]],[[26090,80751],[11,48],[28,13],[53,68],[35,32],[39,56],[45,28],[32,42],[81,37],[31,-11],[20,13],[110,109],[19,12],[31,47],[6,30],[47,19],[50,43],[42,65],[17,56],[23,36],[12,44],[70,58],[65,22],[43,25],[38,66],[-18,27],[39,100],[13,17],[36,6],[22,32],[21,1],[77,73],[40,26],[77,-11],[55,-37],[19,-30],[63,-4],[64,-19],[4,39],[24,25],[17,38],[77,29],[60,-9],[77,-43],[24,-5],[15,36],[139,102],[-39,62],[-5,51],[-30,18],[-25,35],[1,35],[18,41],[-18,63],[11,31],[-17,57],[7,54],[31,68],[71,54],[80,129],[62,40],[58,50],[2,13],[-50,41],[-5,39],[6,76]],[[28141,83059],[125,41],[32,27],[35,52],[104,77],[63,65],[29,39],[71,121],[23,27],[41,14],[38,42],[107,67],[77,29],[43,-15],[128,8],[77,56],[63,29],[51,14],[174,25],[59,39],[26,26],[40,20],[32,35],[81,42],[27,42],[-11,27],[34,29],[83,14],[36,46],[78,24],[112,-13],[46,-21],[30,-2],[118,45],[52,-12],[39,-21],[260,55],[487,97],[27,11],[28,31],[87,18],[39,1],[44,20],[19,-3],[63,-93],[68,-18],[111,22],[48,-14],[13,-16],[61,-121]],[[26213,84105],[-43,-1],[-30,-51],[-27,-2],[-47,-25],[-42,-1],[-7,22],[-46,20],[-40,-3],[-59,56],[-43,112],[-10,55],[13,37],[-90,44]],[[25742,84368],[95,22],[56,-20],[33,1],[71,-42],[68,-59],[41,-7],[53,-84],[54,-74]],[[25656,84345],[-60,-72],[-25,2],[-109,63],[-45,37],[-56,33],[-73,2],[-50,17],[-19,-4],[-26,34],[-28,54],[-16,52],[-73,170],[-9,49],[-18,25],[-30,79],[-27,33],[3,57],[-13,74],[-83,-8],[-31,-9],[-62,34],[-44,8],[-31,75],[28,33],[-20,60],[-49,55],[7,55],[-13,33],[-1,43]],[[24683,85429],[15,-11],[11,-79],[15,-34],[64,-42],[47,-17],[28,-55],[45,-24],[77,-1],[41,24],[31,-6],[170,-6],[31,-30],[8,-48],[50,-44],[21,-45],[60,-41],[15,-28],[-12,-17],[-51,-125],[-15,-49],[-20,-35],[55,-67],[17,-40],[-4,-55],[12,-32],[57,-38],[75,-39],[70,-46],[60,-54]],[[16157,85420],[-29,44],[-19,-52],[23,-29],[92,-145],[21,-22],[37,-73],[-12,-36],[3,-38],[-12,-46],[-67,-73],[-13,-72],[-18,-31],[-34,8],[-25,-19],[9,-49],[-39,-34],[-3,-46],[-16,-65],[47,21],[9,29],[30,20],[40,-53],[30,-80],[50,-55],[107,-55],[88,-18],[30,3],[35,35],[23,-23],[-28,-31],[-29,-81],[28,-45],[72,-72],[21,-38],[73,-69],[115,-56],[65,-14],[49,-1],[40,17],[50,-15],[18,-36],[31,-21],[110,-29],[134,-25],[149,-22],[87,-6],[175,-23],[38,-2],[206,6],[269,10],[320,42],[122,22],[146,44],[30,3],[194,50],[70,26],[120,35],[202,70],[141,39],[161,55],[28,1],[87,39],[64,11],[134,9],[98,28],[163,67],[63,37],[40,36],[109,74],[79,58],[84,47],[137,94],[23,34],[113,-10],[70,24],[89,60],[7,27],[31,-1],[64,37],[113,87],[105,121]],[[21424,85179],[55,-18],[15,-35],[36,-22],[34,-45],[20,-61],[46,-40],[11,-27],[-8,-37],[68,-99],[37,-9],[2,-28],[51,-46],[26,12],[28,-16],[64,-1],[22,12],[22,-24],[23,29],[76,-21],[16,-44],[26,7],[36,-21],[34,-50],[56,-34],[14,-36],[53,14],[56,-18],[13,-38],[39,-1],[43,-24],[51,-65],[66,-34],[24,-72],[24,-25],[7,-28],[27,-27],[46,-79],[5,-90],[-28,-35],[8,-26],[-429,-290],[-445,-298],[-469,-332],[-541,-376],[-206,-139],[1,47],[-43,69],[-93,50],[-43,30],[-42,11],[-95,-15],[-25,-21],[-70,-29],[-127,105],[-18,2],[-18,43],[-26,26],[-33,53],[-63,6],[-547,-423],[-184,-138],[-126,-101],[-397,-294],[-184,-148],[-205,-159],[-322,-247],[-347,-263],[-226,-169],[-119,-94],[-77,-69],[-147,-150],[-116,-111],[-237,-239],[-81,-5],[-406,-5],[-944,0],[-204,-2],[-47,-31],[1,-43],[-41,-41],[-60,-34],[-53,-44],[-25,-46],[-27,-24],[-36,-10],[-115,-60],[-18,2],[-39,-39],[-35,-51],[2,-15]],[[13695,80334],[-25,3],[-22,51],[3,59],[-26,29],[14,48],[-9,18],[13,40],[26,2],[27,24],[10,41],[-12,45],[38,33],[0,31],[27,10],[-28,46],[-13,55],[-27,8],[2,34],[-47,51],[-35,-23],[-19,54],[31,35],[36,-3],[-10,69],[-15,8],[-25,99],[-14,38],[17,16],[-14,41],[-28,-15],[-26,36],[42,107],[28,36],[51,39],[7,56],[-28,31],[-9,42],[-61,49],[-35,18],[-42,-5],[7,37],[35,26],[40,11],[31,-28],[5,-27],[46,-31],[2,53],[31,28],[28,42],[44,38],[27,49],[64,43],[44,-40],[28,5],[16,41],[33,34],[-30,67],[-1,81],[-14,26],[-54,60],[-98,5],[-25,39],[-17,56],[4,57],[-7,56],[32,28],[6,52],[44,-25],[8,34],[43,12],[-1,36],[28,74],[-17,23],[0,30],[20,21],[22,87],[-30,3],[44,54],[-27,61],[41,36],[-3,55],[-67,53],[-38,61],[-30,65],[4,35],[57,1],[41,13],[-2,72],[14,23],[-14,78],[35,16],[14,25],[-1,40],[32,18],[5,49],[17,15],[47,2],[66,-26],[15,-23],[3,-47],[36,-13],[29,-29],[46,-9],[27,10],[76,72],[71,1],[20,12],[8,68],[-34,45],[8,46],[19,40],[20,16],[14,36],[30,27],[-37,29],[-5,33],[18,30],[1,46],[-30,83],[-35,4],[-15,39],[-2,78],[26,54],[-10,31],[22,111],[51,29],[26,42],[52,26],[85,20],[40,32],[13,27],[45,36],[86,15],[21,16],[29,44],[29,20],[48,-22],[60,-5],[54,3],[33,10],[28,-16],[145,10],[44,40],[78,28],[96,18],[34,-1],[44,67],[5,31],[-20,26],[-17,48],[56,6],[43,65],[27,23],[-8,25],[-47,10],[-47,27],[-2,29],[25,13],[35,84],[3,25],[-21,39],[3,32],[25,22],[88,-32],[46,13],[97,-1],[0,21],[-46,13],[13,62],[39,-9],[24,10],[59,-4],[46,-25],[9,18],[-15,42],[-25,30],[34,35],[43,91],[14,1],[59,-61],[24,-57]],[[47882,82107],[-903,567],[-791,3509]],[[46188,86183],[30,-8],[14,-42],[33,21],[20,-21],[60,33],[56,-19],[2,-60],[44,6],[27,-11],[7,-28],[43,6],[16,-35],[43,33],[31,-2],[-3,57],[28,-15],[9,-55],[31,-26],[21,3],[37,-45],[-10,-28],[38,-16],[30,-27],[5,54],[35,1],[41,-41],[-5,-36],[41,-7],[38,-44],[33,18],[6,-38],[-15,-18],[23,-31],[37,-14],[4,78],[49,26],[41,-46],[21,30],[31,-19],[4,-35],[27,-17],[30,-42],[34,47],[67,-52],[41,11],[60,-18],[18,-29],[-388,-2275],[27,4],[-15,-118],[36,-27],[1,-25],[-26,-37],[3,-37],[38,-35],[34,-13],[40,-54],[47,3],[90,-53],[14,-49],[-14,-34],[47,-7],[33,-46],[-1,-32],[33,-12],[12,-43],[-15,-40],[10,-61],[-14,-10],[15,-71],[41,-28],[-15,-29],[13,-35],[32,1],[16,19],[41,-49],[25,0],[25,-24],[-1,-44],[30,-33],[38,2],[7,-18],[-27,-59],[30,-11],[22,26],[38,-14],[0,-25],[34,-9],[-20,-44],[29,-44],[50,4],[26,-49],[-20,-40]],[[46188,86183],[-2,9]],[[46186,86192],[2,-9]],[[46186,86192],[-7,32]],[[46179,86224],[7,-32]],[[46179,86224],[-10,10]],[[46169,86234],[10,-10]],[[33276,87309],[-5,24],[24,122],[1,35],[-18,44],[9,23],[2,73],[23,47]],[[33312,87677],[43,-106],[38,-123],[-58,-94],[-59,-45]],[[33450,87823],[-11,-22],[-64,-69],[-63,-55]],[[33312,87677],[-22,54],[-47,53],[-6,36],[-87,-2],[-65,23],[-75,1],[-65,-25],[-47,1],[-29,37]],[[32869,87855],[43,-16],[45,4],[68,22],[33,1],[77,-13],[58,73],[32,28],[78,-8],[65,8],[13,-7],[78,-2],[32,-10],[-10,-52],[-31,-60]],[[36320,87719],[52,-36],[45,-13],[42,-46],[35,-19],[77,-3],[48,-16],[98,24],[59,-22],[20,-19],[53,-14],[94,4],[21,22],[27,-24],[52,20],[24,29],[34,-27],[16,-35],[35,74],[58,48],[36,58],[15,73],[1,38],[74,158],[5,26]],[[37341,88019],[3,-35],[46,-142],[3,-59],[-11,-112],[-45,-171],[-24,-36],[-24,-9],[-96,-12],[-61,-14],[-70,-38],[-32,5],[-86,55],[-65,7],[-122,-37],[-116,-67],[-38,-5],[-55,24],[-90,80],[-65,97],[-41,37],[-27,56],[-5,76]],[[67766,87474],[1,-34],[-19,-26],[-26,2],[-15,-27],[-1,-38],[-34,-13],[-51,-54],[9,-70],[-36,-26],[-43,-65],[-77,-49],[-11,-33],[-66,-9],[-34,-31],[-27,-96],[-56,7],[-3,-29],[21,-30],[37,-19],[-13,-29],[-74,-42],[18,-15],[-62,-57],[-13,-37],[9,-62],[-57,-38],[-15,-51],[-30,-68],[-51,-8],[-26,-50],[-45,-6],[-38,-48],[-50,-34],[-14,1],[-21,-45],[4,-34],[-22,-36],[-58,-43],[-36,-18],[-27,-42],[-64,-23],[-17,-14],[-94,61],[-55,74],[-24,46],[-68,51],[-32,64],[-64,64],[-62,53],[-43,29],[-45,55],[-40,28],[-40,-25],[-63,5],[-29,-33],[-107,-2],[-76,42],[-172,78],[-97,56],[-33,39],[-59,26],[-77,54],[-22,27],[-13,58],[-25,60],[-40,20],[-63,14],[-38,-11],[-68,-47],[-25,-4],[-327,-2],[-500,553],[-393,432],[-40,-40],[-22,-34],[-89,-171],[-91,27],[-31,-10],[-39,16],[-2,113],[31,4],[10,69],[-34,-6],[7,36],[34,49],[-29,23],[17,53],[52,-40],[36,37],[32,19],[-48,79]],[[63633,88124],[10,-2],[565,-3],[80,-42],[144,-69],[13,-29],[-40,-106],[-30,-26],[-5,-53],[13,-26],[6,-72],[55,-74],[107,-87],[35,11],[29,-5],[35,-37],[10,-67],[19,-58],[448,33],[366,3],[363,8],[371,3],[360,9],[91,-6],[261,6],[35,3],[115,-16],[64,-13],[171,24],[442,41]],[[78662,89133],[-239,4],[-506,0],[-530,-2],[-181,0],[-14,738],[-450,547]],[[76742,90420],[941,-778],[272,-142],[485,-256],[222,-111]],[[37437,89102],[0,29],[69,28],[101,59],[71,3],[34,23],[51,70],[45,13],[40,-7],[31,14],[95,-6],[33,24],[52,11],[31,31],[-33,58],[6,26],[51,29],[25,39],[53,41],[40,12],[47,39],[49,18],[40,0],[26,-25],[34,15],[36,49],[61,119],[29,41],[29,6],[75,-22],[104,-8],[62,-20],[57,2],[39,20],[68,61],[24,11],[59,2],[45,54],[46,1],[43,-11],[73,15],[89,-26],[81,19],[50,22],[51,39],[85,55],[25,27],[37,79],[43,4],[44,31],[28,34],[24,51],[19,67],[89,88]],[[39943,90456],[-8,-75],[7,-24],[53,-54],[20,-47],[-14,-23],[-1,-44],[-38,-89],[4,-44],[-39,-43],[-19,-38],[4,-32],[24,-29],[-35,-11],[-35,-44],[-46,-11],[-42,-34],[-53,-21],[-21,-21],[-18,-55],[18,-75],[43,-30],[62,-24],[16,-51],[-26,-65],[-43,18],[-34,-9],[-54,14],[-69,6],[-61,20],[-77,4],[-17,26],[-63,-45],[-128,-72],[-8,-50],[19,-44],[-7,-31],[2,-67],[9,-49],[-13,-11],[0,-53],[-30,-74],[1,-19],[-91,-14],[-14,13],[-61,-31],[-79,9],[-127,-17],[-51,0],[-59,-10],[-34,22],[-43,60],[-57,-30],[-28,-47],[5,-41],[-50,14],[-21,-25],[-35,-15],[-28,13],[-43,-4],[-36,-41],[-73,18],[-23,-34],[-41,11],[-46,-4],[-54,22],[-27,-16],[-52,-8],[-21,-72],[-41,-38],[-41,-9],[-41,39],[-28,-11],[-40,34],[-100,31],[-74,14],[-30,33],[-5,66],[-16,37],[-27,15],[-37,52],[-29,6],[-50,32],[-41,-8]],[[43399,91063],[57,30],[86,57],[56,7],[65,-25],[50,31],[19,50]],[[43732,91213],[-24,-88],[-67,-76],[-75,-3],[-33,30],[-50,-4],[-41,7],[-43,-16]],[[43732,91213],[74,58],[26,50]],[[43832,91321],[47,-22],[18,-73],[-11,-34],[-59,12],[-8,-42],[-16,-16],[28,-26],[28,-77],[-25,-41],[-5,-54],[10,-33],[-52,-53],[1,-44],[17,-9],[-11,-65],[30,14],[37,-15],[22,-39],[31,-12],[-8,50],[40,13],[18,-33],[1,-45],[47,-45],[5,-112],[16,-51],[-25,-27],[28,-46],[-41,-108],[36,-5],[-2,-41],[16,-34],[41,-11],[96,-94],[-12,-34],[30,-33],[37,-2],[-10,-49],[22,-33],[45,-31],[-21,-39],[55,-53],[-2,-29],[23,-38],[65,-17],[26,-35],[-20,-30],[11,-57],[-1,-89],[26,-49],[6,-32],[21,-34],[37,-99],[34,-39],[2,-27],[32,-46],[46,-15],[-20,-32],[-1,-40],[-14,-46],[2,-69],[-11,-29],[-13,-77],[64,-49],[37,-96],[47,-42],[-12,-34],[26,-17],[-60,-20],[9,-39],[24,-20],[-20,-57],[7,-59],[-23,-11],[-32,-51],[-5,-32],[24,-30],[35,-85],[7,-33],[36,-36],[0,-43],[-25,-60],[6,-42],[-16,-60],[-2,-54],[9,-44],[23,-52],[58,-62],[-9,-62],[26,-39],[-28,-54],[20,-35],[45,13],[29,-8],[25,25],[87,29],[23,-14],[1,-92],[-25,-16],[-6,-50],[31,-50],[42,-13],[23,-24],[28,-72],[148,-142],[27,-19],[103,-34],[36,-32],[39,-19],[86,-54],[76,2],[75,-106],[85,1],[25,-58],[-4,-24],[-28,-24],[32,-38],[46,3],[-13,-50],[28,-2],[14,-25],[49,19],[40,-26],[18,-63],[37,29],[26,-96],[-36,-44],[16,-26],[-30,-12],[-75,-60],[-42,-20],[19,-47],[-13,-59],[55,4],[26,-33],[80,20],[4,-41],[26,4],[61,-15],[27,11]],[[47677,81737],[-25,11],[-20,32],[-25,11],[-34,-11],[-5,-67],[-20,-4],[-39,41],[-25,-4],[-22,-40],[32,-39],[-13,-43],[-48,-5],[-7,-56],[-26,0],[-60,-53],[-36,-19]],[[46315,80931],[33,-44],[5,-29],[64,-22],[8,-44],[70,7],[2,-38],[-39,-6],[-15,-28],[48,-58],[23,-62],[37,-12],[76,-8],[56,-60],[54,5],[46,-12],[69,14],[44,67],[28,16],[62,7],[22,28],[52,-6],[21,8],[43,-44],[26,-5],[23,-30],[-1,-23],[-28,-32],[0,-23],[55,-42],[-6,-46],[16,-70],[3,-53],[-29,-35],[8,-38],[30,-1],[48,-20],[20,-24],[33,-9],[-17,-64],[15,-41],[-7,-17],[-57,-25],[-57,-44],[-3,-28],[32,-44],[22,-13],[50,35],[49,-3],[56,-26],[40,0],[51,-32],[79,-35],[42,0],[40,-15],[56,14],[-9,50],[12,33],[38,0],[69,13],[33,-35],[-24,-43],[18,-65],[68,-73],[34,-17],[29,1],[63,46],[100,-49],[37,-7],[-1,-49],[34,-28],[19,-31],[92,-43],[15,0]],[[31659,84087],[69,27],[103,19],[59,23],[105,66],[60,15],[19,37],[-9,38],[32,25],[163,28],[32,19],[292,27],[33,7],[60,30],[36,27],[80,46],[106,72],[61,55],[77,110],[94,78],[63,130],[39,58],[10,48],[-20,41],[-85,71],[-103,114],[-26,49],[-33,11],[-5,141],[-18,40],[-82,68],[-79,-2],[-75,46],[-27,62],[0,28],[51,59],[92,56],[19,60],[48,48],[52,20],[42,55],[-10,20],[32,61],[25,61],[-6,88],[-20,57],[-53,36],[-86,-1],[-38,-9],[-81,-3],[-47,23],[-107,71],[-49,27],[-31,36],[2,25],[29,54],[78,78],[1,44],[25,44],[72,98],[25,51],[66,-3],[96,81],[41,82],[48,24],[21,24],[45,24],[77,25],[27,42],[72,58],[28,52]],[[33450,87823],[27,40],[61,54],[22,10],[46,57],[106,95],[-7,17],[-51,3],[-19,29],[-2,37],[-25,20],[-125,-5],[-23,14],[-10,38],[6,84],[12,21],[44,25],[20,64],[1,96],[69,16],[67,76],[43,8],[18,40],[41,40],[129,215],[25,21],[122,66],[56,49],[53,34],[28,5],[65,-42],[109,-37],[89,-24],[75,1],[94,16],[74,6],[139,-7],[130,4],[36,24],[21,44],[34,31],[57,36],[66,60],[86,12],[48,0],[28,-18],[9,-74],[44,-44],[10,-37],[-69,-59],[6,-84],[-9,-46],[25,-102],[-28,-86],[-47,-51],[-128,-218],[-30,-76],[-83,-1],[-35,-57],[-70,-60],[-40,-3],[-40,-41],[-44,-84],[-57,-71],[-28,-52],[11,-103],[-11,-60],[-63,-90],[7,-34],[37,-41],[82,1],[35,12],[31,-3],[74,36],[38,-30],[26,57],[29,-3],[31,-27],[7,-25],[36,-41],[29,-12],[83,14],[50,-36],[39,-9],[25,19],[57,15],[84,10],[46,34],[41,-25],[127,57],[37,35],[28,41],[81,41],[79,9],[106,-14],[118,16],[17,17],[2,87],[12,22],[71,8],[50,-20],[78,-8],[25,-39],[-15,-72],[-44,-46],[3,-26]],[[37341,88019],[4,41],[43,57],[18,58],[35,47],[-4,65],[30,74],[12,114],[-37,64],[-35,93],[9,81],[34,79],[18,90],[-19,73],[5,61],[-17,86]],[[39943,90456],[33,29],[57,-12],[45,43],[51,5],[11,19],[-4,44],[25,25],[1,74],[34,60],[34,34],[11,56],[-32,42],[14,32],[-32,37],[4,26],[-23,43],[39,86],[76,47],[28,35],[-2,43],[17,80],[23,9],[26,-28],[30,22],[36,-8],[50,26],[17,48],[30,0],[36,70],[6,57],[35,32],[-6,36],[25,45],[87,65],[3,91],[25,74],[50,24],[21,26],[-7,65],[52,9],[26,-22],[30,-64],[52,-9],[34,-50],[-2,-41],[-69,-57],[-10,-31],[12,-43],[-38,-22],[0,-74],[19,-57],[-7,-28],[33,-67],[83,-65],[21,-51],[11,-73],[-5,-36],[-26,-39],[-51,-2],[-55,-23],[-25,-48],[-32,-20],[-8,-37],[43,-30],[45,-56],[2,-35],[-17,-26],[20,-29],[3,-31],[-39,-30],[-7,-39],[16,-26],[44,-36],[52,24],[19,-7],[23,-41],[68,1],[8,-36],[28,-25],[30,-97],[-15,-27],[51,-38],[60,-17],[23,-25],[92,-20],[26,-24],[39,7],[31,-14],[41,5],[43,-24],[72,-11],[47,6],[44,-18],[58,28],[57,5],[78,17],[74,27],[97,-7],[99,47],[56,9],[126,48],[139,39],[76,27],[54,8],[46,39],[14,33],[53,36],[54,-7],[38,10],[71,-4],[46,5],[42,18],[29,35],[49,36],[7,24],[-6,93],[3,38],[31,71],[31,20],[45,-10],[53,20],[38,47],[87,22]],[[42778,92208],[-8,-230],[-392,389]],[[42378,92367],[400,-159]],[[94563,92024],[-16,14],[-62,98],[-72,79],[-62,26],[-13,42],[-23,19],[-36,-5],[-35,33],[7,38],[-82,77],[-27,14],[-39,45],[-81,9],[-15,14],[-73,-1],[-26,8],[-47,63]],[[93861,92597],[30,-7],[80,35],[85,13],[497,-315],[49,-90],[40,-85],[-19,-60],[-27,-18],[-33,-46]],[[76485,92660],[-47,27],[-13,36],[-76,-13],[-71,16],[-64,94],[-41,9],[-16,43],[36,19],[13,25],[-14,30]],[[76192,92946],[-12,35],[37,40],[-14,49],[5,43],[24,11],[56,-3],[73,23],[39,-8],[109,26]],[[76509,93162],[-8,-378],[37,-83],[-3,-15],[-50,-26]],[[93297,92830],[-55,-28],[-138,-34],[-23,84],[21,110],[-3,36],[23,39],[-29,41],[26,45],[13,41],[12,81],[36,18]],[[93180,93263],[5,-40],[33,-99],[-4,-43],[10,-100],[14,-18],[58,-38],[-19,-68],[20,-27]],[[76485,92660],[7,-65],[-14,-30],[-36,-12],[4,-22],[-12,-90],[28,-64],[-8,-94],[51,-98],[100,-58],[-3,-36],[12,-121],[-18,-13],[-51,-9],[10,-69],[42,-18],[25,-56],[25,-36],[-8,-28],[16,-27],[45,-24],[13,-19],[44,-17],[21,-34],[19,-63],[99,-32],[-12,-36],[11,-57],[-17,-24],[22,-28],[5,-42],[56,-59],[-219,-859]],[[78662,89133],[180,247],[91,120],[183,254],[36,45],[200,274],[43,-16],[18,-59],[23,-39],[-1,-24],[25,-61],[66,-63],[27,-38],[-4,-64],[27,-35],[-27,-64],[41,-49],[33,-68],[81,-24],[43,-38],[31,-49],[75,-29],[25,-33],[41,-89],[55,-52],[74,-88],[45,-3],[50,-55],[62,-6],[31,-40],[65,-111],[85,-10],[47,-37],[21,-43],[34,-36],[9,-25],[33,-12],[27,-30],[57,26],[50,8],[71,-38],[48,9],[88,-9],[72,18],[80,-24],[56,12],[21,-18],[59,-9],[45,7],[19,-25],[12,-47],[30,-32],[0,-24],[59,5],[24,-11],[38,30],[37,-13],[23,-25],[2,-64],[14,-29],[50,-2],[20,-45],[-7,-61],[16,-30],[4,-58],[30,-4],[48,71],[18,-4],[12,-40],[-25,-26],[-70,-19],[-3,-81],[38,7],[34,-10],[6,-34],[-14,-34],[4,-84],[34,-56],[-33,-11],[-34,34],[-18,1],[-48,-28],[40,-11],[22,-23],[-4,-31],[-41,-51],[-38,-6],[-47,29],[-26,4],[-27,-17],[1,-34],[-18,-46],[-35,-32],[-45,-1],[-24,-37],[60,-45],[20,-40],[-44,-6],[-23,-16],[-5,-29],[-22,-18],[-36,43],[-56,14],[-37,-16],[-6,-19],[49,-43],[6,-32],[-24,-22],[-44,41],[-60,14],[-59,-37],[-33,-85],[-24,-29],[-38,-1],[-82,33],[-25,-9],[1,-71],[-46,-33],[-39,40],[-33,15],[-66,-42],[-35,-6],[-17,-19],[11,-25],[79,14],[39,-17],[19,-25],[17,-65],[61,-65],[-40,-28],[-68,39],[-42,9],[-82,-34],[-34,-22],[-7,-26],[24,-35],[53,8],[50,-3],[68,-38],[10,-22],[-26,-20],[0,-23],[43,-17],[24,25],[36,-23],[25,7],[8,-33],[47,4],[-8,-37],[11,-45],[15,-12],[-2,-37],[13,-59],[29,4],[14,-22],[-44,-18],[17,-27],[40,10],[30,-12],[9,-25],[-6,-53],[20,-27],[-41,-8],[-19,-64],[10,-87],[51,-15],[18,-32],[-13,-31],[92,-51],[57,11],[18,-38],[53,32],[31,-30],[-15,-32],[34,-21],[27,-47],[-51,-22],[-15,-18],[38,-39],[10,-54],[-14,-41],[30,-3],[1,38],[29,0],[10,-63],[18,3],[23,40],[81,0],[11,-27],[-34,-14],[12,-52],[24,25],[42,-39],[-38,-20],[59,-34],[6,-34],[36,-12],[56,-39],[-27,-30],[-8,-36],[-30,-14],[19,-24],[1,-46],[12,-20],[39,10],[18,-24],[3,-68],[46,9],[28,-51],[-4,-49],[43,24],[-1,-76],[33,14],[78,-34],[14,-43],[53,20],[42,24],[36,-6],[-1,-34],[60,-17],[17,7],[-10,42],[44,-9],[14,33],[59,27],[22,-8],[-4,-58],[30,9],[24,30],[21,-21],[33,17],[29,-38],[25,19],[54,-13],[23,26],[36,-42],[33,5],[34,42],[63,-3],[4,24],[45,9],[36,-24],[55,4],[14,-33],[28,-13],[-21,-32],[41,-12],[19,-25],[10,-38],[38,-1],[34,-18],[33,-54],[43,2],[8,-43],[108,-49],[22,-23],[62,-12],[24,-16],[21,16],[90,-13],[6,-35],[39,-12],[19,-51],[-7,-26],[27,-26],[53,-4],[32,33],[25,-23],[-19,-19],[59,-39],[35,-6],[26,36],[40,-5],[15,-25],[55,12],[35,-8],[15,-40],[22,-8],[49,-55],[-31,-9],[39,-51],[54,-10],[18,-37],[6,-42],[18,-27],[-68,-53],[29,-36],[-10,-26],[65,-43],[59,-54],[-30,-45],[58,-33],[86,11],[24,-16],[-27,-30],[18,-98],[40,11],[-18,-48],[-36,-15],[-18,-44],[19,-31],[-25,-28],[-16,-57],[-66,-78],[-4,-63],[74,-5],[34,13],[45,-3],[-18,-52],[46,-15],[-11,-37],[47,-40],[21,-34],[-2,-35],[68,-16],[10,-15],[54,-7],[13,18],[34,-15],[99,6],[17,-58],[52,-15],[11,-71],[83,1],[4,-28],[26,-22],[-3,-34],[45,-33],[13,-36],[66,-107],[-13,-50],[21,-18],[103,-12],[35,17],[14,-42],[50,-23],[29,-28],[46,-14],[1,-30],[62,-24],[9,-21],[74,-12],[13,-35],[41,-22],[64,-9],[40,-54],[42,-5],[33,-47],[6,-28],[31,-9],[9,-21],[46,-10],[47,-94],[2,-25],[28,-46],[44,-27],[36,-9],[70,-41],[0,-56],[-37,-28],[-1,-38],[27,-44],[-4,-51],[45,-36],[-12,-48],[18,-23],[0,-33],[-40,-117],[-42,-46],[21,-77],[-374,-646],[-87,-142],[-98,-184],[-63,-109],[-54,-83],[-60,3],[-83,38],[-89,18],[-39,48],[-12,36],[-85,7],[-69,25],[-46,-1],[-15,54],[-86,72],[-5,50],[-61,29],[-2,34],[18,39],[-76,49],[-46,-12],[-30,17],[-123,-57],[-44,35],[-60,-10],[-58,7],[-56,47],[-90,22],[-54,-36],[-38,12],[-33,26],[-124,-32],[-34,-31],[-15,17],[-34,-8],[-60,3],[-36,-42],[-40,14],[-33,-47],[-41,34],[-51,16],[-28,-19],[-70,27],[-21,-9],[-21,32],[-41,-16],[-8,14],[-51,6],[-41,39],[-3,22],[-35,8],[-1,23],[-39,50],[-35,-25],[-19,20],[-30,3],[-38,-12],[-10,38],[-35,10],[-84,-55],[-57,-8],[-119,-113],[-39,28],[-30,-9],[-58,-52],[-19,12],[-9,38],[-38,-15],[-40,19],[-78,-34],[-29,-65],[-35,-12],[-8,-39],[-31,-68],[-7,-67],[-28,-10],[-23,18],[-31,-26],[-15,-34],[27,-33],[-50,-15],[-59,-38],[-21,-68],[-6,-66],[18,-54],[8,-114],[29,6],[39,-23],[11,-36],[-48,-7],[-27,-66],[-42,-36],[14,-23],[-31,-68],[33,-22],[-3,-51],[37,-57],[18,-54],[-16,-22],[15,-27],[64,-46],[10,-29],[78,-65],[15,-41],[1,-35],[-46,-14],[-9,-32],[26,-7],[43,-47],[-49,-28],[22,-24],[-27,-31],[33,-40],[23,-2],[18,-34],[-3,-73],[-49,-7],[1,-37],[29,-17],[-13,-33],[5,-66],[-75,-35],[30,-37],[32,5],[0,-40],[-22,-42],[-51,12],[-18,-7],[54,-115],[-20,-20],[-56,8],[-26,-26],[-7,-56],[37,-26],[9,-71],[-80,-84],[-30,-5],[-1,-72],[-9,-29],[16,-22],[-90,-51],[18,-27],[-14,-49],[-19,13],[-25,-21],[-3,-69],[48,-57],[-14,-50],[-47,-18],[-2,-51],[30,17],[34,-11],[-7,-55],[-32,-10],[-2,-45],[-51,-7],[24,-61],[53,1],[-20,-44],[-58,11],[-6,-36],[-77,-69],[-7,-21],[22,-36],[-72,-66],[23,-38],[-47,-33],[13,-40],[-19,-32],[1,-25],[41,-22],[28,2],[-2,-32],[-20,-37],[-29,-22],[-43,-17],[5,-32],[32,-19],[8,-32],[-27,-42],[-45,-27],[-21,2],[-7,39],[-18,2],[-30,-46],[-6,-75],[-42,-7],[-42,13],[-12,-37],[5,-35],[-13,-31],[20,-41],[-30,-46],[-55,14],[-17,-18],[-9,-73],[-41,-4],[-74,-31],[2,38],[-33,2],[-15,-25],[-45,20],[-27,-59],[-32,-4],[6,-57],[-56,-16],[-6,-37],[-34,26],[-21,-63],[1,-30],[42,-24],[3,-72],[-44,14],[-46,0],[-6,-53],[-27,-41],[-6,-41],[-45,-45],[54,-11],[-6,-43],[-52,25],[-41,-38],[14,-44],[-23,-32],[-56,-8],[2,-70],[-11,-24],[-45,7],[-13,-22],[23,-29],[-48,-36],[-46,9],[12,-39],[6,-60],[20,-16],[-31,-50],[-25,-9],[-65,24],[-49,-22],[-41,0],[53,-56],[-30,-18],[21,-35],[-49,7],[-8,28],[-36,-6],[-40,-89],[-28,15],[-27,-9],[-23,-48],[33,-13],[-5,-26],[-85,-6],[30,-30],[-56,-40],[-7,48],[-76,10],[-11,-27],[-39,-18],[11,-86],[-54,-48],[-38,12],[-13,-32],[6,-40],[51,-4],[19,22],[41,-39],[-4,-27],[-45,-24],[-26,9],[-34,-14],[-3,-64],[-24,9],[-53,-3],[-15,51],[-30,-21],[51,-81],[38,-22],[46,-7],[-8,-36],[-25,-18],[-46,-56],[3,-35],[-31,-23],[-15,-58],[-43,-15],[-32,-56],[-35,-9],[-29,-25],[27,-37],[3,-41],[-28,-47],[-67,-23],[-43,-40],[-35,16],[-65,-36],[18,-42],[-18,-43],[-20,-11],[-10,-34],[-33,-58],[-48,-27],[-20,-30],[-38,-125],[-40,-50],[-30,-69],[-29,-45],[-66,-28],[-24,-32],[-20,49],[-18,12],[-59,-38],[-45,0],[-79,-39],[18,-64],[-5,-55],[14,-35],[-40,-16],[-49,4],[-36,-24],[20,-21],[7,-47],[27,-5],[-1,-43],[24,-44],[-38,-34],[1,-30],[-26,-31],[-36,-19],[-9,-20],[-32,-5],[-16,-19],[1,-40],[32,-21],[-2,-32],[32,-42],[-41,-28],[15,-46],[30,-11],[11,-80],[-102,-8],[16,-47],[-14,-28],[-11,-83],[4,-29],[-36,-44],[-3,-60],[-22,-17],[14,-37],[30,9],[49,-19],[0,-31],[23,-13],[-13,-36],[59,-34],[48,10],[44,20],[60,50],[-7,-43],[22,-15],[80,5],[31,-19],[65,17],[33,-12],[88,-2],[38,-12],[9,19],[59,-10],[52,8],[51,-18],[73,-41],[46,-12],[-16,-32],[37,-20],[67,-10],[54,-25],[78,-55],[54,-82],[60,-48],[36,-42],[18,-6],[95,22]],[[53340,78873],[29,37],[32,15],[37,-36],[25,17],[-23,48],[37,15],[39,-14],[9,21],[-19,41],[29,23],[27,-9],[-1,58],[-31,36],[21,24],[27,-49],[65,-21],[25,28],[25,1],[8,29],[-50,-7],[43,81],[-14,28],[11,45],[32,32],[-6,23],[-30,18],[-11,34],[-74,-84],[-32,-17],[-48,5],[26,80],[50,71],[-14,38],[-49,-31],[-64,11],[5,22],[55,16],[4,28],[-30,27],[-1,24],[19,35],[-19,40],[36,10],[-7,25],[-53,55],[-3,17],[47,35],[42,2],[46,32],[32,48],[-54,30],[30,25],[28,64],[-7,60],[-26,19],[-31,5],[-17,34],[-31,11],[32,73],[-13,64],[-20,16],[8,64],[-35,11],[-26,26],[0,29],[47,-24],[50,43],[-19,18],[48,33],[30,31],[3,23],[-54,-1],[-22,12],[-42,-7],[-18,33],[42,27],[-5,55],[-64,29],[22,22],[-39,35],[-11,45],[26,35],[-2,27],[-26,23],[-7,30],[-41,-13],[-2,59],[71,12],[-15,-42],[42,-32],[36,21],[17,33],[37,26],[-6,42],[-51,12],[-13,25],[-14,82],[-25,8],[-19,-19],[-37,3],[-18,29],[15,83],[20,-19],[40,32],[38,57],[43,48],[50,82],[26,19],[-13,38],[24,38],[-27,18],[-27,36],[74,2],[60,44],[3,50],[-21,37],[34,53],[-18,44],[63,28],[12,23],[-34,74],[69,23],[51,42],[30,85],[30,23],[-9,39],[12,44],[42,42],[16,81],[25,41],[-12,19],[-109,-10],[-31,59],[0,63],[-23,28],[0,34],[17,94],[38,74],[-3,25],[24,44],[31,-22],[28,14],[11,28],[27,21],[49,16],[47,-3],[40,27],[49,-13],[54,9],[17,33],[71,-17],[33,13],[65,85],[31,9],[-7,50],[27,32],[27,57],[37,11],[34,67],[20,21],[3,64],[10,23],[-14,32],[3,78],[32,61],[24,63],[9,46],[25,36],[41,22],[49,72],[10,73],[23,55],[60,39],[43,47],[28,69],[27,17],[26,44],[-3,44],[27,28],[9,69],[25,26],[-1,26],[25,70],[37,60],[18,93],[-29,12],[-23,38],[3,27],[-16,38],[-30,-1],[-26,63],[63,58],[-10,48],[10,39],[-18,33],[-9,91],[-22,53],[25,67],[-14,33],[7,47],[-13,30],[-39,28],[-5,34],[-60,84],[-7,42],[-16,12],[15,44],[-31,73],[5,25],[-32,38],[-2,62],[9,42],[-21,51],[17,57],[-22,55],[-33,117],[-27,72],[-38,10],[-42,-13],[-39,18],[-36,72],[2,21],[-36,39],[0,73],[-31,42],[-57,18],[-2,30],[-26,24],[-7,37],[-33,19],[-53,59],[-99,69],[-44,61],[-13,31],[3,66],[-38,84],[-18,11],[24,92],[33,24],[-1,33],[32,-1],[24,38],[48,37],[56,57],[6,27],[24,25],[-21,56],[12,70],[22,14],[-29,42],[23,20],[-17,39],[23,31],[-7,45],[14,71],[-10,28],[34,24],[29,58],[-12,23],[13,45],[-39,25],[-2,44],[-20,37],[18,15],[-20,37],[-5,63],[24,41],[-28,28],[-1,25],[-36,31],[6,39],[-14,39],[32,23],[-4,37],[-27,51],[22,30],[-34,13],[-10,33],[18,36],[-9,47],[-40,34],[-36,7],[-59,32],[-32,54],[-55,-7],[-22,38],[-23,12],[-2,71],[-22,56],[6,21],[-61,23],[6,37],[24,17],[-7,53],[23,6],[-5,42],[-38,-15],[-72,-2],[-5,27],[-38,41],[14,20],[-3,32],[53,4],[99,50],[19,27],[50,-8],[44,25],[54,5],[44,17],[8,23],[-38,6],[2,38],[27,-7],[78,17],[4,66],[-21,42],[-52,34],[-8,29],[19,30],[-25,60],[10,75],[-32,51],[11,12],[58,-17],[56,16],[17,33],[3,49],[45,28],[31,39],[68,5],[45,-9],[44,40],[74,12],[46,-15],[10,-41],[56,-45],[74,37],[-1,25],[75,8],[26,-24],[61,31],[13,29],[43,-22],[24,4],[39,54],[42,5],[26,-12],[27,44],[41,-43],[16,17],[40,-9],[31,53],[20,-11],[33,30],[36,-14],[-7,80],[35,18],[13,50],[28,-10],[30,19],[-9,44],[47,16],[65,5],[39,38],[47,-1],[-12,46],[32,11],[58,74],[53,17],[49,53],[26,-2],[78,62],[31,2],[-10,57],[2,42],[34,96],[-49,65],[-4,28],[-28,20],[-16,51],[37,22],[8,36],[-43,32],[-9,35],[-26,36],[21,12],[-7,43],[-39,15],[20,61],[-4,45],[31,109],[-83,0],[-35,14],[-38,-14],[-47,21],[-17,37],[-37,53],[-60,52],[-24,41],[-3,101],[10,60],[-22,53],[-6,69],[-33,75],[40,66],[10,64],[-33,32],[-19,35],[-9,66],[-16,29]],[[55609,92026],[-4,88],[-46,48],[-40,73],[-8,38],[25,61],[-13,113],[50,95],[-1,21],[-30,101],[26,65],[16,73],[27,29],[40,-33],[35,-11],[84,4],[93,-16],[86,-72],[28,3],[17,-30],[1,-34],[29,-44],[108,-12],[23,-17],[57,-74],[90,-26],[8,-49],[30,-60],[15,-12],[69,-10],[41,-28],[40,-8],[41,-35],[3,-163],[63,-35],[24,-24],[-60,-51],[-22,-83],[17,-20],[62,-34],[50,-20],[25,-31],[52,-30],[56,-3],[61,29],[53,91],[65,66],[4,26],[75,40],[45,-17],[81,-17],[15,5],[12,43],[90,76],[41,48],[39,-4],[43,-22],[78,-77],[44,-24],[64,2],[26,-53],[49,-8],[26,10],[34,33],[-3,71],[55,103],[1,43],[-13,52],[44,49],[16,36],[44,32],[27,46],[-39,57],[4,25],[121,52],[72,-68],[55,-12],[33,-23],[-13,-58],[96,-54],[42,8],[89,0],[51,-6],[51,-65],[-49,227],[-68,282],[-57,255]],[[58320,93072],[93,-46],[23,6],[20,31],[61,21],[83,4],[44,65],[45,38],[28,8],[40,30],[82,-35],[58,20],[3,43],[17,25],[88,47],[31,5],[137,-24],[25,41],[46,16],[23,23],[15,51],[103,21],[30,-35],[30,-5],[40,-41],[32,-11],[32,-28],[44,-3],[17,-36],[30,-3],[80,-53],[77,-36],[27,-6],[39,-67],[22,-11],[23,-48],[102,-31],[22,-38],[-7,-45],[35,-10],[26,29],[57,-73],[31,-12],[32,16],[11,-32],[63,-13],[28,-33],[-4,-38],[70,8],[23,21],[30,-1],[49,24],[33,4],[26,47],[44,19],[15,-21],[27,9],[50,-18],[89,13],[38,-10],[70,5],[73,-18],[13,-49],[0,-45],[-36,-81],[17,-40],[64,-32],[14,-37],[36,17],[15,30],[28,15],[15,43],[36,-20],[31,2],[32,26],[43,22],[32,-2],[18,18],[51,6],[45,40],[28,13],[22,31],[38,-6],[8,28],[45,2],[9,-19],[52,16],[80,1],[36,-17],[15,21],[27,-18],[68,-27],[53,21],[52,-37],[70,-3],[35,29],[12,-21],[-23,-63],[9,-53],[28,-42],[-76,-43],[-12,-31],[22,-25],[41,-4],[46,-70],[12,-46],[-19,-64],[1,-112],[20,-32],[51,-15],[36,-42],[20,-58],[-29,-58],[-1,-103],[32,-37],[53,-84],[28,-10],[76,0],[39,-12],[71,23],[62,-8],[18,-14],[14,-43],[47,-37],[2,-21],[-64,-34],[-6,-82],[-16,-26],[21,-72],[48,-46],[17,-38],[47,-28],[36,4],[31,31],[52,-18],[42,7],[43,-7],[19,9],[62,59],[75,2],[51,-44],[38,-17],[39,12],[41,40],[37,10],[63,-38],[18,-22],[-4,-98],[35,-30],[-6,-37],[47,-77],[197,-51],[53,-30],[58,26],[25,-31],[22,-6],[74,25],[30,33],[62,-28],[40,-48],[11,-47],[51,-46],[10,-29],[10,-125],[48,-26],[15,-25],[-13,-60],[-3,-83],[-20,-68],[-26,-59],[33,-11],[91,7],[65,-13],[33,-17],[44,-54],[73,8],[126,1],[43,-27],[18,-28],[43,-27],[94,-23],[39,0],[88,22],[44,4],[55,-6],[147,-92],[69,-28],[35,-22],[-32,-31],[21,-30],[37,17],[14,-24],[-25,-18],[3,-60],[-67,-40],[7,-34],[41,-1],[5,-51],[29,-15],[3,-33],[22,-47],[-11,-75],[53,-31],[-30,-20],[-30,-2],[-27,-39],[36,-22],[-59,-59],[-21,-37],[-46,12],[10,-54],[-44,-1],[16,-60],[-82,-112],[-21,-54],[-4,-36],[-29,-42],[-37,-85],[-52,-73],[-68,-56],[-20,-32],[-69,-43],[-41,68],[-25,2],[-25,-32],[-38,-12],[0,29],[-29,-2],[-9,-41],[-33,-4],[-89,30],[-29,1],[-56,-17],[-2,-45],[-41,19],[-5,33],[-33,10],[-27,22],[-46,-53],[6,-26],[33,-19],[-68,-16],[-17,-14],[-12,-51],[-46,-34],[-29,-3],[-24,19],[-30,-3],[21,-54],[-38,-31],[-27,22],[-24,-7],[-13,-48],[-64,4],[-30,-34],[-2,-22],[64,-50],[25,1],[20,-43],[-1,-28],[-43,2],[-19,-39],[-26,-14],[18,-85],[-23,-18],[-60,-14],[16,-51],[-44,-6],[-24,38],[-32,-10],[-26,-38],[-12,-81],[6,-23]],[[67766,87474],[30,24],[24,60],[23,30],[-40,51],[33,18],[27,45],[34,36],[-7,26],[19,44],[-22,30],[17,23],[1,34],[75,8],[-16,30],[-53,14],[19,22],[1,41],[53,33],[-1,26],[21,29],[-15,36],[4,27],[46,47],[7,62],[-27,12],[11,41],[26,18],[30,53],[7,40],[-6,80],[-12,19],[-44,-25],[-23,10],[-16,59],[-26,-15],[-23,52],[-25,19],[-27,70],[-44,26],[-2,28],[32,20],[8,35],[-48,-9],[-32,60],[-9,36],[69,14],[22,31],[-6,25],[17,23],[28,-24],[59,57],[-45,90],[-26,12],[37,42],[8,48],[23,16],[0,50],[-11,29],[37,38],[33,-3],[2,39],[-16,68],[44,-2],[-2,26],[56,15],[-1,49],[-35,23],[-15,27],[69,31],[37,45],[-11,56],[-34,14],[2,32],[24,42],[-6,36],[13,40],[-31,48],[-20,53],[-28,13],[23,86],[-16,27],[-2,33],[-91,27],[-15,27],[-52,5],[10,50],[-11,48],[-43,22],[-30,32],[-45,24],[-25,31],[-48,14],[-53,70],[-43,10],[-10,52],[-33,7],[-12,28],[-49,41],[-37,-12],[-63,1],[5,51],[-17,9],[-69,-19],[-23,3],[18,42],[-4,32],[53,51],[30,10],[20,57],[-29,45],[5,23],[-11,101],[-24,34],[10,21],[75,12],[-27,56],[-32,34],[17,40],[-12,32],[17,19],[3,34],[39,18],[41,-43],[39,-10],[52,27],[18,35],[33,29],[8,23],[0,76],[-33,12],[-5,50],[22,29],[42,10],[53,25],[62,15],[-36,30],[-29,-1],[-56,67],[7,28],[32,57],[63,27],[25,49],[60,1],[20,10],[-9,46],[-21,26],[-50,31],[-84,35],[-21,24],[-21,86],[-55,88],[38,48],[-29,133],[61,48],[0,27],[-30,19],[-34,61],[2,95],[-34,27],[16,44],[-14,41],[-25,28],[1,29],[29,30],[4,47],[-15,26],[15,47],[6,74],[-54,34],[-17,24],[0,59],[-24,56],[7,59]],[[67548,93268],[50,26],[84,3],[44,9],[13,27],[54,37],[55,-4],[65,-40],[39,-12],[35,16],[44,1],[38,-24],[28,-35],[72,-57],[29,-12],[68,7],[47,63],[24,14],[37,-2],[24,31],[50,20],[64,0],[54,-9],[122,90],[82,71],[25,28],[-23,34],[26,168],[51,43],[41,-7],[50,7],[44,-29],[55,-60],[102,6],[28,-8],[58,6],[27,25],[48,8],[25,15],[5,105],[23,14],[120,32],[75,42],[45,16],[134,-8],[64,19],[80,-9],[33,-22],[71,-70],[49,-27],[50,-11],[30,14],[23,-15],[70,-15],[112,-96],[-1,-44],[-26,-59],[6,-36],[31,-31],[36,0],[18,27],[42,17],[67,3],[29,-11],[26,-55],[80,-47],[117,-93],[39,-39],[52,-14],[16,9],[23,51],[50,14],[76,-18],[31,8],[39,-11],[60,30],[90,26],[18,-31],[54,-55],[19,-30],[23,-60],[27,-26],[69,15],[9,-45],[41,-54],[73,-16],[41,-50],[6,-21],[47,39],[41,17],[25,-8],[46,13],[54,-25],[55,-45],[160,-31],[34,15],[30,28],[3,62],[35,33],[-4,48],[17,24],[17,54],[19,33],[43,5],[31,-50],[90,-72],[34,10],[16,-13],[11,-68],[39,-23],[64,11],[41,-10],[60,1],[72,-31],[32,16],[53,67],[44,93],[80,3],[49,-20],[55,-3],[48,11],[18,-39],[-4,-65],[9,-21],[94,-12],[68,1],[53,-18],[24,3],[57,-25],[43,1],[36,-25],[68,-19],[45,-36],[50,-17],[50,-33],[53,37],[21,3],[50,-40],[36,-14],[59,12],[64,32],[68,-2],[80,-37],[28,-3],[40,-29],[18,4],[82,96],[32,7],[22,-27],[40,22],[32,-8],[26,10],[67,-4],[63,19],[28,28],[47,16],[24,56],[48,41],[32,42],[73,30],[96,-15],[59,31],[33,-9],[103,15],[82,-11],[73,15],[96,-6],[57,-23],[54,-51],[101,-28],[65,-49],[16,17],[63,1],[36,40],[46,4],[11,-36],[71,-13],[47,-44],[17,-54],[24,-24],[32,11],[-13,51],[21,21],[34,1],[62,-22],[27,-23],[7,-46],[16,-14],[79,-10]],[[44096,92396],[-7,40],[13,33],[26,-10],[44,44],[6,40],[-12,18],[23,72],[-39,11],[-54,36],[5,43],[-37,36],[-4,25],[62,89],[-9,76],[-51,46],[18,45],[11,67],[13,30],[-12,55],[-44,51],[22,35],[-17,20],[8,59],[-13,22],[17,84],[-28,112],[-18,30],[11,101],[-11,21]],[[44019,93727],[101,51],[297,163],[1182,-314],[-20,-15],[-27,10],[-50,-28],[5,-58],[-15,-19],[5,-69],[-53,-93],[-26,9],[-34,-14],[-1,-36],[-37,5],[-19,-26],[12,-33],[-2,-48],[-31,-6],[-29,31],[-27,-25],[14,-47],[-17,-20],[1,-35],[28,-1],[12,-26],[-17,-21],[10,-58],[17,-30],[-11,-32],[62,-121],[-49,-20],[-39,1],[-34,-23],[-27,-42],[-6,-64],[-16,-6],[-100,13],[-30,-2],[-42,-54],[-4,-27],[-35,-14],[-25,-37],[-39,-23],[-31,-5],[-22,-27],[-51,-14],[-64,-36],[-24,1],[-10,-35],[-63,-94],[-35,19],[-103,39],[23,46],[4,55],[-101,-30],[-15,59],[-35,-9],[-33,6],[-36,-23],[-58,-8],[-19,-39],[-40,8],[-44,-41],[-50,1]],[[42134,93585],[-122,119],[-196,201]],[[41816,93905],[66,13],[43,22],[102,8],[31,-3],[0,-62],[27,-46],[62,-73],[-3,-47],[13,-61],[-23,-71]],[[27772,93243],[-13,-89],[4,-42],[70,-50],[41,12],[75,3],[41,24],[65,-4],[54,7],[33,-21],[21,-45],[55,-22],[44,-83],[13,-42],[-8,-39],[-37,-69],[11,-55],[19,-23],[39,-81],[58,-63],[40,-28],[7,-21],[75,-43],[17,-58],[33,-19],[39,-8],[45,-28],[41,1],[26,47],[38,40],[39,23],[31,-42],[35,-32],[-30,-68],[12,-33],[68,-19],[76,-48],[71,9],[38,20],[34,36],[39,62],[33,3],[79,-40],[39,0],[42,17],[64,64],[37,53],[12,56],[52,99],[23,14],[37,-3],[86,-60],[43,22],[94,-15],[54,4],[50,13],[91,35],[33,-1],[26,-15],[50,-1],[27,-23],[4,-67],[56,-61],[23,-46],[46,-54],[10,-85],[26,-43],[84,-67],[50,-23],[34,-28],[29,-59],[0,-31],[-42,-95],[10,-76],[-76,-72]],[[30357,91767],[-64,47],[-152,-8],[-303,-126],[-143,-62],[-157,-75],[-158,-80],[-110,-50],[-150,-75],[-168,-82],[-150,-76],[-300,-141],[-125,-62],[-63,-27],[-208,-104],[-109,-50],[-342,-165],[-233,-117],[-64,-28],[-37,0],[-51,36],[-23,53],[-74,79],[-50,26],[-51,49],[-7,38],[23,41],[-10,56],[-16,25],[-53,18],[-56,54],[-43,54],[-89,67],[-28,41],[2,73],[-26,70]],[[26769,91266],[8,69],[16,41],[-8,94],[48,110],[91,41],[32,26],[38,94],[-3,42],[-20,23],[-23,61],[-11,119],[-81,105],[-17,82],[-31,31],[-16,38],[-70,61],[-63,70],[10,13]],[[26669,92386],[73,58],[26,51],[-3,112],[-12,70],[-35,69],[19,91],[-24,37],[27,70],[-23,49],[28,46],[50,47],[45,21],[-13,78],[6,19],[41,50],[-10,89],[-36,86],[14,61],[87,97],[85,106],[117,92],[59,71],[31,64],[25,20],[33,6],[41,-18],[41,-35],[37,-53],[29,-12],[114,-83],[32,-47],[-10,-82],[4,-29],[59,-87],[48,-11],[17,-20],[20,-64],[12,-74],[20,-48],[29,-40]],[[43832,91321],[17,74],[60,10],[0,45],[14,95],[-22,20],[8,56],[-24,35],[4,46],[-12,23],[5,42],[17,33],[13,62],[-3,31],[-31,20],[32,49]],[[43910,91962],[41,-13],[65,16],[84,58],[64,32],[56,-9],[41,-76],[33,-20],[25,6],[27,38],[39,22],[68,19],[30,0],[38,-15],[40,-41],[35,-24],[61,3],[96,-5],[77,15],[63,-4],[63,-16],[89,-49],[31,-10],[82,17],[53,22],[141,72],[73,16],[40,-10],[102,-38],[42,-2],[47,13],[43,47],[55,84],[49,42],[89,57],[76,27],[102,-11],[91,8],[61,20],[39,4],[52,16],[75,35],[63,52],[32,42],[37,67],[-2,38],[-64,28],[-21,38],[-1,35],[13,121],[11,39],[35,69],[2,76],[19,41],[50,44],[128,18],[85,40],[131,91],[53,48],[59,44],[29,52],[36,13],[64,-23],[34,-27],[56,-60],[63,-21],[50,29],[55,18],[33,-3],[67,19],[29,-12],[18,-40],[5,-67],[15,-79],[-15,-43],[9,-34],[48,-90],[35,-15],[136,26],[138,5],[95,-20],[49,-21],[87,13],[43,-12],[47,30],[67,18],[26,17],[44,-27],[19,-57],[-18,-72],[-49,-74],[-27,-10],[-5,-40],[7,-33],[-32,-44],[10,-79],[-19,-29],[22,-20],[47,25],[30,-6],[-1,40],[45,19],[36,-41],[8,-54],[77,24],[26,18],[58,24],[34,29],[47,19],[46,29],[54,81],[76,58],[31,-4],[60,17],[145,101],[63,-2],[56,32],[46,51],[34,24],[59,21],[28,21],[36,60],[75,67],[33,-9],[28,12],[44,48],[-6,48],[19,34],[48,-14],[49,-1],[40,60],[71,38],[17,39],[25,27],[68,48],[27,38]],[[49968,93448],[15,41],[28,-4],[31,-38],[60,9],[62,33],[13,31],[62,17],[-3,44],[55,31],[-5,40],[16,28],[-21,48],[6,14],[-34,39],[7,38],[67,44],[60,3],[58,28],[14,51],[46,45],[25,43],[76,56],[45,39],[84,34],[11,36],[-10,32],[43,29],[41,14],[18,-35],[77,-57],[123,5],[15,13],[56,15],[64,58],[88,69],[39,49],[41,-31],[37,-14],[73,-3],[92,-71],[15,-49],[34,-10],[15,-66],[23,-20],[-24,-31],[-39,-13],[-37,-43],[-72,-47],[-30,-2],[-39,-71],[-37,6],[2,-39],[-25,-25],[-34,-9],[-24,-45],[-55,-13],[2,-43],[-29,-30],[1,-29],[-18,-26],[-14,-59],[22,-30],[1,-27],[-26,-65],[19,-93],[20,-58],[36,-31],[39,-58],[-4,-41],[105,-16],[44,11],[24,23],[30,5],[18,-23],[40,-19],[-3,-51],[20,-15],[24,-51],[23,12],[14,-30],[-23,-14],[3,-54],[32,-44],[36,9],[48,-9],[45,19],[24,25],[51,2],[34,-36],[78,-2],[30,-30],[-9,-60],[8,-22],[48,-74],[26,-17],[155,-19],[18,-20],[62,-167],[28,-132],[38,-81],[44,-63],[1,-58],[-10,-44],[46,-32],[4,-19],[-22,-61],[48,-34],[32,-79],[22,-10],[45,20],[77,8],[71,-12],[84,16],[50,53],[9,36],[63,49],[102,57],[78,-9],[79,19],[25,-16],[56,13],[35,-12],[112,54],[34,-2],[96,54],[52,16],[5,-35],[-19,-38],[-46,-34],[3,-103],[6,-37],[20,-38],[29,-15],[30,-94],[36,-24],[29,0],[46,-24],[49,-1],[74,21],[48,-27],[33,-2],[32,17],[38,-3],[91,14],[41,-4],[51,-42],[32,-14],[26,-31],[150,-26],[68,-52],[33,-14],[52,2],[45,20],[53,50],[66,29],[44,11],[23,30],[24,5],[66,51],[66,32],[73,-2],[39,30],[32,2],[37,-18],[31,3],[83,-15],[93,11],[49,-3],[34,26],[69,36],[46,8],[41,19],[46,33],[23,4]],[[56696,93756],[11,33],[91,89],[37,62],[-22,47],[-2,48],[-18,71],[-34,23],[-11,24],[8,39],[31,33],[53,-9],[34,10],[15,80],[21,17],[58,19],[63,58]],[[57031,94400],[18,-271],[-347,-363],[-6,-10]],[[41816,93905],[-29,4],[-31,25],[-45,79],[-46,126],[-24,98],[-58,184]],[[41583,94421],[41,-9],[23,-34],[65,-194],[104,-279]],[[94075,94367],[-5,-31],[18,-54],[-22,-79],[35,-52],[0,-55],[-38,-16],[-85,-14],[-113,-37],[-46,-3],[-50,-14],[-61,3],[-12,-36],[-30,-22],[-81,-3],[-46,-22],[-64,13],[-117,35],[-66,27],[-108,54],[-32,9],[-78,-2]],[[93074,94068],[6,54],[19,17],[68,28],[15,21],[-3,66],[59,55],[30,0],[52,38],[12,62],[38,21],[12,26],[29,12],[113,11],[26,14],[69,-14],[31,18],[67,-16],[91,42],[30,-7],[64,11],[36,-51],[31,-11],[4,-67],[58,-29],[44,-2]],[[41583,94421],[-118,-77],[-43,3],[-12,-33],[-75,-12],[-29,-24],[-33,-2],[-3,71],[4,307],[16,38],[-39,84],[-7,38],[7,50],[-34,7],[23,35],[-3,128],[18,21],[88,14],[57,32],[73,-8],[39,8],[53,36],[39,-3],[79,53],[192,91],[118,65],[144,67],[559,276]],[[42696,95686],[-22,-84],[-30,-19],[-34,-42],[-39,-20],[-43,-64],[2,-68],[-14,-42],[-64,-120],[32,-36],[2,-22],[-26,-35],[-23,-58],[9,-67],[-9,-74],[13,-27],[-128,-9],[-625,-50],[-283,-34],[45,-175],[44,-58],[15,-72],[49,-45],[16,-44]],[[42876,95774],[162,81]],[[43038,95855],[-54,-41],[-47,-71],[-28,2],[-33,29]],[[43097,95884],[-59,-29]],[[43038,95855],[39,30],[20,-1]],[[42876,95774],[-180,-88]],[[42696,95686],[44,134],[2,40],[22,70],[19,12],[43,-15],[73,31],[33,-36],[-29,-110],[-27,-38]],[[57031,94400],[-29,447],[-75,1136]],[[56927,95983],[57,-423],[34,-345],[62,-545],[15,-55],[-3,-113],[-27,-65],[-34,-37]],[[43483,95916],[-52,19],[-44,4],[-68,-15],[-41,-17],[-56,-88],[-7,-63],[-13,-46],[-36,2],[17,84],[0,45],[-15,17],[-71,26]],[[43097,95884],[246,121],[30,1],[110,-90]],[[97115,95737],[-78,-42],[-21,0],[-93,-58],[-70,-19],[-51,-29],[-83,-36],[-33,-37],[-27,-9],[-134,-17],[-65,-34],[-49,-37],[-36,4],[-184,-72],[-59,-17],[-29,-17],[-64,27],[-57,-11]],[[95982,95333],[-5,54],[12,76],[42,6],[65,-4],[25,23],[33,6],[9,33],[67,22],[23,-27],[48,-4],[32,10],[36,29],[10,29],[39,-8],[24,14],[44,-13],[83,6],[30,67],[-2,45],[33,-16],[51,27],[37,35],[105,47],[110,80],[26,38],[20,-25],[56,4],[49,-52],[25,-47],[6,-51]],[[97626,95715],[47,50],[136,65],[41,12],[58,-11],[39,-31],[21,6],[15,42],[80,25],[39,36]],[[98102,95909],[11,-70],[-29,-38],[3,-61],[-11,-53],[-63,-100],[-45,-34],[-78,10],[-29,-24],[-65,-25],[-46,21],[-40,29],[-38,109],[-46,42]],[[76509,93162],[9,52],[37,38],[21,49],[81,33],[88,9],[46,-18],[114,-4],[11,-19],[7,-55],[30,-30],[23,-40],[-10,-58],[40,-46],[130,-4],[140,-31],[52,18],[61,71],[-6,76],[22,26],[71,11],[50,16],[54,-13],[58,68],[0,32],[19,50],[-12,28],[10,37],[-35,33],[11,65],[79,5],[68,30],[32,32],[78,-8],[58,-22],[29,2],[45,18],[32,-24],[36,-5],[35,-18],[20,79],[-15,20],[45,57],[29,9],[8,23],[32,9],[-1,67],[40,44],[-2,40],[27,1],[-3,51],[33,19],[1,28],[49,67],[44,-9],[5,35],[39,-9],[62,28],[20,-2],[27,71],[26,13],[84,-24],[33,57],[55,-12],[-32,82],[2,38],[61,8],[28,26],[42,21],[23,-20],[72,47],[35,3],[26,27],[56,22],[33,3],[-20,52],[1,41],[22,42],[8,40],[40,68],[18,-37],[62,14],[2,39],[56,27],[13,30],[45,62],[8,51],[-23,31]],[[79359,94945],[219,-59],[220,-51],[252,-52],[137,-21],[213,-43],[84,-3],[164,-27],[138,-11],[69,-13],[183,-23],[131,-20],[79,-8],[139,-28],[46,-4],[200,-40],[61,-22],[66,-11],[95,-36],[115,-53],[185,-71],[141,-42],[142,-47],[105,-27],[34,-3],[63,-22],[143,-27],[139,-20],[80,-7],[126,-1],[50,8],[37,42],[27,8],[97,11],[38,23],[244,47],[68,16],[90,33],[129,57],[84,42],[118,71],[44,13],[83,-1],[81,-18],[106,-43],[33,-7],[43,9],[83,-23],[89,-10],[31,-11],[117,-9],[78,-14],[275,-14],[184,2],[142,14],[263,63],[90,27],[136,34],[126,53],[84,45],[138,88],[54,40],[67,67],[33,53],[22,68],[49,110],[8,57],[-5,55],[-38,74],[33,28],[37,13],[43,49],[39,90],[15,64],[2,45],[-19,37],[-86,44],[-28,-11],[-32,66],[20,8],[10,68],[17,38],[36,-54],[-11,-113],[110,-38],[79,-7],[139,13],[55,16],[31,27],[69,10],[19,19],[34,7],[71,32],[38,27],[7,25],[59,55],[21,46],[2,46],[-26,27],[4,25],[45,16],[75,11],[66,-6],[36,20],[-18,28],[34,11],[25,27],[-25,18],[-65,-9],[-15,-26],[-47,17],[1,38],[64,8],[101,-20],[21,6],[4,35],[62,1],[12,-26],[-11,-38],[9,-29],[32,-24],[77,-25],[3,24],[-27,21],[0,33],[-29,4],[10,35],[65,5],[47,16],[24,-21],[-23,-46],[-1,-35],[-30,-5],[28,-39],[-10,-30],[31,-14],[74,16],[12,19],[64,2],[13,-13],[52,38],[-6,64],[63,5],[40,25],[16,-34],[-27,-11],[27,-62],[53,-57],[11,34],[24,25],[28,-5],[67,27]],[[88396,95989],[-58,51],[29,29],[6,-4]],[[88373,96065],[4,-1]],[[88377,96064],[2,-5],[142,-127],[31,-34],[0,-75],[15,-57],[-35,-35],[40,-21],[66,-10],[59,-18],[8,-44],[64,-38],[-2,-47],[21,-51],[57,-10],[52,13],[63,-39],[125,14],[121,-33],[28,-21],[-11,-616],[74,21],[82,35],[69,52],[116,-10],[93,-23],[4,-135],[6,-19],[40,-40],[60,-10],[35,-18],[-67,-42],[7,-14],[63,-40],[3,-35],[18,-15],[138,1],[41,-6],[5,-20],[-39,-32],[20,-74],[96,14],[53,-4],[12,-49],[107,2],[86,12],[21,13],[77,88],[19,14],[54,-2],[45,19],[71,9],[56,-18],[81,17],[36,-25],[39,-69],[79,-66],[14,-24],[6,-147],[56,6],[52,-27],[56,19],[23,-10],[87,15],[179,0],[75,30],[31,-5],[49,-30],[41,-13],[119,10],[121,31],[79,32],[153,78],[64,-1],[99,34],[110,27],[26,14],[79,1],[24,11],[92,17],[29,33],[77,5],[42,16],[55,40],[47,12],[46,-3],[87,-15],[59,-2],[71,15],[65,24],[37,135],[23,29],[109,37],[38,6],[104,-2],[68,-26],[34,-60],[107,-20],[85,30],[69,10],[60,-42],[133,-23],[44,-21],[27,-85],[-31,-100],[32,-35]],[[93074,94068],[-26,-31],[5,-42],[65,-82],[12,-47],[-9,-74],[-16,-12],[-28,-104],[-6,-44],[-17,-23],[16,-81],[18,-40],[45,-15],[1,-19],[74,-97],[-9,-79],[-19,-15]],[[93297,92830],[42,1],[37,35],[105,0],[15,42],[19,19],[50,4],[10,-26],[58,-62],[43,33],[62,8],[87,45],[17,-31],[-30,-98],[3,-57],[28,-43],[-29,-35],[0,-56],[47,-12]],[[94563,92024],[-26,-3],[-87,-41],[-77,-6],[-26,15],[-58,-59],[-52,-12],[-27,-33],[-13,-37],[-57,-86],[48,-66],[-18,-30],[17,-59],[44,-59],[1,-31],[-14,-51],[5,-29],[-40,-54],[-66,-55],[-12,-38],[-30,-19],[-4,-51],[15,-69],[-10,-21],[20,-30],[-4,-42],[-21,-22],[4,-65],[25,-58],[41,-23],[16,-61],[-11,-15],[27,-39],[-20,-22],[13,-23],[-2,-52],[25,-13],[0,-47],[23,-62],[332,-437],[416,-542],[332,-430],[136,-170],[-243,-218],[-619,-539],[-239,-210],[-377,-324],[-72,-698],[53,-60],[32,2],[47,-35],[48,-70],[3,-38],[-11,-18],[27,-36],[-9,-24],[36,-128],[30,-39],[6,-40],[52,-37],[63,-17],[53,-57],[30,-59],[20,-20],[6,-43],[33,11],[15,-64],[44,-40],[3,-26],[39,-26],[81,-660],[10,32],[47,5],[29,39],[40,3],[76,20],[25,40],[54,6],[9,15],[64,-5],[60,64],[58,-2],[30,-13],[41,64],[49,6],[26,26],[24,6],[41,33],[26,-5],[25,23],[85,10],[49,-31],[18,-23],[82,-42],[7,-14],[68,-8],[15,36],[69,26],[63,-7],[12,16],[37,-7],[70,26],[51,8],[58,-8],[28,-34],[92,1],[20,-34],[27,3],[13,-34],[31,-27],[-2,-20],[45,-85],[-7,-31],[57,-18],[44,-5],[14,-19],[56,14],[13,39],[43,-34],[52,-4],[6,-33],[49,-12],[11,-53],[22,2],[20,-29],[41,-16],[22,6],[42,-30],[-11,-40],[31,-14],[26,-30],[42,-106],[32,48],[31,-1],[13,-31],[46,-49],[33,17],[1,-41],[68,27],[65,2],[32,-23],[30,22],[54,-34],[44,11],[71,-79],[9,27],[25,-1],[28,20],[39,7],[44,-30],[61,-27],[58,-41],[13,-36],[-21,-54],[62,-28],[10,-33],[-9,-33],[13,-29],[-14,-30],[-44,16],[-17,-35],[16,-11]],[[97617,84711],[29,-107],[22,-1],[1,-43],[26,-10],[-5,-38],[62,37],[15,27],[33,-42],[20,6],[-8,53],[57,-13],[31,26],[40,-25],[20,3],[77,-15],[-12,-27],[-33,-15],[-4,-34],[61,-38],[49,30],[19,-21],[18,-44],[66,4],[26,-29],[20,21],[-17,26],[35,20],[25,-65],[36,-37],[10,-39],[42,-1],[52,-42],[10,-33],[-23,-20],[14,-32],[62,22],[-5,23],[39,44],[18,-44],[42,-12],[-29,-34],[36,-34],[-5,-33],[41,-48],[53,-34],[50,27],[4,22],[40,13],[10,34],[44,-17],[24,-59],[0,-44],[-12,-40],[-40,3],[0,-34],[-27,-54],[21,-7],[32,15],[51,-8],[41,-29],[6,-45],[-7,-80],[32,-27],[18,14],[11,55],[22,0],[24,-72]],[[99027,83710],[28,-15],[16,-27],[24,3],[-14,47],[29,10],[8,47],[29,30],[30,-41],[-4,-78],[38,-44],[31,-59],[48,-1],[32,37],[36,64],[46,-18],[10,-32],[-16,-36],[30,-14],[70,42],[-4,-37],[42,-25],[53,1],[11,-49],[75,26],[50,-20],[21,-22],[-20,-49],[74,-7],[16,-14],[18,-47],[-23,-50],[33,-47],[26,-2],[0,-82],[39,-29],[66,-66],[5,-28],[51,-69],[233,-1812],[59,42],[24,43],[129,113],[62,-14],[34,8],[58,-18],[59,-8],[57,4],[21,-51],[4,-36],[34,-8],[15,-43],[129,-56],[60,9],[48,-7],[102,13],[28,27],[56,3],[87,32],[57,44],[35,-8],[32,-30],[31,0],[31,-58],[59,-20],[29,21],[2746,115],[-38,-30],[6,-15],[-40,-38],[-37,-18],[-44,-47],[4,-19],[-25,-48],[-25,-19],[-20,23],[-22,-8],[-6,-32],[-60,-37],[-42,-40],[-56,-4],[-67,-15],[-65,16],[-55,1],[-28,15],[-56,10],[-16,49],[-56,-9],[-65,19],[-62,-11],[-44,-27],[4,-15],[-31,-35],[-11,-52],[-22,-30],[-15,-50],[-16,-13],[-24,-82],[-40,-45],[-13,-54],[-32,-71],[-26,-15]],[[106371,78038],[29,-50],[-21,-60],[16,-82],[0,-48],[32,-59],[5,-26],[-15,-42],[12,-44],[-7,-33],[46,-11],[-11,-45],[13,-13],[58,13],[-6,-52],[16,-42],[61,37],[-1,45],[45,11],[11,-62],[20,-1],[41,-33],[40,23],[7,-43],[35,-23]],[[43483,95916],[-68,104],[0,110],[40,83],[2,74],[34,80],[-3,69],[-34,19],[-6,70]],[[43448,96525],[72,-64],[42,-58],[12,-62],[-15,-84],[12,-86],[-13,-40],[-35,-53],[-16,-44],[0,-32],[17,-85],[-41,-1]],[[27106,96694],[-5,-45],[18,-60],[-52,-40],[-33,-46],[-10,-45],[-69,-112],[-31,-106],[119,-65],[53,-17],[31,-19],[35,-39],[37,-22],[34,-4],[53,34],[40,-7],[44,-57],[30,-16],[71,-67],[2,-27],[-20,-107],[29,-44],[56,18],[55,-2],[66,11],[99,-20],[30,-19],[44,-69],[4,-61],[26,-76],[12,-61],[-5,-29],[12,-39],[-1,-69],[14,-37],[63,-10],[34,-15],[27,-53],[-2,-46],[31,-67],[8,-93],[-16,-40],[2,-52],[-12,-28],[28,-55],[-22,-38],[28,-48],[-8,-57],[-79,-3],[-30,-41],[5,-16],[41,-23],[-6,-38],[-64,-111],[-10,-36],[37,-45],[24,-16],[-11,-32],[-29,-29],[-39,-70],[30,-52],[33,-11],[9,-20],[2,-80],[36,-60],[47,-34],[19,-27],[-31,-58],[-22,-75],[-42,-50],[-4,-30],[35,-71],[9,-35],[22,-22],[20,-53],[-1,-72],[-36,-28],[-44,1],[-13,-25],[16,-47],[-30,-34],[-50,-21],[-16,-33],[-34,-18],[-34,-39],[-43,-31]],[[26669,92386],[-60,-17],[-104,28],[-79,32],[-49,14],[-50,25],[-50,14],[-25,33],[-34,14],[-14,37],[9,79],[-38,46],[-58,33],[-134,30],[-83,-16],[-61,-1],[-49,-19],[-35,15],[-33,54],[-91,126],[-304,444],[-65,93],[-139,181],[-211,302],[-49,66],[-20,46],[4,19],[50,62],[67,11],[86,104],[23,7],[83,1],[76,50],[25,96],[-16,74],[13,41],[22,16],[204,95],[110,47],[200,92],[80,64],[50,52],[33,6],[104,-6],[90,74],[85,48],[86,95],[4,20],[-9,96],[13,38],[64,47],[4,21],[-26,39],[5,31],[65,88],[18,15],[69,10],[68,41],[44,66],[-4,26],[-44,69],[-8,38],[11,75],[69,168],[34,76],[18,117],[-6,83],[9,56],[50,161],[-5,73]],[[26761,96547],[86,-1],[20,7],[74,63],[42,45],[43,36],[30,11],[50,-14]],[[110570,91431],[43,-68],[27,-59],[9,-62],[-18,-77],[-39,-69],[-22,-67],[-33,-66],[-84,-124],[-36,-74],[-55,-99]],[[110362,90666],[-237,-10],[-89,-50],[-27,-45],[-22,-74],[-34,-85],[-6,-101],[6,-31],[-71,-121],[-64,-78],[-92,-89],[-102,-115],[-126,-116],[-65,-70],[-52,-73],[-68,-79],[-37,-81],[-17,-67],[-47,-50],[-12,-42],[77,-75],[24,-35],[-2,-27],[-55,-68],[-47,-93],[-9,-59],[11,-76],[32,-114],[26,-48],[-17,-80],[-32,-67],[-10,-50],[45,-109],[41,-27],[33,-5],[61,11],[115,31],[42,0],[38,-28],[38,-49],[28,-69],[-33,-110],[-14,-67],[-16,-181],[-17,-77],[-40,-90],[14,-60],[31,-65],[29,-33],[41,-20],[123,-25],[38,-11],[56,-35],[60,-22],[43,11],[98,14],[45,-40],[39,-65],[37,-44],[112,-57],[76,-51],[48,-61],[0,-66],[-43,-57],[-73,-46],[-41,-38],[-34,-51],[-27,-68],[1,-72],[17,-42],[42,-71],[20,-59],[39,-51],[63,-49],[35,-18],[-1,-32],[-52,-54],[-5,-50],[16,-57],[11,-121],[23,-33],[54,-40],[28,-92],[29,-28],[69,-33],[54,-99],[5,-49],[-96,-55],[-15,-36],[60,-96],[30,-172],[-8,-31],[-42,-29],[-112,-32],[-35,-45],[-38,-66],[-2,-75],[-19,-48],[7,-43],[-2,-84],[-9,-90],[2,-54],[33,-33],[45,7],[108,32],[76,69],[38,3],[118,-54],[81,-21],[71,7],[86,24],[26,-40],[-44,-90],[-11,-48],[8,-27],[50,-44],[82,-48],[131,-96],[121,-23],[40,-20],[7,-36],[-42,-120],[-6,-74],[7,-58],[34,-20],[57,-2],[127,67],[47,6],[87,-21],[49,28],[19,36],[7,53],[-27,97],[15,14],[129,8],[75,-13],[32,10],[34,30],[-2,33],[-47,102],[11,18],[103,-19],[43,-15],[41,-27],[14,-45],[-3,-58],[-45,-95],[-9,-98],[31,-64],[158,-100],[168,-70],[41,26],[-1,31],[-35,93],[9,79],[36,40],[58,38],[29,9],[34,-11],[5,-23],[72,-21],[43,-24],[101,-73],[70,-63],[59,-4],[37,-23],[-3,-59],[15,-60],[-2,-59],[-24,-41],[-97,-38],[-22,-20],[-20,-51],[-8,-99],[-19,-64],[-34,-66],[-55,-61],[-23,-35],[-34,-103],[-4,-62],[6,-55],[19,-64],[61,-78],[20,-73],[47,-99],[33,-99],[46,-76],[32,-86],[19,-90],[30,-68],[20,-92],[18,-31],[-13,-46],[14,-21],[68,6],[38,-8],[89,17],[82,75],[54,72],[63,50],[61,26],[75,1],[56,-45],[-3,-28],[-113,-98],[-7,-108],[-66,-143],[-54,-69],[-6,-36],[-126,-62],[-159,-98],[-50,-13],[-66,-58],[-14,-41],[5,-76],[12,-83],[19,-64],[18,-83],[0,-87],[-19,-66],[-27,-60],[-53,-84],[-54,-57],[-55,-31],[-175,-60],[-112,-64],[-54,-25],[-59,-68],[-54,-35],[-396,-283],[-197,-160],[-65,-69],[-5,-89],[-90,-160],[-203,-223],[-178,-200],[-151,-61],[-30,-35],[-55,-33],[-103,26],[-55,22],[-35,36],[2,40],[-34,85],[-37,27],[-70,-3],[-103,-35],[-49,-30],[-42,-43],[-28,-52],[-56,-68],[-83,-76],[-42,-25],[-55,-10],[-86,-54],[-103,-109],[-51,-75],[-2,-26],[-70,-17],[-114,-96],[-53,-34],[-32,-32],[-67,-46],[-75,-37],[-40,-10],[-39,5],[-58,36],[-72,27],[-42,6],[-35,35],[-5,34],[-54,50],[-62,20],[-30,-4],[-84,4],[-80,-17],[-79,-37],[-107,-74],[-55,-61],[-40,-34],[-83,-50],[-90,-38],[-85,1],[-22,31],[-66,26],[-66,-16],[-49,-20],[-131,-71],[-23,-21],[-76,-113],[29,-20],[-12,-27],[-35,-18],[-7,-24],[-70,-17],[-105,-77],[-52,-26],[-162,-124],[-74,-10],[-93,-73]],[[107460,78119],[36,-54],[-29,-25],[-60,-73],[-75,-102],[-76,-139],[-38,-61],[-55,-71],[-83,-82],[-101,-75],[-37,-19],[-57,-13],[-84,-9],[-39,25],[-7,43],[-40,-23],[-41,33],[-20,1],[-11,62],[-45,-11],[1,-45],[-61,-37],[-16,42],[6,52],[-58,-13],[-13,13],[11,45],[-46,11],[7,33],[-12,44],[15,42],[-5,26],[-32,59],[0,48],[-16,82],[21,60],[-29,50],[-3172,2177],[6,353],[26,15],[32,71],[13,54],[40,45],[24,82],[16,13],[15,50],[22,30],[11,52],[31,35],[-4,15],[44,27],[62,11],[65,-19],[56,9],[16,-49],[56,-10],[28,-15],[55,-1],[65,-16],[67,15],[56,4],[42,40],[60,37],[6,32],[22,8],[20,-23],[25,19],[25,48],[-4,19],[44,47],[37,18],[40,38],[-6,15],[38,30],[-2746,-115],[-29,-21],[-59,20],[-31,58],[-31,0],[-32,30],[-35,8],[-57,-44],[-87,-32],[-56,-3],[-28,-27],[-102,-13],[-48,7],[-60,-9],[-129,56],[-15,43],[-34,8],[-4,36],[-21,51],[-57,-4],[-59,8],[-58,18],[-34,-8],[-62,14],[-129,-113],[-24,-43],[-59,-42],[-233,1812],[-51,69],[-5,28],[-66,66],[-39,29],[0,82],[-26,2],[-33,47],[23,50],[-18,47],[-16,14],[-74,7],[20,49],[-21,22],[-50,20],[-75,-26],[-11,49],[-53,-1],[-42,25],[4,37],[-70,-42],[-30,14],[16,36],[-10,32],[-46,18],[-36,-64],[-32,-37],[-48,1],[-31,59],[-38,44],[4,78],[-30,41],[-29,-30],[-8,-47],[-29,-10],[14,-47],[-24,-3],[-16,27],[-28,15]],[[99027,83710],[-24,72],[-22,0],[-11,-55],[-18,-14],[-32,27],[7,80],[-6,45],[-41,29],[-51,8],[-32,-15],[-21,7],[27,54],[0,34],[40,-3],[12,40],[0,44],[-24,59],[-44,17],[-10,-34],[-40,-13],[-4,-22],[-50,-27],[-53,34],[-41,48],[5,33],[-36,34],[29,34],[-42,12],[-18,44],[-39,-44],[5,-23],[-62,-22],[-14,32],[23,20],[-10,33],[-52,42],[-42,1],[-10,39],[-36,37],[-25,65],[-35,-20],[17,-26],[-20,-21],[-26,29],[-66,-4],[-18,44],[-19,21],[-49,-30],[-61,38],[4,34],[33,15],[12,27],[-77,15],[-20,-3],[-40,25],[-31,-26],[-57,13],[8,-53],[-20,-6],[-33,42],[-15,-27],[-62,-37],[5,38],[-26,10],[-1,43],[-22,1],[-29,107]],[[97617,84711],[-16,11],[17,35],[44,-16],[14,30],[-13,29],[9,33],[-10,33],[-62,28],[21,54],[-13,36],[-58,41],[-61,27],[-44,30],[-39,-7],[-28,-20],[-25,1],[-9,-27],[-71,79],[-44,-11],[-54,34],[-30,-22],[-32,23],[-65,-2],[-68,-27],[-1,41],[-33,-17],[-46,49],[-13,31],[-31,1],[-32,-48],[-42,106],[-26,30],[-31,14],[11,40],[-42,30],[-22,-6],[-41,16],[-20,29],[-22,-2],[-11,53],[-49,12],[-6,33],[-52,4],[-43,34],[-13,-39],[-56,-14],[-14,19],[-44,5],[-57,18],[7,31],[-45,85],[2,20],[-31,27],[-13,34],[-27,-3],[-20,34],[-92,-1],[-28,34],[-58,8],[-51,-8],[-70,-26],[-37,7],[-12,-16],[-63,7],[-69,-26],[-15,-36],[-68,8],[-7,14],[-82,42],[-18,23],[-49,31],[-85,-10],[-25,-23],[-26,5],[-41,-33],[-24,-6],[-26,-26],[-49,-6],[-41,-64],[-30,13],[-58,2],[-60,-64],[-64,5],[-9,-15],[-54,-6],[-25,-40],[-76,-20],[-40,-3],[-29,-39],[-47,-5],[-10,-32],[-81,660],[-39,26],[-3,26],[-44,40],[-15,64],[-33,-11],[-6,43],[-20,20],[-30,59],[-53,57],[-63,17],[-52,37],[-6,40],[-30,39],[-36,128],[9,24],[-27,36],[11,18],[-3,38],[-48,70],[-47,35],[-32,-2],[-53,60],[72,698],[377,324],[239,210],[619,539],[243,218],[-136,170],[-332,430],[-416,542],[-332,437],[-23,62],[0,47],[-25,13],[2,52],[-13,23],[20,22],[-27,39],[11,15],[-16,61],[-41,23],[-25,58],[-4,65],[21,22],[4,42],[-20,30],[10,21],[-15,69],[4,51],[30,19],[12,38],[66,55],[40,54],[-5,29],[14,51],[-1,31],[-44,59],[-17,59],[18,30],[-48,66],[57,86],[13,37],[27,33],[52,12],[58,59],[26,-15],[77,6],[87,41],[41,9],[18,40],[27,18],[19,60],[-40,85],[-49,90],[-497,315],[-85,-13],[-80,-35],[-77,19],[0,56],[29,35],[-28,43],[-3,57],[30,98],[-17,31],[-87,-45],[-62,-8],[-43,-33],[-58,62],[-10,26],[-50,-4],[-19,-19],[-15,-42],[-105,0],[-37,-35],[-42,-1],[-20,27],[19,68],[-58,38],[-14,18],[-10,100],[4,43],[-33,99],[-5,40],[19,15],[9,79],[-74,97],[-1,19],[-45,15],[-18,40],[-16,81],[17,23],[6,44],[28,104],[16,12],[9,74],[-12,47],[-65,82],[-5,42],[33,32],[71,1],[32,-9],[108,-54],[66,-27],[117,-35],[64,-13],[46,22],[81,3],[30,22],[12,36],[61,-3],[50,14],[46,3],[113,37],[85,14],[38,16],[0,55],[-35,52],[22,79],[-18,54],[24,31],[65,42],[86,17],[118,-43],[85,52],[71,30],[64,-11],[51,5],[38,13],[214,89],[29,2],[62,37],[115,-8],[50,26],[107,-3],[71,-15],[27,5],[68,42],[51,-56],[79,-5],[40,106],[-4,32],[27,51],[77,73],[40,48],[11,28],[23,110],[42,30],[37,46],[39,-9],[49,11],[19,56],[-2,53],[39,96],[0,16],[57,11],[64,-27],[29,17],[59,17],[184,72],[36,-4],[49,37],[65,34],[134,17],[27,9],[33,37],[83,36],[51,29],[70,19],[93,58],[21,0],[78,42],[84,-1],[68,33],[27,-3],[30,-42],[94,-34],[70,3],[44,22],[26,-14],[68,14],[46,-42],[38,-109],[40,-29],[46,-21],[65,25],[29,24],[78,-10],[45,34],[63,100],[11,53],[-3,61],[29,38],[-11,34],[-1,80],[93,47],[39,34],[-3,56],[-51,66],[-17,59],[24,12],[41,53],[30,7],[38,26],[26,40],[49,46],[77,38],[29,4],[30,23],[1,19],[57,13],[119,-7],[74,26],[28,35],[8,29],[47,48],[39,11],[82,67],[48,8],[63,28],[22,-62],[-8,-54],[20,-42],[56,-21],[30,-32],[3,-97],[35,-15],[329,-5],[-82,-150],[-71,-125],[-12,-39],[224,35],[36,-1],[41,-66],[-14,-39],[31,-19],[65,-76],[67,-3],[62,-12],[65,16],[14,19],[41,18],[89,13],[17,-12],[11,-78],[63,-29],[42,-59],[31,-83],[38,-49],[57,-13],[53,7],[57,-5],[44,-30],[63,6],[89,21],[96,2],[67,-45],[28,-3],[79,-35],[52,-7],[40,-16],[48,2],[32,-16],[2,-81],[32,-17],[111,16],[73,-14],[49,17],[47,-13],[34,-74],[-28,-69],[19,-73],[36,-35],[45,-24],[41,-9],[114,-8],[53,-87],[9,-44],[25,-44],[38,38],[71,26],[23,40],[87,49],[57,11],[44,21],[24,32],[48,119],[24,42],[-15,84],[32,43],[30,25],[27,41],[7,83],[19,36],[36,34],[24,61],[52,7],[73,-30],[-13,-37],[-1,-66],[82,-153],[45,-52],[70,-46],[73,-10],[44,21],[12,17],[23,74],[36,47],[47,12],[88,-4],[39,-26],[10,-37],[-22,-87],[-1,-68],[27,-26],[78,-21],[20,-36],[-32,-55],[-12,-60],[31,-73],[82,-89],[21,-58],[-20,-74],[-2,-36],[12,-51],[52,-36],[67,-36],[62,-82],[68,-58],[93,-53],[87,-33],[139,-186],[32,-26],[59,-12],[17,5],[42,45],[4,59],[-3,89],[32,38],[92,38],[61,-1],[62,-9],[26,-16],[43,-52],[41,-114],[53,23],[104,75],[86,76],[70,27],[69,-34],[38,-52],[-6,-95],[-19,-59],[-30,-65],[-15,-58],[13,-32],[67,-25],[67,-18],[99,-14],[82,-5],[47,10],[46,54],[17,69],[13,91],[29,24],[50,15],[49,-14],[42,-25],[30,-50],[24,-203],[35,-56],[67,-70],[96,-22],[105,6],[121,-10],[43,13],[-1,33],[-23,31],[-14,63],[12,91],[56,112],[49,83],[61,57],[106,39],[60,4],[43,-7],[46,-28],[39,-41],[30,-74],[50,-69],[70,-48],[115,-7],[129,5],[197,45],[124,24],[91,32],[68,45],[95,73],[67,81],[66,46],[107,64],[91,87],[30,64],[-2,76],[-28,146],[-36,109],[-23,118],[-108,263],[-68,247],[-30,146],[0,137],[45,8],[122,-92],[47,46],[50,15],[101,48],[73,6],[103,-36],[53,-34],[85,-28],[46,-34],[96,-42],[45,-25],[148,-69],[49,-50],[63,-49],[47,-26],[40,-65],[49,-15],[10,-27],[45,-30],[53,-69],[19,-40],[1,-36],[31,-18],[17,-50],[52,-85],[71,-152],[-11,-43],[41,-34],[30,-136],[17,-30],[23,-73],[-22,-23],[41,-63],[-3,-23],[24,-32],[18,-103],[14,-42],[47,-96],[29,-130],[1,-49],[-25,-33],[57,-68],[51,-21],[25,-28],[18,10],[17,47],[36,51],[70,2],[163,-85],[57,-123],[24,-30],[-14,-43],[37,-67],[21,-63],[68,20],[39,-23],[50,-70],[-3,-14],[25,-65],[31,2],[15,-37],[57,-60],[30,-14],[35,-76],[-6,-18],[-122,-54],[-54,-32],[-29,-7],[22,-36],[-23,-35],[-21,-59],[3,-27],[-24,-53],[-48,-42],[-14,-47],[-33,3],[-22,-30],[-30,2],[-13,-37],[2,-58],[44,-37],[28,-7],[21,-28],[35,-80],[56,-69],[91,-72],[60,-25],[31,-32],[23,-5],[80,-72],[21,-68],[8,-63],[21,-12],[20,-182],[32,-92],[63,-156],[67,-86],[52,-50],[116,-79],[109,-90],[51,-54]],[[43448,96525],[-39,27],[-29,41],[1,155],[-43,915]],[[43338,97663],[15,-19],[95,-1119]],[[55095,98328],[-10,-16],[16,-41],[27,-21],[9,-81],[-30,-57],[6,-47],[-19,-65],[30,-10],[103,-10],[29,-53],[37,4],[5,51],[-65,13],[4,51],[-14,26],[26,65],[10,45],[20,29],[-5,43],[17,61],[33,56],[32,-25],[53,0],[25,30],[-4,26],[72,-15],[-1,-21],[65,-20],[8,-12],[-17,-65],[-36,-3],[13,-54],[26,-13],[32,46],[31,2],[-8,35],[-23,34],[37,65],[-5,18],[26,31],[53,5],[53,-20],[35,22],[62,7],[116,-22],[36,1],[27,16],[9,46],[54,21],[27,26],[109,3],[-17,-27],[9,-21],[71,-17],[38,28],[8,28],[59,-6],[119,12],[8,20],[53,22],[66,-1],[63,-12],[71,-44],[40,17],[64,-5],[93,10],[13,-13],[53,-11],[35,24],[103,27],[47,4],[64,-18],[17,17],[120,-6],[62,9],[19,32],[35,6],[37,35],[47,25],[39,1],[6,-32],[38,-27],[33,9],[34,-6],[37,17],[74,9],[43,33],[37,39],[96,-9],[33,56],[46,4],[57,-22],[38,4],[3,38],[41,23],[36,5],[14,-16],[75,-23],[55,7],[73,-15],[42,48],[34,-12],[33,7],[28,42],[51,-4],[28,15],[36,-12],[24,23],[98,24],[39,-8],[8,29],[65,-13],[47,-42],[63,6],[86,-11],[20,32],[26,-17],[41,10],[101,1],[44,16],[95,-4],[20,-11],[93,4],[10,-44]],[[59668,98844],[-3,-3]],[[59665,98841],[-6,-15]],[[59659,98826],[-2,-1]],[[59657,98825],[-21,-24],[-38,-20],[12,-50],[-34,-18],[-2,-28],[-28,-23],[32,-33],[4,-23],[38,-16],[66,-84],[40,11],[40,-31],[-17,-71],[5,-29],[41,-3],[37,-14],[-5,-67],[16,-53],[16,-22],[11,-73],[31,-89],[37,-11],[40,-70],[31,10],[24,-11],[14,-62],[-18,-26],[18,-24],[-16,-70],[21,-14],[8,-53],[-7,-61],[22,-37],[61,-27],[61,-71],[-6,-110],[30,14],[36,47],[53,38],[18,51],[18,24],[85,15],[40,24],[65,9],[49,21],[44,38],[31,10],[81,64],[63,-1],[27,-31],[49,18],[165,7],[71,12],[60,27],[66,-20],[6,-35],[44,-29],[65,-19],[21,-54],[30,-1],[57,-20]],[[61465,97637],[15,-96],[68,-45],[14,-27],[43,-25],[36,-62],[-5,-38],[21,-38],[0,-29],[20,-44],[26,-28],[13,-38],[35,-58],[37,-33],[52,-17],[41,-4],[38,-37],[50,8],[23,-13],[36,-52],[15,-47],[-10,-49],[-51,-24],[-6,-23],[-38,-14],[-49,1],[-38,-19],[-54,14],[-16,-8],[7,-60],[17,-53],[8,-94],[25,-55],[98,-1],[61,-13],[34,-27],[85,-33],[22,-23],[40,-19],[10,-29],[52,-31],[114,-78],[54,-50],[75,-50],[68,-89],[96,-108],[26,-45],[30,-27],[11,-37],[-28,-16],[-36,-65],[-120,-65],[-26,-34],[-4,-51],[47,-81],[8,-79],[-13,-48],[2,-63],[-67,-71],[-65,-46],[-38,-77],[-80,-39],[-27,-32],[16,-44],[39,-36],[65,-79],[15,-56],[65,-53],[18,-24],[6,-86],[32,-47],[39,-34],[42,-46],[17,-47],[-49,-47],[-17,-26],[10,-41],[42,-26],[68,-14],[36,-16],[27,-25],[68,-42],[67,-19],[29,-17],[71,-72],[41,-25],[71,-80],[55,21],[89,3],[52,27],[52,56],[58,-2],[36,-12],[145,-19],[56,-35],[33,41],[24,47],[65,15],[47,-10],[101,18],[57,-13],[36,-34],[4,-37],[30,-46],[35,-165],[24,-23],[56,-6],[64,3],[64,15],[41,-19],[98,-113],[4,-34],[-78,-101],[2,-32],[44,31],[37,-3],[35,18],[80,0],[24,15],[37,45],[45,-2],[48,-36],[61,-33],[27,-42],[85,-82],[35,-22],[39,-3],[39,18],[35,3],[115,49],[69,68],[37,0],[36,25],[55,65],[19,38],[38,13],[63,-35],[43,-11],[38,-31],[11,-35],[48,2],[57,-9],[37,-18],[65,-7],[74,16],[72,24],[34,-47],[51,-44],[33,-64],[74,-26],[114,1],[32,-37],[20,-50],[24,-8],[33,24],[75,0],[69,15],[96,-47],[23,9],[75,-55],[79,-3],[63,-24],[36,-5],[39,-51],[66,15],[125,40],[21,-52],[69,-21],[44,4],[26,-19],[8,-30],[87,1],[36,6],[36,-13],[65,1],[47,30],[65,11]],[[58320,93072],[-77,335],[-20,101],[-23,10],[-28,-16],[-81,-7],[-84,-16],[-45,85],[-30,15],[-42,-6],[-53,-31],[-20,-40],[-125,-2],[-88,-11],[-50,10],[-28,22],[-36,7],[4,28],[29,50],[-7,19],[-87,62],[-66,13],[-74,-31],[-63,13],[-55,62],[-82,41],[-35,3],[-82,54],[-32,6],[32,-58],[-38,-6],[-14,26],[-44,-14],[-22,-52],[-32,-12],[-53,34],[-73,-10]],[[56927,95983],[-10,112],[8,17],[50,35],[32,42],[23,98],[19,39],[83,19],[16,21],[5,43],[-4,132],[-26,49],[-50,68],[-47,45],[-37,94],[-32,38],[-23,55],[-43,18],[-47,40],[-116,12],[-73,-34],[-83,-60],[-49,-3],[-65,45],[-53,27],[-53,2],[-37,36],[-39,-1],[-116,50],[-43,9],[-17,-28],[-24,1],[-40,25],[-59,11],[-63,-48],[-41,-12],[-56,-60],[-48,-4],[-83,-91],[-64,14],[-37,-8],[-104,37],[-49,28],[-67,11],[-48,23],[-37,86],[-41,20],[-64,47],[-45,25],[-157,123],[-99,20],[-24,10],[42,218],[1,128],[-6,68],[-12,51],[6,118],[18,50],[-15,61],[-6,58],[36,29],[28,99],[34,47],[58,27],[18,30],[9,59],[34,24]],[[26761,96547],[-56,12],[-36,23],[-75,-2],[-58,8],[-35,-11],[-103,8],[-38,19],[-89,116],[-58,49],[-68,26],[-50,-12],[-28,13],[-23,44],[-23,23],[38,47],[-6,54],[8,86],[-21,44],[-53,41],[7,32],[38,70],[33,30],[13,31],[5,55],[-5,81],[8,57],[-30,35],[-54,46],[-61,72],[-14,74],[7,47],[-41,18],[-43,36],[-22,62],[-37,64],[-43,52],[-36,89],[-24,83],[-21,47],[-48,37]],[[25619,98253],[73,123],[630,21],[831,18],[302,-12],[373,246],[940,146],[1173,176],[5,5]],[[29946,98976],[3,-29],[-17,-36],[-29,-31],[-47,-22],[-39,13],[-41,-46],[-59,-35],[-12,-32],[32,-47],[21,-62],[-6,-43],[-36,-49],[-23,-51],[-11,-54],[-8,-75],[-45,-50],[-80,-30],[-67,-95],[-36,-37],[-36,-7],[-4,-36],[-21,-28],[-56,-21],[-27,-24],[-54,29],[-62,16],[-106,95],[-12,42],[-29,4],[-100,-36],[-27,-18],[-34,-45],[-36,-14],[-21,36],[-26,11],[-84,-8],[-18,-34],[-47,-49],[-34,-16],[-23,-28],[-105,-50],[-40,-33],[-27,-88],[-9,-57],[-33,-71],[-42,-28],[-46,-54],[-8,-36],[35,-71],[-73,-303],[-33,-83],[-67,-60],[-18,-36],[-2,-71],[-78,-85],[-40,-65],[-54,-45],[-84,-26],[-29,16],[-87,12],[-61,0],[-73,12],[-46,16],[-40,-3],[-97,13],[-104,-45],[-79,-24],[-77,-16],[-36,-47],[-30,-12]],[[64951,98996],[8,-16],[3,-75],[21,-45],[4,-34],[24,-38],[28,-19],[-9,-24],[21,-70],[-4,-29],[-70,-108],[-18,-59],[11,-63],[-51,2],[-43,29],[-4,-40],[-37,-33],[-9,-52],[20,-50],[-16,-40],[-68,-48],[-19,-21],[-1,-60],[-34,-46],[-7,-35],[8,-82],[-8,-44],[-19,-21],[2,-34],[-21,-23],[-11,-44],[72,-31],[-35,-57],[-2,-50],[-60,-26],[-71,6],[-37,33],[-45,-10],[-2,30],[-61,20],[-68,-8],[-37,43],[-41,18],[-17,30],[-63,15],[-59,-24],[-22,-53],[-35,-37],[-53,-18],[-50,-48],[-14,2],[-51,-51],[-64,-39],[-79,-39],[-18,2],[-49,-69],[-151,-49],[-31,6],[-24,49],[-22,18],[-68,20],[-66,-8],[-74,-33],[-6,-22],[-42,2],[-61,20],[-26,19],[-54,20],[-69,-3],[-42,22],[-50,-6],[-38,-17],[-12,30],[-31,15],[-43,69],[-68,17],[-31,-10],[-62,-4],[-31,14],[-112,-1],[-13,18],[-59,18],[-33,0],[-52,16],[-39,-17],[-73,18],[-23,35],[-35,15],[-39,-26],[-52,2],[9,66],[45,50],[-20,26],[13,35],[-35,46],[-10,28]],[[62061,97911],[11,28],[75,8],[32,33],[42,25],[12,29],[129,31],[40,42],[46,17],[118,10],[33,-9],[54,28],[26,-16],[70,18],[28,-8],[67,22],[33,-14],[43,7],[42,17],[46,-8],[72,44],[1,133],[-16,34],[12,70],[21,43],[-1,35],[23,43],[-36,38],[-27,63],[-13,13],[79,50],[20,3],[15,34],[44,24],[2,23],[67,48],[25,0],[31,20],[64,1],[24,37],[65,24],[-9,52],[-50,30],[1,38],[18,57],[-2,27],[38,58],[16,3],[52,-32],[36,-50],[40,35],[59,12],[70,-29],[49,-52],[29,9],[53,-22],[73,-20],[27,-30],[64,-1],[72,-17],[25,-42],[66,-6],[57,7],[44,33],[10,24],[65,3],[74,26],[44,8],[49,-20],[54,8],[44,-23],[96,-19],[61,-54],[53,-8],[56,7],[37,33]],[[51174,99329],[130,-9]],[[51304,99320],[41,-48],[58,-80],[111,-137],[94,-104],[136,-154],[36,-32],[60,-67],[145,-133],[75,-47],[28,11],[13,26],[191,-141],[56,-28],[43,-2],[28,11],[15,34],[72,-52],[67,-31],[56,10],[12,21],[42,28],[81,82],[23,7],[69,-25],[19,3],[24,42],[38,14],[51,-26],[51,22],[41,-11],[25,-27],[108,-52],[60,-60],[52,-35],[96,-42],[89,-10],[37,15],[10,60],[-11,32],[16,54],[28,8],[63,-11],[30,16],[41,-5],[61,-27],[28,-32],[36,9],[19,30],[59,-33],[57,-70],[92,-61],[73,-96],[42,-21],[51,40],[29,5],[31,30],[41,10],[16,-61],[33,-78],[21,-13],[53,-2],[25,55],[23,-2],[67,95],[40,19],[23,30],[61,-36],[25,-33],[43,37],[33,38],[20,-38],[71,29],[8,43],[32,-5],[8,-25],[57,0],[25,31],[68,4]],[[49968,93448],[-21,-1],[-54,58],[-36,25],[-28,60],[-16,9],[-21,77],[-21,30],[0,45],[15,5],[0,51],[17,16],[-9,39],[41,77],[-2,18],[42,22],[3,52],[-111,79],[-21,42],[-35,3],[-46,-12],[-9,37],[-27,19],[-5,40],[15,57],[-42,29],[-9,48],[20,54],[45,30],[-11,25],[23,71],[2,66],[13,29],[-9,63],[15,33],[-19,63],[-44,41],[-38,47],[-52,41],[1,75],[-14,44],[-48,42],[-29,49],[-27,16],[-9,54],[-20,59],[-1,67],[23,8],[26,44],[29,16],[26,33],[44,104],[-8,31],[22,52],[-8,51],[29,44],[64,24],[56,7],[53,-4],[73,40],[54,-1],[40,68],[48,37],[36,79],[27,23],[16,92],[18,34],[49,27],[18,28],[-57,46],[-20,65],[-72,63],[-13,47],[4,21],[-32,89],[5,59],[-12,55],[-56,43],[-21,47],[-30,29],[-34,86],[-21,5],[-26,45],[20,56],[-37,14],[3,43],[21,53],[-44,54],[-32,98],[11,39],[-13,56],[8,37],[-16,80],[27,53],[14,89],[-5,33],[-21,29],[-1,51],[-19,49],[3,67],[13,96],[-25,64],[33,43],[22,77],[0,38],[-57,62],[-20,70],[25,58],[80,39],[40,47],[-24,31],[-34,-9],[-52,26],[26,62],[38,8],[31,24],[32,45],[13,65],[2,84],[38,20],[-9,31],[3,68],[41,23],[42,46],[19,36],[86,49],[53,58],[50,17],[73,-20],[111,6],[75,-42],[62,-25],[24,-33],[52,-26],[61,13],[10,-19],[35,11],[31,64],[104,53],[51,-12],[45,39],[64,35],[6,14],[63,46],[30,11],[27,56],[23,-2],[22,89],[56,-2],[28,15]],[[61465,97637],[23,29],[-6,22],[21,26],[56,6],[37,-17],[3,35],[80,50],[44,0],[35,20],[71,25],[43,4],[46,23],[35,-4],[25,21],[50,12],[33,22]],[[64951,98996],[34,37],[50,2],[24,-12],[54,-60],[83,-50],[80,12],[18,41],[142,61],[77,-2],[94,-58],[84,-18],[68,-3],[52,25],[46,2],[26,40],[26,3],[75,-12],[20,10],[83,-16],[58,-29],[20,-25],[80,55],[58,-8],[69,21],[111,-20],[32,-37],[31,-18],[56,-6],[82,36],[34,-1],[93,27],[105,10],[57,-35],[75,1],[28,-10],[30,13],[32,-5],[27,-21],[69,-24],[55,31],[78,1],[47,-15],[100,13],[64,-15],[27,-19],[38,11],[21,61],[78,60],[12,27],[34,4],[56,20],[147,-70],[67,1],[94,-26],[118,5],[44,60],[37,2],[48,-12],[37,-23],[49,13],[63,-32],[53,6],[67,-36],[36,-52],[62,-28],[37,10],[54,-11],[100,-46],[49,37],[58,4],[45,47],[65,-42],[44,-43],[37,-4],[110,24],[28,47],[57,34],[57,2],[48,-16],[26,-23],[54,-19],[36,2],[51,-25],[160,35],[49,5],[39,-10],[56,15],[53,4],[47,-12],[38,-24],[22,-37],[6,-70],[104,14],[56,-20],[24,-30],[34,11],[39,-32],[28,10],[0,40],[50,62],[9,34],[-38,88],[-22,10],[-29,69],[15,26],[-8,37],[21,18],[-4,33],[17,37],[27,12],[29,65],[-2,65],[43,41],[-5,37],[-36,43],[20,37],[-16,82],[20,13],[2,57],[30,15],[-45,50],[-27,3]],[[70528,99720],[-1,1]],[[70527,99721],[-1,7]],[[70526,99728],[-2,33],[90,96],[-1,29],[32,45],[82,16],[88,47],[56,-1],[28,17],[43,-5],[31,16],[36,-9],[64,25],[57,-14],[69,15],[57,-16],[45,10],[180,-96],[142,-115],[47,-28],[26,-27],[137,-87],[48,-21],[44,-30],[40,16],[50,-28],[38,5],[87,-44],[78,-22],[52,-7],[32,-18],[68,20],[101,-71],[29,-15],[30,5],[28,-23],[32,8],[53,-21],[16,-22],[38,-4],[73,-33],[83,-52],[54,-21],[75,-6],[43,17],[29,37],[-30,69],[86,-36],[17,-42],[58,-29],[14,-68],[-12,-17],[-37,-8],[-25,-22],[-32,-78],[-36,-70],[-37,-29],[-58,-18],[-48,-6],[-19,-14],[-32,12],[-23,-18],[-18,-39],[-39,-39],[-45,8],[-33,-8],[-12,-33],[-23,-22],[-28,17],[-12,26],[5,53],[-47,47],[-13,-9],[-61,13],[-3,-38],[-34,-8],[-52,13],[-24,-38],[63,-30],[53,30],[36,-50],[-35,-34],[-17,-72],[15,-110],[20,-64],[52,-97],[37,-47],[57,-34],[12,-81],[67,-90],[151,-163],[83,-80],[67,-56],[28,-37],[136,-107],[138,-92],[132,-79],[115,-66],[90,-62],[42,-19],[18,-23],[48,-28],[130,-124],[69,-61],[80,-57],[52,-31],[60,-47],[38,-37],[126,-87],[71,-62],[8,-13],[118,-78],[180,-124],[127,-77],[46,-34],[112,-66],[333,-177],[207,-98],[108,-47],[173,-82],[85,-32],[100,-48],[81,-30],[73,-34],[323,-126],[201,-79],[172,-66],[71,-23],[135,-53],[79,-20],[27,-17],[109,-36],[165,-60],[51,-13],[127,-46],[213,-67],[95,-33],[75,-20],[235,-75],[168,-46],[36,-14],[150,-43],[25,-4],[62,-33],[12,5],[111,-34],[54,-10],[98,-30],[210,-52],[31,-12],[138,-29]],[[39183,100549],[-7,-14],[-57,5],[-30,-52],[-34,-13],[-23,-25],[-101,-6],[-55,13],[-16,-7],[-48,10],[-38,-6],[-49,27],[-123,0],[-41,-23],[-36,-6],[-39,-48],[-4,-76],[-37,-19],[-28,44],[43,88],[30,28],[6,78],[-23,79],[-18,20],[-3,38],[-26,46],[57,69],[29,19],[0,43],[-21,18],[21,51],[-9,41]],[[38503,100971],[42,-2],[92,-46],[47,2],[61,45],[42,-28],[34,-7],[62,4],[40,-55],[23,-12],[68,3],[59,26],[63,-11],[48,-37],[61,-13],[220,84],[35,-14],[25,-52],[-15,-52],[-43,-30],[-12,-30],[-67,-28],[-12,-20],[-7,-84],[-15,-12],[-90,-31],[-62,-10],[-19,-12]],[[39183,100549],[33,4],[45,-21],[47,41],[74,-21],[45,-3],[22,28],[88,2],[18,6],[23,36],[42,20],[63,-1],[51,-59],[32,18],[67,-1],[22,14],[-5,40],[19,3],[27,-39],[41,-15],[75,-6],[75,-32],[50,23],[33,-24],[23,33],[30,7],[70,-57],[22,23],[19,-56],[34,8],[-13,30],[51,31],[22,-10],[3,-37],[39,-6],[41,39],[91,-62],[12,55],[62,21],[34,-27],[14,-29],[24,-12],[64,34],[50,-25],[23,23],[40,-29],[78,22],[89,11],[48,-64],[52,-33],[58,51],[48,-17],[40,28],[53,-42],[25,-9],[21,76],[50,31],[36,-1],[26,-37],[-14,-47],[42,-19],[16,43],[61,-8],[16,-57],[69,4],[19,51],[55,-28],[14,30],[24,11],[21,-33],[-26,-33],[2,-21],[37,-16],[25,31],[-11,40],[26,-1],[26,-32],[45,-4],[28,-37],[47,17],[30,-37],[34,-11],[42,63],[10,-63],[102,26],[24,38],[26,-23],[-17,-32],[12,-37],[26,2],[45,-18],[-11,55],[-22,26],[21,19],[45,-25],[38,-59],[72,11],[30,-20],[25,15],[5,36],[25,-6],[6,-30],[52,2],[14,28],[27,13],[73,-23],[9,-57],[60,-1],[-16,-26],[-34,-1],[-21,-17],[14,-28],[-11,-32],[58,-50],[52,-29],[39,19],[2,36],[43,52],[38,11],[44,58],[25,7],[22,-36],[21,33],[-32,31],[11,22],[34,-24],[27,-5],[46,22],[57,-4],[-11,49],[72,-7],[-18,53],[47,-15],[49,17],[24,-33],[19,8],[3,37],[36,-6],[20,11],[24,48],[28,-30],[24,3],[30,29],[15,-17],[43,10],[50,-39],[30,31],[97,-3],[48,-26],[45,29],[25,-1],[-16,-54],[14,-6],[50,33],[5,57],[54,-33],[48,30],[25,-33],[71,21],[28,-28],[90,-28],[19,12],[68,20],[95,-5],[29,-16],[27,12],[27,-10],[39,-68],[29,-14],[5,-38],[30,-16],[19,-43],[-9,-34],[13,-19],[-2,-55],[15,-35],[-23,-79],[107,-28],[66,-9]],[[44916,100036],[-33,-87],[-7,-75],[25,-135],[-7,-52],[-50,-61],[3,-74],[-45,-68],[-60,-31],[-13,-66],[-24,-45],[-106,-95],[-5,-47],[-18,-42],[-56,-48],[-60,-18],[-32,-36],[-134,-70],[-43,-36],[-50,-14],[-73,6],[-21,15],[-4,53],[-44,33],[-84,29],[-202,17],[-43,-15],[-23,-25],[-51,-84],[-35,-20],[-31,-31],[-21,-51],[-58,-34],[-114,0],[-76,-55],[-144,-33],[-38,-30],[-18,-35],[-12,-61],[58,15],[34,-12],[-2,-51],[-38,-61],[-4,-95],[9,-42],[-35,-43],[-51,-19],[-75,-77],[-20,-55],[-3,-34],[21,-86],[-3,-50],[6,-55],[-20,-75],[-62,-68],[-50,-73],[2,-66],[-12,-29],[37,-76],[50,-26],[91,31],[51,-16],[43,0],[31,25],[3,40],[21,50],[29,42],[22,16],[40,-5],[56,-57]],[[42134,93585],[6,-48],[28,-57],[-16,-115],[9,-56],[-36,-153],[0,-45],[-26,-44],[-23,-83],[2,-36],[99,-116],[38,-113],[8,-67],[39,-40],[122,-111],[-6,-134]],[[42778,92208],[28,910],[1213,609]],[[44096,92396],[-38,-9],[-23,-35],[-5,-46],[-27,-17],[-10,-37],[-44,-36],[6,-25],[-30,-25],[9,-58],[19,-12],[3,-97],[-46,-37]],[[32869,87855],[-9,18],[-42,16],[-1,33],[22,83],[37,63],[-30,80],[3,47],[23,41],[5,36],[23,46],[-2,34],[-22,71],[-43,78],[-25,24],[-120,7],[-42,36],[-21,63],[3,65],[-19,28],[-35,16],[-7,38],[-32,37],[8,35],[1,124],[-23,81],[-32,57],[-41,13],[-13,19],[2,43],[32,89],[18,85],[-54,121],[-33,45],[4,61],[-11,70],[26,45],[47,36],[38,63],[25,8],[43,44],[48,78],[49,122],[25,127],[84,99],[30,21],[119,13],[87,-3],[30,-21],[23,-61],[22,-4],[51,41],[46,-6],[50,8],[54,-9],[50,-27],[41,-3],[43,9],[63,40],[202,37],[19,18],[-57,23],[-41,128],[-24,26],[-91,45],[-63,66],[-28,84],[-47,47],[-112,-33],[-22,10],[-68,5],[-42,-8],[-26,13],[-42,46],[-27,43],[-48,19],[-71,145],[-39,64],[24,39],[-9,42],[-55,3],[-51,19],[-80,65],[-45,29],[-51,-16],[-95,-40],[-32,3],[-73,-48],[-90,9],[-38,-3],[-34,14],[-35,83],[-116,57],[-26,32],[-12,41],[-30,43],[-56,10],[-67,34],[-79,48],[-19,21],[-16,49],[19,72],[-37,93],[-38,46],[-44,40],[-45,8],[-45,38],[0,25],[-22,32],[-64,21],[-14,-15],[5,-46],[-6,-44],[31,-23],[-33,-16],[-34,-46],[-26,-7],[-48,19],[-33,-24],[1,-61],[13,-17],[8,-54],[-25,-137],[-18,-18],[0,-80],[-42,-66],[-1,-39],[11,-51],[1,-43],[-50,-57],[-257,428],[-118,202],[-319,-5],[-188,2]],[[29946,98976],[25,12],[43,-9],[28,11],[93,14],[63,-5],[40,20],[19,118],[-23,61],[24,15],[72,-19],[87,44],[32,43],[19,53],[18,13],[61,-6],[9,-51],[44,-42],[44,-13],[37,17],[74,-32],[48,-32],[63,-14],[33,-24],[110,58],[104,49],[46,56],[44,23],[9,47],[41,35],[59,15],[51,-14],[87,64],[50,2],[39,33],[80,28],[63,84],[25,10],[86,1],[73,58],[37,4],[-1,35],[-60,40],[4,27],[26,36],[21,77],[2,38],[28,27],[64,9],[35,30],[33,13],[18,44],[25,15],[86,14],[31,23],[8,23],[48,18],[60,-2],[37,-28],[39,-13],[87,-82],[52,30],[64,-12],[44,21],[51,-12],[22,18],[68,3],[61,-60],[-3,-65],[75,-38],[145,15],[84,45],[18,17],[36,71],[36,16],[61,-19],[32,9],[82,65],[54,25],[17,18],[24,55],[108,39],[73,-4],[47,17],[106,58],[62,70],[84,59],[60,23],[95,45],[20,-12],[54,-105],[67,-16],[71,39],[29,5],[50,-29],[61,4],[53,52],[101,45],[84,50],[106,2],[140,43],[12,13],[-1,103],[95,94],[55,21],[51,-19],[81,9],[70,31],[137,81],[73,-118],[-54,-14],[-60,-32],[-40,-47],[-16,-43],[-7,-54],[23,-54],[36,-28],[24,-3],[50,16],[117,56],[82,19],[45,3],[65,74],[136,80],[46,36],[46,23],[33,5],[28,23],[202,92],[74,-20],[66,6],[27,-27],[266,-217],[124,14],[107,85],[18,28],[54,15],[23,19],[123,30],[41,-18],[145,-74],[45,-19],[71,-5],[50,54],[28,1],[91,-29],[59,-6],[44,-18],[55,30],[73,22],[93,-36],[33,8],[36,43],[157,91],[80,-16],[79,5],[56,-18],[33,2],[35,20]],[[44916,100036],[305,13],[31,19],[38,60],[97,106],[56,92],[28,34],[84,74],[4,31],[60,15],[88,-23],[23,9],[13,39],[-17,48],[11,21],[86,21],[16,44],[36,41],[55,30],[1,17],[-52,35],[-15,38],[40,18],[45,-13],[68,-1],[78,-32],[85,-8],[47,-19],[46,8],[67,44],[96,4],[86,29],[38,-18],[106,15],[37,-33],[32,-11],[31,57],[56,2],[56,14],[17,-10],[35,-64],[49,-8],[54,54],[53,28],[49,65],[53,58],[31,66],[43,67],[51,42],[93,91],[81,37]],[[47487,101282],[-340,-1555],[1315,-221],[0,0],[2712,-177]],[[47487,101282],[1205,-1482],[2504,-459],[108,-21]],[[88377,96064],[18,3],[66,-24],[69,3],[49,-29],[70,-13],[78,-44],[117,9],[85,65],[67,12],[44,43],[33,-11],[34,25],[4,19],[-21,41],[40,19],[71,3],[-13,29],[36,28],[7,31],[-46,14],[11,27],[27,-7],[55,11],[21,43],[31,-15],[51,5],[31,15],[36,36],[69,4],[36,-7],[57,-27],[54,13],[11,62],[49,0],[138,79],[30,52],[39,-22],[59,-3],[37,11],[-8,94],[-39,4],[-1,22],[25,19],[-68,41],[-48,9],[-12,-20],[-40,3],[-38,-31],[-13,19],[-31,-14],[-19,-26],[-47,40],[-23,-8],[-3,-35],[-35,22],[-24,-8],[-3,-40],[-45,39],[-19,-1],[-36,-32],[-36,20],[14,20],[-32,24],[-82,-12],[-34,-16],[-66,-15],[-21,-20],[-23,19],[6,29],[-23,16],[-46,-3],[-12,-24],[-46,2],[10,86],[-14,23],[-36,13],[-15,30],[53,29],[36,-64],[30,-8],[37,-43],[35,37],[29,7],[-10,-62],[23,-23],[68,-2],[55,10],[57,51],[2,52],[35,-8],[18,31],[48,-7],[12,29],[35,-5],[22,16],[47,-34],[34,32],[20,35],[38,-24],[59,19],[46,-10],[27,36],[-10,21],[26,22],[-11,42],[-59,8],[-20,24],[34,37],[-57,6],[-27,23],[-12,30],[22,22],[105,11],[-7,40],[-32,23],[-26,-7],[-90,56],[-23,29],[28,32],[37,-3],[45,20],[37,36],[12,54],[32,-9],[8,-54],[28,8],[87,45],[-31,29],[23,30],[100,-11],[-40,-28],[52,-68],[45,8],[8,-65],[-10,-56],[28,-35],[-54,-57],[18,-36],[-49,-36],[-40,7],[-17,-31],[21,-34],[-28,-39],[-29,-14],[-64,-5],[-11,-30],[32,-13],[-12,-31],[34,-55],[19,-7],[45,56],[28,23],[24,-7],[48,16],[-1,29],[35,-2],[51,12],[30,28],[-15,40],[-5,54],[-44,20],[-2,24],[26,52],[27,8],[24,29],[-14,21],[-68,54],[29,31],[60,-43],[16,28],[35,14],[26,-4],[5,31],[-75,-15],[-30,8],[-22,38],[57,35],[6,33],[22,12],[2,28],[31,23],[24,-17],[49,-16],[41,39],[5,44],[31,-9],[40,39],[120,0],[20,-13],[-28,-45],[13,-16],[38,12],[47,68],[38,-18],[41,36],[28,12],[56,-4],[59,13],[28,-12],[58,5],[28,-19],[55,21],[38,4],[22,-17],[38,3],[33,16],[45,-10],[101,33],[71,47],[71,70],[32,47],[57,54],[34,52],[54,112],[-11,166],[56,45],[59,17],[54,24],[87,-18],[42,-2],[86,-42],[36,-9],[61,9],[58,-14],[45,8],[34,27],[92,-15],[35,-25],[35,67],[17,-1],[37,-80],[44,-58],[91,-69],[52,-80],[109,-35],[90,-23],[24,1],[48,-21],[16,4],[51,-20],[29,6],[116,-8],[33,-17],[6,43],[27,18],[60,-17],[14,-60],[25,-16],[35,21],[12,32],[44,5],[28,-11],[21,26],[65,15],[65,3],[38,-13],[26,22],[44,2],[27,-23],[38,19],[11,22],[65,-43],[17,30],[36,1],[49,25],[38,41],[55,5],[31,-25],[93,-1],[-4,-46],[45,42],[55,-22],[52,20],[57,-14],[67,-4],[11,31],[32,26],[42,4],[67,-39],[25,-28],[53,-25],[25,14],[44,-30],[122,-23],[21,16],[61,-10],[58,2],[18,-10],[59,43],[90,25],[31,-11],[39,-70],[78,10],[33,-22],[35,2],[26,54],[36,6],[40,-38],[123,-6],[51,21],[65,11],[78,57],[41,-4],[50,24],[89,8],[28,15],[12,55],[41,-9],[34,19],[37,-21],[16,36],[44,19],[28,-18],[10,39],[33,1],[47,-36],[41,-9],[69,17],[14,14],[36,-4],[12,20],[44,20],[55,-30],[41,25],[48,-13],[76,37],[46,-8],[39,33],[31,-10],[27,26],[87,16],[28,40],[-34,56],[14,22],[30,2],[38,20],[79,-11],[-13,40],[-65,32],[-49,-8],[-116,-29],[-57,-24],[-18,-21],[-88,-28],[-52,-34],[-105,-13],[-37,-10],[-8,91],[-25,27],[-48,11],[-61,1],[-26,23],[-57,14],[-35,-8],[-38,18],[-47,-28],[-29,84],[-45,43],[-26,40],[-52,25],[-26,40],[-57,49],[-46,24],[-50,-5],[-32,20],[-100,12],[-48,-4],[-34,44],[-99,58],[-29,52],[-47,9],[-75,63],[-56,13],[-38,-9],[-17,14],[-38,-14],[-50,28],[-64,-8],[-19,14],[-65,2],[-21,-21],[-65,31],[-57,-20],[-18,6],[-99,-7],[-27,-21],[-36,3],[-35,24],[-12,-12],[-226,22],[-74,40],[-64,54],[-66,39],[-19,-3],[-19,38],[-50,27],[-60,16],[-16,39],[-91,16],[-121,-18],[-11,10],[-55,-16],[-18,-18],[-29,11],[-18,-13],[-38,1],[-30,14],[-153,-1],[-45,14],[-23,-12],[-65,-4],[-13,-13],[-68,0],[-43,16],[-24,-17],[-64,-11],[-122,27],[-29,-15],[-102,-14],[-49,-21],[-86,40],[-66,-62],[-70,1],[-79,-30],[-50,1],[-14,-12],[-49,0],[-17,20],[-62,0],[-54,31],[-2,34],[22,5],[-6,35],[-49,-2],[-81,-17],[-25,-16],[-44,2],[-73,-33],[-143,-12],[-25,-40],[-52,-23],[-16,-28],[-68,-45],[-59,2],[-36,-18],[-52,4],[-79,-35],[-29,-89],[-37,-8],[-18,-27],[-7,-57],[0,-95],[-26,-81],[-75,-71],[-34,-22],[-38,-47],[-21,6],[-12,45],[-25,23],[-43,8],[-36,31],[-52,76],[-7,44],[-46,67],[-28,8],[-23,35],[-31,67],[31,181],[-13,41],[25,57],[-22,35],[-44,7],[-74,52],[-27,83],[-75,83],[-17,97],[-55,146],[-45,68],[-19,16],[2,36],[31,45],[56,-7],[44,56],[23,-1],[29,34],[48,11],[42,27],[30,50],[-15,53],[51,33],[21,1],[31,-55],[109,-157],[55,-51],[20,-5],[57,27],[166,-15],[17,17],[44,-4],[26,15],[65,-5],[32,8],[18,-17],[45,-1],[87,-118],[29,-22],[36,0],[15,19],[62,11],[52,-17],[95,-87],[28,-8],[27,27],[30,3],[52,-52],[26,-6],[51,26],[10,23],[42,-17],[107,34],[7,30],[26,13],[17,35],[68,45],[52,8],[49,-9],[44,19],[49,-12],[136,49],[31,36],[4,46],[51,-6],[21,26],[56,9],[96,-2],[26,-29],[66,-111],[34,-28],[44,-14],[59,16],[80,-44],[56,3],[41,35],[47,7],[50,-26],[34,2],[36,33],[51,-45],[76,-9],[38,6],[71,-21],[32,11],[79,47],[73,-9],[10,14],[54,-30],[30,1],[61,-47],[42,-18],[64,6],[44,-11],[55,34],[61,1],[34,32],[42,-15],[68,3],[60,13],[13,25],[51,3],[6,13],[66,-5],[91,26],[21,15],[89,5],[102,30],[66,41],[32,51],[55,6],[15,28],[-16,39],[12,62],[21,47],[-18,56],[32,13],[-3,32],[56,67],[7,69],[-7,57],[24,20],[-1,65],[36,-17],[84,-94],[206,-216],[77,-67],[84,-91],[34,-9],[57,11],[102,-47],[19,7],[50,-24],[81,-3],[112,14],[47,27],[34,-5],[65,-44],[38,-35],[59,-28],[41,-30],[98,-11],[27,-10],[130,4],[27,-10],[77,-6],[76,-23],[41,12],[53,-17],[46,-26],[37,10],[60,0],[72,-17],[41,15],[136,-35],[12,-11],[59,-7],[83,52],[67,-26],[51,-31],[83,16],[17,13],[38,-4],[29,-16],[171,-25],[56,0],[16,11],[52,3],[60,20],[32,-1],[52,14],[104,18],[31,49],[35,35],[5,35],[-67,49],[6,27],[38,27],[37,-7],[5,-26],[40,-25],[46,-3],[10,12],[55,-28],[43,0],[26,43],[13,54],[26,48],[55,-23],[18,17],[22,-28],[25,27],[20,-14],[38,9],[20,-71],[30,-20],[37,3],[49,34],[-6,45],[-30,10],[13,58],[47,-12],[33,-47],[79,-6],[81,37],[11,-15],[37,7],[-6,24],[35,21],[13,41],[-21,17],[31,47],[-4,37],[18,24],[18,-81],[31,6],[31,63],[22,23],[7,45],[28,-9],[24,-42],[72,-44],[62,-22],[59,22],[39,27],[31,-50],[41,-35],[62,-32],[77,-30],[47,-7],[66,6],[11,13],[-4,50],[29,27],[13,30],[95,-37],[-2,-26],[126,-58],[101,-39],[75,-17],[70,4],[38,26],[-13,67],[26,15],[7,25],[36,-15],[21,-25],[54,-10],[52,-21],[36,1],[15,23],[53,-9],[26,34],[29,-6],[58,12],[51,71],[-15,45],[22,25],[32,-7],[35,30],[43,3],[29,30],[58,5],[35,26],[24,-2],[44,33],[48,7],[69,45],[35,4],[58,26],[73,6],[45,41],[28,-2],[18,23],[12,54],[-27,11],[-10,38],[74,6],[25,-34],[-40,-10],[9,-66],[92,-82],[57,-8],[79,-42],[31,11],[25,-16],[32,0],[59,-18],[34,4],[0,35],[24,20],[109,28],[149,21],[26,-18],[69,-9],[15,23],[48,6],[18,23],[38,8],[48,-10],[62,19],[30,26],[106,-79],[39,4],[41,-27],[42,17],[109,5],[32,8],[31,39],[-24,23],[35,30],[45,5],[47,24],[14,-32],[45,-13],[2,-36],[24,-25],[54,-33],[56,7],[119,-83],[30,-16],[90,9],[28,-17],[69,0],[52,-27],[50,17],[72,6],[34,-13],[136,-23],[40,-32],[73,-5],[4,29],[44,10],[11,38],[38,27],[33,2],[64,-29],[69,-9],[33,4],[22,19],[8,31],[31,3],[82,55],[10,-9],[62,-3],[30,14],[29,31],[85,-14],[49,14],[41,32],[1,21],[46,15],[83,-8],[16,17],[52,3],[45,66],[74,6],[59,30],[106,30],[82,-11],[46,24],[48,0],[81,36],[38,40],[8,39],[31,19],[40,6],[46,21],[66,56],[48,13],[101,58],[57,6],[15,-36],[49,-4],[-16,-30],[77,-83],[65,-45],[32,4],[52,-9],[53,8],[37,-34],[98,-9],[39,20],[83,-16],[36,21],[79,-19],[48,22],[89,-20],[79,-10],[44,11],[38,-2],[75,-29],[72,17],[25,-3],[21,-25],[61,-33],[59,25],[42,-9],[14,23],[28,-19],[39,6],[38,-31],[39,23],[59,-15],[29,-27],[61,13],[28,-6],[23,14],[53,-30],[40,25],[57,-8],[38,-22],[23,-31],[24,13],[30,-9],[15,17],[142,-21],[44,-12],[35,22],[111,-49],[34,27],[32,-15],[43,23],[20,-25],[67,-32],[49,6],[43,18],[48,-17],[35,13],[126,-56],[40,16],[77,-13],[108,-7],[27,-17],[107,16],[60,-8],[13,13],[66,-27],[8,-27],[43,-10],[33,25],[64,8],[79,-24],[37,-24],[20,19],[40,14],[34,-28],[14,8],[68,-3],[31,-13],[69,-12],[39,-37],[35,0],[45,24],[32,-3],[18,-27],[-14,-17],[23,-35],[39,-24],[32,-1],[49,71],[34,-25],[14,-72],[39,-29],[43,-8],[37,13],[41,44],[20,-3],[37,22],[17,26],[34,-4],[58,9],[4,-37],[45,-33],[51,22],[19,31],[39,10],[72,-23],[50,13],[109,-31],[57,-8],[45,3],[54,22],[24,21],[80,-23],[25,-64],[23,-10],[6,-28],[83,-32],[69,5],[11,-16],[46,8],[35,-9],[80,23],[4,24],[31,15],[26,45],[53,37],[32,0],[25,40],[23,10],[55,-14],[37,15],[89,-17],[63,4],[5,21],[36,46],[57,13],[24,-48],[5,-34],[20,-18],[57,32],[36,29],[50,3],[67,-39],[70,-18],[7,18],[65,17],[36,-23],[45,9],[20,17],[10,38],[-32,50],[21,50],[29,7],[75,-26],[109,15],[23,-11],[-46,-33],[43,-48],[42,8],[47,-38],[14,48],[52,20],[27,-31],[35,1],[28,39],[34,24],[-22,52],[13,36],[-25,26],[35,15],[17,-24],[51,-21],[12,-26],[92,-7],[31,-9],[-28,-31],[27,-49],[55,34],[69,-9],[66,28],[11,27],[-23,17],[-1,45],[34,6],[90,-48],[36,-8],[34,-23],[25,-34],[38,25],[16,-27],[34,-6],[62,11],[27,67],[26,6],[12,38],[10,77],[98,-34],[30,10],[96,-2],[103,9],[82,-19],[44,84],[35,28],[36,69],[26,-11],[-20,-36],[36,-26],[62,-9],[54,-24],[22,-29],[-63,-22],[-41,0],[-9,-28],[-40,24],[-30,-42],[-29,-25],[-31,-2],[-52,14],[-31,-73],[21,-24],[-14,-38],[21,-25],[-37,-36],[-7,-26],[37,-15],[-13,-38],[-33,-17],[-22,-52],[16,-41],[-22,-41],[-30,-7],[-31,-65],[-34,-30],[-67,54],[5,66],[32,37],[20,55],[-28,7],[-40,-55],[-15,-44],[-28,-11],[-16,-61],[-20,-18],[18,-29],[-8,-32],[43,-38],[-11,-23],[-28,-1],[-54,-42],[-38,-7],[-22,-17],[-65,-12],[-44,37],[1,34],[-28,11],[-18,-35],[-48,-6],[-35,-45],[1,-44],[-14,-20],[-70,1],[4,-20],[-37,-41],[-54,-14],[-38,9],[-24,19],[-31,-24],[-80,-3],[-35,27],[-12,56],[-40,18],[-53,-21],[3,-48],[-39,-13],[-15,-31],[-102,0],[-25,-29],[-39,4],[-8,56],[-37,7],[-50,-9],[-46,-51],[21,-27],[-27,-30],[-66,-19],[-63,2],[-32,10],[-25,37],[-10,44],[-75,-10],[14,-43],[-44,0],[-35,-34],[-38,85],[-78,14],[-47,-41],[54,-53],[-41,-19],[-90,-5],[-25,10],[-4,26],[-42,0],[-16,-19],[-104,-4],[-13,27],[-24,3],[-43,-44],[-41,48],[-26,-13],[-80,17],[-6,61],[-30,-18],[-10,-54],[-15,-10],[-49,7],[-6,24],[-40,-26],[-81,32],[-10,45],[-33,8],[-5,-36],[-47,0],[-6,-19],[-117,-3],[-49,5],[-30,-26],[-171,-1],[-28,-9],[-80,30],[-34,-19],[-87,-25],[-57,29],[-108,-13],[-91,2],[-28,13],[-31,-40],[-25,-13],[-59,-94],[-33,-30],[-29,-57],[-25,-27],[-38,-85],[-80,-35],[-48,-68],[-32,-86],[-1,-18],[-44,-50],[-16,-45],[-45,-68],[-52,-7],[-60,-85],[-31,-72],[-44,-36],[-21,-39],[-39,-12],[-42,17],[-37,-1],[-58,-52],[-20,3],[-45,-22],[-57,11],[-67,-13],[-92,100],[-71,19],[-63,53],[-112,47],[-65,-30],[-59,-47],[-30,43],[-70,-18],[-29,-21],[-62,-68],[-35,-16],[-40,-44],[-50,11],[-36,-17],[-38,6],[-42,37],[-55,19],[-45,73],[-60,14],[-41,37],[-23,0],[-62,-22],[-25,-17],[-24,27],[-29,-3],[-20,23],[-37,-1],[-42,-17],[-34,19],[-42,-7],[-61,-59],[-29,-9],[-43,24],[-47,-17],[-29,-25],[-58,3],[-26,37],[-46,16],[-27,22],[-102,-6],[-45,22],[-47,7],[-57,41],[-43,22],[-11,23],[-93,27],[-53,4],[-41,-6],[-20,-20],[-73,37],[-55,-2],[-21,14],[-49,-4],[-70,31],[-40,-7],[-30,18],[-51,4],[-47,-22],[-73,40],[-101,16],[-46,14],[-48,4],[-79,-16],[-69,9],[-33,-7],[-63,-32],[-80,-49],[-47,-38],[-57,-22],[-101,-26],[-38,-1],[-44,-14],[-81,9],[-70,0],[-128,-31],[-32,25],[-95,16],[-48,2],[-35,-9],[-91,-4],[-83,-21],[-54,-28],[-99,-64],[-124,-56],[-44,-14],[-87,-13],[-174,3],[-8,-58],[11,-31],[77,-68],[10,-46],[0,-50],[28,-47],[122,-62],[111,-52],[107,-28],[26,-32],[75,-23],[36,9],[25,43],[27,24],[64,34],[63,1],[42,-31],[25,-37],[10,-52],[-4,-48],[14,-42],[56,-104],[78,-105],[125,-175],[48,-53],[76,-97],[49,-44],[61,-74],[90,-92],[11,-20],[86,-78],[61,-63],[108,-132],[90,-87],[121,-130],[48,-104],[22,-95],[-8,-65],[-69,-159],[-38,-50],[-28,-73],[-44,-68],[-23,-63],[-16,-104],[178,-221],[110,-115],[36,-27],[-45,-8],[0,-137],[30,-146],[68,-247],[108,-263],[23,-118],[36,-109],[28,-146],[2,-76],[-30,-64],[-91,-87],[-107,-64],[-66,-46],[-67,-81],[-95,-73],[-68,-45],[-91,-32],[-124,-24],[-197,-45],[-129,-5],[-115,7],[-70,48],[-50,69],[-30,74],[-39,41],[-46,28],[-43,7],[-60,-4],[-106,-39],[-61,-57],[-49,-83],[-56,-112],[-12,-91],[14,-63],[23,-31],[1,-33],[-43,-13],[-121,10],[-105,-6],[-96,22],[-67,70],[-35,56],[-24,203],[-30,50],[-42,25],[-49,14],[-50,-15],[-29,-24],[-13,-91],[-17,-69],[-46,-54],[-47,-10],[-82,5],[-99,14],[-67,18],[-67,25],[-13,32],[15,58],[30,65],[19,59],[6,95],[-38,52],[-69,34],[-70,-27],[-86,-76],[-104,-75],[-53,-23],[-41,114],[-43,52],[-26,16],[-62,9],[-61,1],[-92,-38],[-32,-38],[3,-89],[-4,-59],[-42,-45],[-17,-5],[-59,12],[-32,26],[-139,186],[-87,33],[-93,53],[-68,58],[-62,82],[-67,36],[-52,36],[-12,51],[2,36],[20,74],[-21,58],[-82,89],[-31,73],[12,60],[32,55],[-20,36],[-78,21],[-27,26],[1,68],[22,87],[-10,37],[-39,26],[-88,4],[-47,-12],[-36,-47],[-23,-74],[-12,-17],[-44,-21],[-73,10],[-70,46],[-45,52],[-82,153],[1,66],[13,37],[-73,30],[-52,-7],[-24,-61],[-36,-34],[-19,-36],[-7,-83],[-27,-41],[-30,-25],[-32,-43],[15,-84],[-24,-42],[-48,-119],[-24,-32],[-44,-21],[-57,-11],[-87,-49],[-23,-40],[-71,-26],[-38,-38],[-25,44],[-9,44],[-53,87],[-114,8],[-41,9],[-45,24],[-36,35],[-19,73],[28,69],[-34,74],[-47,13],[-49,-17],[-73,14],[-111,-16],[-32,17],[-2,81],[-32,16],[-48,-2],[-40,16],[-52,7],[-79,35],[-28,3],[-67,45],[-96,-2],[-89,-21],[-63,-6],[-44,30],[-57,5],[-53,-7],[-57,13],[-38,49],[-31,83],[-42,59],[-63,29],[-11,78],[-17,12],[-89,-13],[-41,-18],[-14,-19],[-65,-16],[-62,12],[-67,3],[-65,76],[-31,19],[14,39],[-41,66],[-36,1],[-224,-35],[12,39],[71,125],[82,150],[-329,5],[-35,15],[-3,97],[-30,32],[-56,21],[-20,42],[8,54],[-22,62],[-63,-28],[-48,-8],[-82,-67],[-39,-11],[-47,-48],[-8,-29],[-28,-35],[-74,-26],[-119,7],[-57,-13],[-1,-19],[-30,-23],[-29,-4],[-77,-38],[-49,-46],[-26,-40],[-38,-26],[-30,-7],[-41,-53],[-24,-12],[17,-59],[51,-66],[3,-56],[-39,-34],[-86,-39],[-6,-52]],[[97626,95715],[-68,-14],[-26,14],[-44,-22],[-70,-3],[-94,34],[-30,42],[-27,3],[-68,-33],[-84,1]],[[95982,95333],[0,-16],[-39,-96],[2,-53],[-19,-56],[-49,-11],[-39,9],[-37,-46],[-42,-30],[-23,-110],[-11,-28],[-40,-48],[-77,-73],[-27,-51],[4,-32],[-40,-106],[-79,5],[-51,56],[-68,-42],[-27,-5],[-71,15],[-107,3],[-50,-26],[-115,8],[-62,-37],[-29,-2],[-214,-89],[-38,-13],[-51,-5],[-64,11],[-71,-30],[-85,-52],[-118,43],[-86,-17],[-65,-42],[-19,0]],[[20484,103155],[36,31],[73,12],[95,35],[33,26],[84,29],[89,41],[46,14],[120,20],[214,78],[53,4],[54,15],[98,-7],[32,4],[93,47],[17,21],[65,53],[9,17],[63,11],[51,21],[130,81],[57,12],[85,33],[85,41],[58,40],[59,68],[50,26],[31,30],[61,6],[44,37],[53,31],[75,11],[71,37],[53,7],[74,25],[130,21],[55,41],[-30,9],[-40,-16],[33,60],[47,37],[76,38],[117,36],[84,76],[130,48],[54,48],[39,22],[36,6],[51,26],[38,47],[62,16],[82,48],[91,33],[61,37],[165,68],[24,15],[111,41],[37,34],[14,29],[80,67],[47,6],[34,32],[172,114],[61,23],[19,17],[71,34],[15,17],[55,20],[52,45],[71,38],[88,40],[65,35],[37,8],[20,33],[77,32],[96,17],[150,3],[53,10],[98,27],[16,9],[170,3],[139,32],[90,45],[39,37],[105,11],[71,12],[63,24],[34,0],[41,24],[54,11],[69,30],[22,20],[130,-21],[91,13],[17,19],[116,-13],[43,3],[102,42],[31,-5],[112,-33],[171,-27],[103,-5],[115,9],[59,15],[34,0],[52,29],[114,32],[139,-7],[43,-13],[115,-14],[48,1],[80,14],[112,7],[124,46],[63,42],[-22,68],[8,19],[-12,62],[19,29],[-16,31],[9,51],[41,34],[133,55],[20,35],[28,10],[27,43],[43,18],[88,15],[40,-36],[30,13],[53,2],[97,-35],[67,-19],[123,-13],[83,9],[72,21],[53,34],[41,49],[71,25],[62,75],[51,41],[131,41],[167,9],[47,22],[51,38],[80,6],[86,24],[59,43],[70,28],[35,0],[57,29],[61,75],[72,40],[45,14],[70,33],[31,24],[0,22],[49,28],[41,8],[64,-12],[113,-66],[105,-34],[68,1],[141,55],[128,37],[32,15],[12,27],[37,11],[60,2],[51,11],[43,37],[27,0],[53,26],[18,35],[-7,23],[32,75],[18,16],[44,10],[39,66],[1,31],[22,61],[20,76],[0,51],[26,15],[23,-22],[33,-3],[27,33],[40,27],[3,50],[24,20],[-33,75],[13,27],[30,23],[35,47],[38,22],[-13,18],[-46,-52],[-40,-8],[13,44],[6,59],[30,57],[44,17],[-9,49],[-39,-28],[-7,38],[30,27],[10,44],[-25,8],[-31,-19],[-29,-1],[-25,29],[7,17],[90,-21],[38,-1],[39,-42],[25,-42],[88,-98],[20,-29],[98,-101],[66,-79],[61,-32],[49,32],[30,55],[65,83],[-27,45],[-36,26],[101,14],[36,16],[31,-8],[94,25],[24,-54],[76,-89],[57,-31],[15,21],[2,40],[22,40],[24,12],[39,41],[30,98],[-16,77],[-43,0],[-44,20],[-36,-46],[-27,-11],[-42,14],[6,37],[21,17],[-6,29],[15,24],[35,9],[52,-38],[21,33],[37,6],[61,-25],[43,-34],[24,-7],[54,-44],[1,57],[12,21],[-28,17],[11,95],[-10,28],[-58,-9],[-20,8],[-19,42],[-105,-3],[-70,-36],[-16,18],[14,34],[6,81],[18,61],[-95,51],[-85,-5],[-13,-7],[-74,3],[-47,-63],[-35,-1],[-3,42],[48,23],[28,40],[36,8],[-3,24],[-102,-40],[-22,-38],[-40,-2],[-10,21],[41,57],[-30,11],[-27,-21],[-40,14],[-37,-19],[-42,17],[-110,-24],[-78,23],[10,55],[-24,2],[-2,33],[28,15],[127,-8],[13,-16],[49,17],[53,-11],[68,-1],[-6,27],[-89,37],[-47,47],[-30,13],[-76,-1],[-64,46],[-8,37],[-37,29],[-78,39],[-40,47],[-29,14],[1,33],[57,-8],[81,-38],[35,-27],[79,-78],[62,-51],[68,-42],[109,-46],[111,-39],[130,-95],[11,-18],[52,-28],[31,-29],[78,-43],[51,-9],[103,16],[28,-2],[111,47],[41,-10],[82,30],[40,-44],[33,-17],[50,20],[76,-172],[39,-41],[7,-22],[48,5],[40,25],[16,-47],[49,-48],[72,16],[14,17],[46,-10],[87,42],[72,15],[27,23],[-2,45],[64,55],[33,4],[38,19],[35,-46],[-11,-66],[22,-21],[56,7],[67,62],[22,10],[33,55],[53,7],[34,-38],[-9,-29],[31,-33],[7,-37],[-15,-50],[-25,-21],[-35,-59],[-3,-128],[-30,-108],[6,-29],[86,-112],[93,-78],[65,-37],[98,-25],[56,-3],[46,-22],[58,-41],[45,3],[38,-15],[48,22],[33,-15],[38,12],[86,-37],[30,11],[35,-5],[74,60],[39,10],[78,-15],[64,66],[-32,36],[3,50],[23,31],[26,1],[26,35],[38,3],[13,26],[70,24],[90,68],[88,27],[67,47],[-22,18],[34,30],[66,34],[0,28],[-31,35],[125,57],[25,28],[-11,18],[18,27],[-43,4],[-54,17],[46,44],[-18,26],[13,37],[47,37],[-75,20],[-40,1],[-33,69],[-59,43],[16,35],[-15,43],[-48,29],[-50,48],[16,51],[37,54],[-15,30],[2,71],[-55,4],[-53,59],[-3,41],[-34,34],[2,30],[34,32],[9,122],[-17,13],[-11,64],[-16,43],[0,58],[-18,26],[-48,34],[9,32],[-28,18],[-48,82],[16,44],[-20,27],[11,23],[-36,40],[-37,25],[7,60],[-56,45],[-30,78],[-1,35],[-61,69],[16,58],[-58,50],[27,28],[-44,48],[-17,5],[-36,-37],[-36,-52],[-6,-28],[-37,-28],[-36,-13],[-42,6],[-35,55],[-32,2],[3,52],[-31,6],[-46,35],[-45,-23],[-15,-32],[-55,-38],[-69,-3],[-55,-47],[-21,-65],[7,-17],[-32,-33],[-13,-36],[-29,35],[-58,-12],[-49,13],[-121,2],[-18,13],[47,31],[-55,7],[-8,-38],[-36,-14],[-30,-55],[-59,5],[-42,-46],[-49,-74],[-40,-28],[-55,60],[-107,14],[-63,58],[146,28],[-69,41],[17,27],[-22,14],[-23,-18],[-73,-24],[-60,-46],[-29,38],[-29,-3],[-26,-52],[-25,-7],[-22,23],[-80,-20],[-26,-31],[-86,8],[-24,-11],[-37,7],[-48,-5],[-44,-35],[-72,-39],[-65,-17],[-63,-32],[-39,0],[-130,-50],[-21,7],[-79,-35],[-25,9],[-47,-26],[-69,-10],[-71,-19],[-122,-50],[-33,2],[-37,-20],[-77,-24],[-45,-3],[-66,-28],[-71,-17],[-26,2],[-106,-26],[-125,13],[-25,-17],[-92,-37],[-43,7],[-29,-15],[-37,2],[-96,-39],[-31,2],[-55,-32],[-54,12],[-47,-20],[-56,-4],[-39,8],[-71,0],[-51,23],[-55,-5],[-47,29],[3,63],[-11,29],[-44,10],[-3,28],[-64,99],[5,31],[20,19],[13,46],[49,45],[15,33],[11,68],[27,30],[19,47],[28,7],[43,50],[3,58],[-16,6],[-45,105],[11,91],[60,34],[17,47],[2,64],[-24,59],[-26,24],[-35,-9],[-14,-33],[-20,3],[-4,64],[-30,24],[-4,58],[-15,33],[-37,4],[-29,44],[13,23],[27,-3],[30,24],[3,-50],[34,-60],[28,-36],[21,4],[65,64],[21,-80],[38,8],[30,19],[23,51],[-4,70],[-47,17],[-61,42],[52,53],[26,40],[-9,63],[-26,59],[-47,75],[-22,23],[-26,0],[-90,34],[-34,-6],[-76,-36],[-13,-81],[30,-11],[36,-33],[-10,-48],[-27,-2],[-28,-25],[-4,67],[-14,54],[-26,42],[-22,-3],[-50,156],[-21,23],[-16,85],[-32,113],[-46,77],[-38,14],[-74,-3],[-34,-16],[-4,74],[-54,105],[15,84],[6,75],[-26,58],[-58,38],[-36,-1],[-75,-45],[68,83],[43,73],[-21,74],[0,54],[-11,89],[13,52],[-6,24],[19,54],[50,76],[30,106],[52,49],[33,43],[6,27],[26,20],[-6,44],[61,70],[64,93],[10,50],[-24,30],[7,117],[72,104],[13,35],[46,85],[2,14],[43,72],[6,33],[39,74],[51,72],[152,199],[6,54],[27,84],[29,60],[-1,70],[-37,46],[-55,27],[45,73],[-14,28],[40,22],[4,22],[100,58],[77,12],[48,17],[98,-28],[67,-3],[129,24],[40,-3],[63,16],[29,20],[9,38],[59,14],[111,60],[69,63],[13,64],[41,32],[19,30],[114,57],[30,46],[45,35],[28,3],[48,34],[44,42],[124,59],[30,42],[-24,31],[86,4],[37,15],[38,51],[50,26],[38,5],[16,18],[62,16],[25,33],[61,11],[28,15],[11,35],[72,12],[100,-28],[59,22],[153,-150],[124,-59],[26,-20],[43,-12],[36,3],[13,17],[172,11],[71,-52],[37,17],[118,-89],[108,-92],[44,-32],[39,-40],[61,-49],[41,-59],[24,-75],[39,-92],[13,-64],[33,-52],[-14,-21],[23,-57],[40,-11],[18,-63],[34,-19],[-26,-39],[32,-35],[41,2],[8,-50],[30,-17],[57,-81],[19,-41],[18,-67],[26,-28],[-3,-90],[38,-26],[29,-37],[0,-37],[46,-6],[39,-58],[-7,-35],[21,-47],[29,-14],[-13,-34],[3,-47],[28,-30],[5,-36],[42,-3],[60,-85],[-22,-32],[30,-78],[4,-56],[-7,-80],[9,-60],[34,-92],[51,-101],[41,-33],[36,5],[22,-31],[-51,-25],[-44,-83],[-34,-159],[-5,-112],[4,-104],[18,-123],[30,-142],[6,-48],[81,-400],[17,-52],[62,-256],[59,-200],[104,-276],[46,-142],[17,-37],[116,-341],[41,-91],[49,-127],[86,-203],[34,-95],[19,-36],[34,-95],[78,-190],[26,-52],[24,-67],[91,-167],[69,-117],[166,-272],[55,-75],[105,-160],[88,-104],[62,-79],[12,-23],[50,-56],[97,-99],[112,-96],[133,-74],[121,-45],[86,-25],[95,-11],[62,4],[48,11],[22,19],[19,71],[34,85],[46,48],[99,78],[107,66],[41,37],[128,70],[118,20],[90,-19],[15,13],[91,-1],[72,-26],[67,1],[32,-12],[167,-1],[89,-29],[44,-25],[116,-21],[24,9],[100,-15],[77,-30],[61,-10],[113,-43],[58,-5],[21,12],[96,-24],[112,2],[63,18],[45,27],[24,36],[57,16],[61,37],[26,2],[41,31],[22,2],[58,47],[15,27],[74,52],[56,24],[35,3],[84,50],[19,6],[56,47],[54,4],[29,15],[20,58],[37,7],[88,-3],[53,14],[88,-56],[31,-12],[40,-43],[71,-58],[109,-71],[88,-21],[23,22],[59,-37],[76,-29],[66,-10],[32,24],[1,32],[48,13],[51,-3],[39,13],[43,-11],[42,-30],[56,-60],[79,-61],[91,-30],[25,8],[84,-28],[79,12],[62,-42],[80,-26],[57,2],[28,27],[-9,42],[29,21],[26,-8],[33,-38],[32,-11],[37,-35],[90,-123],[62,-69],[60,-79],[56,-60],[112,-91],[61,-29],[106,32],[64,-39],[85,-36],[56,-2],[32,37],[59,17],[41,20],[83,-48],[55,-23],[68,-18],[32,35],[59,17],[63,-14],[28,2],[6,31],[51,17],[48,41],[16,-5],[93,36],[25,-2],[90,-44],[49,-8],[19,10],[81,-10],[73,12],[62,18],[103,-48],[47,-13],[46,2],[33,31],[-17,25],[29,19],[82,-34],[31,29],[40,10],[63,-5],[30,12],[28,-15],[42,-43],[53,-39],[56,-21],[43,2],[19,35],[50,12],[29,-46],[156,-194],[23,-32],[148,-179],[48,-45],[47,-23],[98,-85],[81,-86],[37,-23],[23,1],[86,-60],[44,8],[46,-18],[54,-57],[66,-55],[95,-66],[87,-42],[93,-23],[70,0],[58,27],[9,27],[-7,79],[10,10],[49,-13],[97,-44],[35,-23],[40,-6],[40,18],[50,-31],[59,-50],[108,-135],[34,-28],[35,-41],[69,-98],[152,-175],[87,-83],[53,-39],[68,17],[79,-74],[47,8],[63,-32],[58,8],[50,16],[43,-5],[95,-74],[42,-20],[36,2],[20,29],[49,-29],[48,-15],[13,-32],[41,-43],[70,-48],[4,-34],[54,-55],[-1,-29],[63,-87],[96,-110],[64,-69],[90,-89],[90,-62],[54,-51],[89,-98],[90,-69],[88,-23],[46,0],[103,-15],[89,6],[46,33],[30,66],[-7,38],[-21,24],[35,15],[129,-115],[13,-30],[47,-45],[18,-38],[65,-66],[-43,-7],[-25,20],[-33,-13],[-33,-52],[-6,-45],[10,-65],[15,-40],[58,-90],[78,-160],[40,-72],[24,-29],[33,-59],[28,-37],[87,-129],[107,-136],[43,-72],[3,-28],[82,-192],[24,-74],[56,-133],[55,-141],[53,-118],[80,-138],[99,-131],[58,-83],[88,-136],[110,-101],[3,-25],[29,-50],[94,-63],[44,-15],[23,-31],[40,-22],[-7,-22],[-35,-27],[16,-56],[40,-44],[18,-43],[57,-57],[51,-23],[69,7],[22,-36],[-32,-11],[-6,-74],[36,-7],[22,-52],[-68,-12],[-24,-52],[57,15],[19,33],[27,-21],[4,-69],[-25,-18],[-42,10],[-6,-50],[-73,-7],[-44,-16],[-17,35],[-23,-19],[-59,12],[-11,23],[-43,-12],[-61,-27],[-50,10],[-61,-37],[-25,-27],[-27,35],[19,39],[-17,20],[-45,24],[-18,-20],[-24,20],[-54,3],[-9,-11],[-63,12],[-43,-15],[12,-62],[84,-63],[-36,-19],[-41,57],[-14,-3],[-44,45],[-13,-10],[34,-43],[-55,10],[-26,19],[-5,63],[-39,-13],[20,-39],[-108,13],[78,-50],[49,-15],[-16,-34],[33,0],[34,16],[-7,-51],[60,28],[41,-42],[61,-114],[-7,-25],[-48,-13],[-36,17],[-22,36],[-63,24],[-60,66],[-38,-30],[28,-17],[22,-37],[-34,-10],[40,-56],[-96,-17],[-4,-99],[17,-51],[30,-61],[33,-45],[31,-8],[-69,-59],[-34,-66],[-8,-79],[7,-88],[32,-145],[46,-136],[46,-117],[16,-55],[49,-120],[43,-133],[126,-332],[27,-48],[100,-198],[70,-124],[173,-258],[149,-205]],[[25619,98253],[-26,-2],[-33,-58],[-79,-18],[-96,-2],[-93,-47],[-52,-61],[-58,11],[-53,43],[-46,20],[-35,4],[-27,-18],[-18,-45],[-30,-36],[-124,-6],[-30,29],[-13,48],[-55,46],[-72,19],[-39,17],[-55,-16],[-67,19],[-86,-12],[-119,-6],[-69,11],[-84,-30],[-30,33],[-24,10],[19,101],[-7,33],[-28,13],[-42,2],[-49,46],[-11,77],[-34,37],[-67,-11],[-32,6],[-14,-19],[-47,22],[-13,48],[-37,31],[-31,8],[-14,-24],[-40,-21],[-42,48],[-32,20],[-55,-20],[-54,30],[-31,57],[4,46],[27,37],[-30,63],[-18,74],[0,32],[16,26],[-6,59],[-26,40],[6,42],[-47,34],[-2,39],[32,37],[2,64],[-40,-1],[-20,15],[-61,-15],[-35,44],[-77,56],[-3,97],[-42,47],[8,36],[-39,18],[-99,11],[-21,23],[-15,49],[-64,-19],[-13,68],[-49,-13],[-19,22],[-5,63],[-32,21],[16,91],[31,37],[23,47],[-26,32],[16,40],[-21,18],[5,32],[-6,81],[-19,21],[-9,39],[12,20],[-28,24],[-47,20],[-22,40],[15,62],[-12,32],[21,23],[52,7],[8,17],[-27,53],[12,34],[-33,1],[-30,44],[2,31],[32,63],[-7,53],[9,45],[-24,23],[-11,35],[11,37],[-6,47],[-50,42],[0,22],[50,34],[-31,38],[-6,45],[6,65],[18,37],[-42,30],[-15,48],[-33,3],[-44,36],[-22,-12],[-32,42],[-23,3],[-22,39],[-27,12],[-18,32],[-27,16],[-23,-9],[-22,89],[-23,24],[-49,22],[-26,29],[-26,11],[-46,-29],[-32,41],[-55,28],[-40,-3],[-29,34],[-35,18],[-14,31],[-46,-4],[-30,44],[-56,25],[-25,45],[-32,29],[-22,88],[-50,35],[-20,57],[-17,18],[-20,89],[21,15],[-3,52],[-37,55],[-21,64],[-28,7],[-24,25],[7,47],[-41,41],[-8,25],[-27,21],[-9,137],[-13,35],[18,19],[-13,80],[-27,38],[-75,43],[-41,2],[-149,52],[-31,-8],[-56,43],[-69,2],[-43,21],[1,19],[-42,63],[21,63],[-5,120],[-42,-2],[-28,-20],[-40,-47],[-33,-9],[-45,29],[-57,-32],[-235,-43]],[[21424,85179],[48,79],[1,32],[-34,18],[14,56],[-8,40],[10,52],[18,23],[-2,45]],[[21471,85524],[35,-32],[25,0],[24,-37],[39,-20],[46,12],[60,-40],[26,-2],[35,-34],[28,9],[16,-27],[71,-20],[71,-74],[21,-40],[-10,-49],[22,-14],[74,1],[25,-26],[6,-32],[38,-31],[22,23],[38,-33],[149,-5],[72,36],[51,-30],[47,17],[81,-11],[72,1],[22,-10],[42,5],[22,-29],[33,-3],[13,-31],[52,-39],[32,-92],[-2,-62],[35,-73],[60,-63],[52,-36],[43,-9],[52,-28],[108,-25],[62,-49],[6,-36],[74,-90],[261,219],[186,148],[396,320],[226,184],[151,126],[98,77]],[[24679,85470],[-1,4]],[[24678,85474],[5,-45]],[[25656,84345],[38,46],[48,-23]],[[26213,84105],[63,-29],[28,13],[56,8]],[[26420,83920],[13,-54],[37,-63],[37,-17],[48,-56],[46,-37],[-46,-73],[4,-7]],[[26952,83296],[53,14],[28,47],[52,25],[55,11],[27,29],[68,26],[26,21],[-12,40],[92,12],[38,66],[31,21],[50,9],[18,55],[53,-1],[45,28],[80,12],[131,103],[58,-9],[35,-143],[26,-14],[86,10],[97,-38],[38,-5],[67,-48],[9,-52],[-21,-206],[-57,-87],[-11,-40],[17,-54],[10,-69]],[[21471,85524],[44,8],[41,33],[51,76],[52,62],[100,136],[53,56],[92,76],[30,5],[106,68],[83,65],[19,21],[131,103],[36,38],[36,9],[75,58],[68,15],[80,28],[74,34],[64,45],[84,82],[47,12],[23,19],[89,45],[62,23],[54,58],[28,47],[44,123],[8,121],[-9,99]],[[23136,87089],[12,24],[48,21],[44,-70],[20,2],[33,-35],[28,5],[45,-17],[35,9],[14,-32],[40,-6],[10,-30],[75,-31],[36,-27],[38,-1],[27,-24],[65,33],[86,-26],[29,-22],[44,-65],[45,-26],[17,-22],[61,-50],[55,-27],[45,-64],[44,-19],[5,-24],[29,-20],[3,-50],[15,-46],[37,-13],[13,-35],[38,-15],[24,-28],[93,-5],[22,-17],[79,-16],[41,-27],[21,-45],[26,-18],[20,-33],[39,-8],[33,-133],[-1,-77],[18,-48],[27,-48],[14,-51],[-37,-31],[0,-17],[-83,-51],[-24,-37],[8,-26],[43,-65],[31,-11],[3,-30],[-20,-43],[28,-44]],[[24677,85477],[2,-7]],[[59668,98844],[35,26],[38,10],[38,-3],[59,11],[53,-3],[109,39],[132,26],[34,26],[35,1],[23,-43],[24,11],[13,32],[48,10],[53,-6],[4,-19],[69,0],[28,-17],[55,6],[34,-6],[81,23],[87,16],[17,17],[48,10],[25,-8],[79,17],[42,-20],[66,10],[27,-7],[63,3],[49,39],[31,-15],[105,21],[3,38],[22,5],[19,-30],[54,5],[18,-16],[52,-5],[98,4],[26,47],[21,7],[148,-20],[79,2],[10,12],[135,41],[69,-10],[32,2],[53,44],[34,-2],[39,25],[58,3],[5,21],[47,7],[32,-6],[31,16],[52,6],[79,36],[67,8],[19,22],[30,-3],[49,32],[45,-21],[38,5],[36,27],[62,21],[-5,37],[71,-13],[15,21],[33,0],[112,21],[49,15],[144,75],[22,32],[11,41],[67,33],[23,-2],[43,30],[28,3],[137,-18],[47,-18],[41,23],[29,-1],[65,18],[72,-35],[35,-26],[54,11],[102,-64],[47,-13],[23,14],[74,2],[40,-28],[74,3],[20,37],[64,-4],[41,16],[87,22],[44,-25],[47,-12],[20,22],[51,18],[52,6],[56,43],[29,12],[74,-31],[39,3],[37,19],[74,12],[71,59],[54,10],[64,-7],[15,29],[42,-44],[57,-33],[36,-8],[63,6],[18,-14],[50,-11],[83,-5],[23,-10],[24,16],[81,-5],[135,29],[41,-9],[93,13],[26,23],[88,-17],[108,17],[49,74],[19,11],[105,-51],[51,-11],[40,10],[45,42],[31,-3],[29,-20],[133,0],[40,16],[57,-11],[54,12],[149,-22],[15,6],[73,0],[61,21],[31,-12],[40,13],[149,11],[43,7],[181,-14],[47,18],[51,7],[47,-5],[25,16],[65,-15],[72,2],[17,14],[32,-8],[24,15],[67,-28],[57,3],[64,15],[42,-2],[87,16],[105,-8],[75,22],[71,3],[41,-10],[42,7],[107,6],[83,-3],[48,-18],[56,-3],[60,25],[69,-24],[43,-7],[28,18],[48,-3],[26,-18],[85,-24],[39,3],[5,19],[36,6],[88,-12],[50,17],[10,21],[78,-13],[45,-33],[148,-53],[54,2],[44,-34],[105,-62],[137,-34],[52,-17],[42,19],[77,13],[108,45],[76,10],[59,29]],[[70527,99721],[1,-1]],[[59657,98825],[2,1]],[[59665,98841],[3,3]],[[23057,89707],[26,-42],[52,-31],[64,-21],[45,-31],[41,-11],[100,11],[94,-19],[49,-20],[41,4],[73,-8],[47,-35],[95,3],[60,-18],[59,3],[57,-7],[159,-32],[81,5],[46,-17],[25,32],[64,2],[28,11],[43,-61],[49,6],[26,63],[31,29],[44,-9],[-9,-58],[38,-15],[-11,-61],[19,-7],[54,52],[31,3],[38,24],[20,-15],[74,-20],[54,6],[125,0],[58,23],[70,-6],[24,-27],[51,-3],[34,-14],[116,221],[111,195],[162,295],[18,58],[111,202],[27,69]],[[25771,90436],[30,8],[60,-23],[25,-32],[75,6],[21,19],[30,2],[51,52],[-37,79],[22,58],[38,62],[16,14],[-5,48],[21,6],[54,66],[24,47],[-3,57],[6,124],[11,55],[24,34],[48,27],[39,-10],[15,-25],[41,-23],[26,5],[69,-39],[15,-18],[33,30],[123,55],[41,7],[46,30],[39,109]],[[24678,85474],[-1,3]],[[23136,87089],[-56,116],[-46,45],[-33,1],[-24,40],[-27,124],[-4,47],[-1,210],[4,19],[-2,120],[15,80],[13,158],[10,80],[1,57],[-9,51],[7,35],[-4,88],[-11,73],[-24,21],[-48,10],[-74,-63],[-40,-18],[-18,12],[104,118],[21,0],[21,55],[-41,88],[-34,98],[-31,55],[-10,100],[5,45],[17,47],[25,29],[10,76],[41,64],[66,69],[50,104],[12,57],[22,19],[8,51],[23,68],[4,53],[-21,116]],[[23176,91062],[58,41],[61,8],[56,56],[18,34],[29,16],[60,9],[67,-33],[55,8],[60,23],[56,-25],[56,27],[23,3],[96,-20],[27,-14],[26,-59],[3,-59],[39,-3],[9,20],[72,43],[52,-2],[45,-23],[18,-25],[-17,-20],[11,-67],[114,20],[33,-13],[1,-24],[51,-33],[23,-39],[35,-38],[74,-34],[90,-100],[49,-74],[18,21],[57,10],[55,35],[35,34],[14,32],[31,13],[85,1],[57,18],[33,-3],[65,-55],[70,-29],[46,-31],[71,-90],[26,-7],[45,7],[50,22],[49,-35],[38,1],[54,-32],[57,-5],[12,-24],[56,-27],[29,1],[72,-33],[-17,-30],[37,-23]],[[23057,89707],[3,72],[73,83],[24,97],[0,89],[9,77],[27,39],[31,90],[-24,31],[-34,115],[13,77],[33,87],[39,8],[26,29],[13,38],[31,7],[85,-13],[-50,190],[-25,69],[-39,70],[-41,41],[-75,59]],[[9592,77212],[-24,-25],[-43,-12],[-22,36],[78,42],[3,19],[-30,42],[-49,34],[-47,22],[-41,4],[-30,-18],[-126,142],[-1702,1923],[-73,75],[-52,6],[-46,17],[-35,-9],[-12,28],[52,9],[10,17],[-21,33],[-41,14],[-39,-60],[-14,53],[-22,20],[-27,-2],[-80,50],[-43,13],[-13,72],[-1071,4550],[15,56],[-21,25],[-63,-9],[-30,31],[28,34],[37,-2],[37,38],[-23,41],[-26,5],[-57,-24],[-27,31],[20,37],[-29,18],[5,66],[-17,26],[-75,8],[-25,-21],[-31,-76],[-33,-25],[-20,6],[-20,45],[25,52],[0,28],[-31,50],[-46,12],[-52,-30],[-26,31],[45,27],[1,28],[-24,25],[-20,48],[-59,17],[-13,28],[-27,16],[-29,-22],[-2,-36],[14,-66],[20,-33],[-16,-34],[-69,-10],[-76,21],[-78,69],[-50,0],[-129,-12],[-72,7],[-84,35],[-30,-7],[-21,-29],[-18,-93],[7,-23],[-21,-32],[32,-27],[-31,-84],[-30,-7],[-38,8],[-26,-54],[-43,-12],[-73,4],[-43,-31],[-54,-12],[-24,7],[-8,-48],[-105,-57],[-24,-3],[-29,21],[-5,43],[-48,19],[-73,16],[-24,40],[45,54],[-25,45],[-45,3],[-65,68],[-6,31],[-44,86],[-43,32],[-27,72],[-48,12],[-21,20],[-80,38],[3,20],[44,18],[34,33],[90,53],[26,-6],[29,19],[28,165],[41,26],[18,35],[-60,52],[-16,55],[-6,95],[-55,88],[-7,43],[-52,13],[-38,20],[-54,66],[-20,7],[-68,-30],[-27,14],[-6,28],[20,29],[56,7],[14,16],[1,105],[-15,43],[36,54],[4,30],[-18,19],[-39,-4],[-41,18],[-21,30],[27,51],[2,75],[-18,19],[-75,-1],[-30,24],[31,72],[1,36],[-41,37],[-37,11],[-14,-21],[-77,-12],[-48,-24],[-7,-49],[-40,5],[-2,33],[-63,-27],[-30,-47],[3,-44],[-22,-33],[-29,-2],[16,-48],[-98,-65],[-81,58],[-30,-11],[-19,-26],[-55,31],[-33,-9],[-26,-41],[-9,-107],[37,-37],[-23,-26],[-41,-18],[-34,-1],[-21,-52],[-30,-38],[-4,-46],[-71,13],[-31,-4],[-21,26],[-35,19],[-32,-26],[-21,11],[-41,-7],[-23,25],[-51,-32],[-34,-5],[-53,9],[-24,-49],[-3,-46],[-32,-18],[-11,-26],[-30,12],[-13,-31],[-75,-34],[-37,-2],[2,-43],[12,-31],[-34,-59],[-67,-32],[-46,-64],[-59,-36],[-16,-32],[-28,-26],[-33,6],[-60,-22],[-23,11],[-40,-21],[-35,31],[-86,28],[-50,-3],[-39,19],[-17,-19],[-31,5],[-46,-25],[-22,-27],[-73,5],[-32,-15],[-29,-59],[-49,-8],[-26,-52],[-37,-27],[-59,6],[-17,25],[-62,-15],[-38,36],[-36,-16],[-23,16],[-37,-7],[-3,-23],[-99,32],[-62,41],[-112,23],[-75,3],[-68,-38],[-29,35],[-52,-17],[-61,14],[-82,29],[-20,-25],[-37,20],[-71,-24],[-119,-2],[-5,5],[-3,114],[45,82],[-24,37],[-7,29],[35,31],[31,60],[12,83],[55,30],[54,-6],[49,-28],[84,-9],[11,57],[21,2],[20,81],[59,49],[7,52],[43,47],[1,59],[54,59],[38,89],[28,26],[61,20],[8,77],[-5,50],[19,59],[25,40],[-2,42],[10,44],[41,38],[-12,41],[17,23],[4,65],[25,18],[12,48],[41,17],[67,-18],[27,7],[56,41],[9,51],[31,25],[-10,43],[10,39],[26,30],[-25,31],[-5,64],[-15,19],[22,135],[24,18],[4,37],[74,2],[42,42],[8,42],[20,15],[30,70],[-16,28],[8,70],[104,69],[81,78],[15,33],[-1,43],[66,1],[46,-18],[29,10],[16,34],[45,23],[-5,49],[60,43],[30,42],[-20,70],[8,31],[-14,59],[-48,35],[-24,-1],[-2,67],[43,23],[27,50],[14,-22],[70,10],[36,12],[70,6],[50,33],[-7,101],[-31,50],[4,58],[19,29],[63,48],[26,40],[7,39],[53,16],[75,121],[-2,27],[57,39],[8,52],[37,9],[24,23],[19,46],[41,0],[67,57],[102,-28],[70,3],[64,26],[119,-6],[56,3],[9,42],[-26,57],[13,56],[-8,24],[46,40],[-4,57],[39,44],[35,117],[7,59],[-43,45],[3,60],[25,49],[14,72],[19,5],[65,72],[7,48],[35,66],[33,32],[-33,76],[27,42],[29,70],[8,92],[15,39],[72,40],[20,46],[-7,21],[61,57],[35,21],[17,47],[1,39],[15,38],[46,-1],[0,56],[29,47],[43,29],[14,48],[33,32],[52,7],[23,35],[26,15],[0,78],[20,68],[33,35],[-3,98],[54,105],[17,58],[93,127],[42,4],[69,83],[41,80],[31,18],[10,27],[34,2],[11,21],[44,24],[-7,33],[28,34],[32,9],[1,45],[50,20],[11,42],[-49,72],[-35,23],[-44,2],[-121,33],[-21,35],[6,84],[-11,20],[-64,6],[-46,38],[-78,16],[-23,18],[-2,29],[39,36],[40,2],[61,36],[20,40],[-67,26],[-22,24],[-18,63],[20,107],[-43,43],[-49,34],[-45,9],[-4,73],[14,42],[48,10],[21,50],[35,30],[-6,59],[24,69],[30,33],[38,26],[0,30],[-53,43],[-6,44],[70,100],[16,63],[32,59],[42,21],[34,2],[23,68],[26,44],[2,63],[-21,19],[6,25],[53,31],[8,25],[36,29],[-1,101],[-5,18],[-73,68],[10,40],[23,27],[15,45],[16,92],[42,13],[25,28],[31,10],[44,112],[34,-4],[34,13],[24,54],[60,29],[0,83],[38,88],[-1,14],[75,2],[36,33],[-29,31],[-78,188],[30,173],[-9,47],[36,84],[30,19],[5,39],[30,28],[6,143],[-16,153],[9,21],[50,21],[40,3],[24,103],[-10,30],[-46,61],[9,35],[-15,72],[20,101],[-14,21],[-16,66],[-28,32],[-1,69],[17,38],[3,52],[17,36],[-21,56],[32,49],[47,212],[-11,26],[-36,30],[-41,56],[6,84],[13,44],[-14,11],[-16,74],[12,89],[82,101],[41,-1],[25,88],[-7,25],[65,98],[-16,17],[4,43],[-11,50],[-75,16],[-39,32],[23,79],[32,19],[-20,62],[13,19],[-2,68],[-18,69],[-37,24],[3,29],[33,43],[0,69],[55,-6],[76,65],[47,18],[18,20],[38,2],[17,16],[39,5],[10,20],[46,16],[17,37],[6,65],[48,-1],[17,69],[47,39],[45,24],[-19,67],[34,61],[-9,69],[65,39],[15,107],[-28,63],[3,38],[-30,51],[-4,25],[61,3],[26,22],[11,33],[58,26],[15,30],[-9,54],[21,20],[-18,52],[39,36],[6,36],[36,9],[16,25],[51,25],[56,51],[40,19],[54,4],[25,46],[19,7],[-11,51],[4,67],[14,43],[48,47],[13,59],[68,6],[53,28],[43,36],[28,4],[81,92],[34,27],[43,57],[-8,59],[3,52],[99,14],[26,42],[-30,40],[6,91],[40,48],[21,104],[21,32],[-6,22],[24,55],[50,24],[2,33],[35,18],[35,70],[4,51],[-26,49],[52,142],[-33,42],[32,21],[20,58],[6,45],[36,65],[121,10],[30,-19],[41,2],[89,63],[-21,33],[-4,38],[40,122],[-39,130],[38,45],[25,44],[21,77],[-21,33],[17,45],[64,21],[-3,72],[13,24],[43,40],[-4,17],[28,92],[27,61],[-6,45],[37,9],[44,72],[17,65],[-9,38],[19,49],[106,37],[88,3],[108,14],[40,-36],[33,49],[23,4],[-3,42],[51,71],[31,8],[64,58],[109,39],[25,27],[55,36],[16,57],[15,18],[45,16],[43,33],[18,31],[-4,25],[79,63],[2,41],[20,25],[-4,24],[24,36],[35,81],[37,52],[43,93],[11,82],[-2,48],[31,7],[66,72],[17,89],[0,63],[37,15],[28,-6],[18,61],[94,53],[-4,33],[7,66],[29,41],[55,26],[57,74],[45,32],[74,23],[43,40],[-12,38],[-74,15],[-74,114],[-8,60],[-20,-3],[-12,60],[22,38],[-42,14],[1,36],[121,21],[26,22],[80,39],[93,79],[50,29],[46,15],[3,41],[55,29],[48,36],[34,-4],[43,-75],[22,-12],[83,71],[32,15],[90,21],[31,-13],[81,8],[85,42],[88,26],[42,-5],[70,37],[18,-12],[60,30],[12,19],[84,26],[17,39],[64,24],[12,16],[44,2],[112,-25],[24,15],[38,-6],[17,-41],[47,18],[21,-24],[65,-17],[61,-1],[45,12],[47,-23],[49,22],[82,-19],[18,-25],[34,4],[31,-16],[48,-2],[190,20],[24,20],[45,11],[2,15],[672,1226],[2061,3761],[1888,538],[4052,1144],[-43,17],[-33,0],[-23,48],[1,95],[19,26],[41,-9],[29,31],[31,-10],[72,8],[36,72],[33,8],[22,-28],[26,1],[98,43],[-2,21],[24,30],[86,31],[38,-1],[79,-19],[14,-18],[-2,-92],[-28,-3],[-48,30],[-45,-16],[-42,-58],[-33,-104],[-10,-46],[3,-63],[13,-85],[20,-63],[23,-23],[-37,-22],[-28,-37],[-22,-3],[-32,-42],[-21,2],[-47,-25],[-39,-3],[-59,-19],[-32,-34],[-43,-13],[-19,-36],[-13,-57],[-27,-28],[-23,-104],[-21,-27],[-32,6],[-91,-16],[-18,10],[-80,-75],[-46,12],[-38,28],[-78,-16],[-41,-34],[-37,-62],[-24,-76],[-39,-20],[-26,-53],[-97,2],[-35,-16],[-61,-15],[-50,-28],[-92,11],[-129,-55],[-79,2],[-37,-15],[-97,-17],[-119,-13],[-49,5],[-86,-25],[-64,-39],[-103,-8],[-55,-26],[-98,-5],[-118,-16],[-25,15],[-50,-3],[-73,-25],[-22,3],[-88,-19],[-58,-5],[-25,-11],[-83,-7],[-57,22],[-61,-33],[-74,-17],[-80,-35],[-133,-5],[-86,-23],[-64,-29],[-66,-22],[-61,-39],[-127,-28],[-70,-33],[-85,-14],[-63,-25],[-66,3],[-30,-7],[-45,8],[-66,-1],[-28,-9],[-76,3],[-69,-21],[-49,-27],[-28,-6],[-102,-48],[-46,-4],[-40,-19],[-77,-1],[-76,-12],[-63,-3],[-41,-12],[-65,-65],[-67,14],[-61,-20],[-52,-10],[-49,-44],[-31,-5],[-27,-22],[-58,-5],[-46,-28],[-83,-21],[-84,-5],[-59,-20],[-117,-71],[-43,-50],[-64,-16],[-85,-37],[-212,-28],[-31,7],[-60,-2],[-20,-12],[-73,-68],[-54,-81],[-33,-69],[-29,-88],[-34,-163],[-22,-171],[-7,-83],[-4,-105],[1,-151],[5,-35],[11,-193],[46,-416],[13,-88],[19,-73],[21,-121],[34,-130],[28,-140],[-4,-61],[36,-27],[38,-91],[48,-132],[29,-94],[43,-102],[27,-92],[90,-207],[229,-470],[112,-202],[22,-33],[90,-156],[63,-95],[16,-31],[123,-181],[166,-221],[139,-158],[46,-61],[87,-99],[12,-30],[46,-28],[119,-131],[137,-131],[83,-71],[80,-81],[105,-90],[56,-36],[85,-65],[130,-83],[99,-53],[93,-45],[31,-8],[55,-31],[224,-70],[65,-25],[84,-51],[141,-113],[32,-11],[47,-43],[62,-40],[70,-85],[51,-53],[99,-82],[-49,-11],[-8,36],[-48,34],[-33,-11],[-100,-110],[-48,20],[-45,-2],[-16,27],[-67,40],[-1,-78],[-29,-23],[-65,-31],[-64,35],[-72,-18],[8,31],[37,26],[26,43],[25,93],[-61,-15],[-70,27],[-177,-6],[-70,46],[-10,20],[-107,35],[-178,98],[-78,20],[-173,-69],[-59,14],[-11,-38],[-31,-55],[-42,-33],[-37,16],[-25,-5],[-9,-29],[7,-33],[65,-41],[60,0],[51,15],[63,-19],[95,-141],[43,-36],[17,-33],[74,-70],[32,-13],[35,-45],[22,-7],[13,-35],[57,-100],[25,-59],[-28,-42],[3,-33],[-33,-35],[0,-44],[24,-40],[-24,-41],[14,-78],[14,-47],[-1,-91],[14,-56],[35,-91],[25,-82],[24,-95],[56,-121],[19,-56],[73,-135],[49,-99],[73,-113],[15,-41],[-9,-23],[13,-40],[34,-61],[6,-42],[39,-60],[12,-31],[46,-57],[41,-36],[44,-61],[56,-45],[42,-51],[96,-83],[75,-77],[35,-25],[19,24],[35,-35],[-8,-32],[98,-63],[115,-93],[32,-11],[4,-25],[25,-21],[126,-74],[-26,-18],[-79,6],[-13,-48],[-59,-51],[64,-92],[25,-81],[-28,-82],[10,-22],[-38,-53],[-24,-93],[-48,-36],[7,-35],[-18,-49],[-107,23],[-29,-13],[-1,-41],[54,-83],[-3,-23],[60,-96],[-6,-33],[-79,-98],[-2,-29],[-21,-14],[2,-84],[41,-47],[4,-89],[-30,-55],[-10,-71],[-27,-39],[5,-48],[-12,-81],[-57,-78],[-13,-52],[-17,-10],[-42,-102],[-14,-79],[17,-19],[-32,-78],[7,-157],[14,-56],[-19,-15],[-20,-53],[-3,-32],[14,-69],[39,-74],[-18,-52],[7,-56],[38,-81],[-61,1],[1,20],[-49,6],[-72,-37],[-65,-18],[-68,-40],[-102,-74],[-19,-5],[-88,-72],[-68,-75],[-97,-90],[-58,-46],[-62,-35],[-60,-18],[-71,-47],[-87,-33],[-71,-54],[-16,-20],[-96,-80],[-46,-60],[-86,-62],[-24,-47],[-57,-40],[-18,-24],[-79,-55],[-9,-20],[-73,-71],[-57,-100],[-25,-83],[-30,-79],[-13,-13],[-23,-70],[1,-40],[-26,-60],[-86,-69],[-35,-44],[-32,-77],[-14,-62],[-23,-32],[-17,-95],[-28,-23],[-13,-70],[-61,-77],[-11,-34],[5,-57],[-17,-72],[-39,-49],[-83,-52],[-23,-28],[-33,-13],[-34,-58],[-14,-78],[-19,-58],[-35,-28],[-38,-62],[-5,-41],[-31,-18],[-36,2],[-52,-40],[-78,-136],[-32,-41],[-30,-78],[-12,-72],[-43,-64],[-107,-63],[-85,-30],[-65,-15],[-41,-28],[-45,-1],[-37,-22],[-54,4],[-33,-32],[-46,9],[-31,-37],[-46,-34],[-67,-31],[-49,-51],[-37,-6],[-19,-25],[-101,-106],[-25,-52],[-68,-229],[-5,-116],[-29,-85],[-13,-67],[-25,-17],[-18,-101],[-37,-44],[-40,-89],[-3,-41],[-40,-104],[-30,-9],[-27,-46],[-9,-49],[-27,-48],[-39,-134],[-17,-39],[-15,-66],[-48,-102],[-33,-43],[-66,-127],[-71,-75],[-100,-133],[-28,-50],[-18,-2],[-24,-61],[-25,-14],[-22,-75],[-46,-80],[-69,-45],[-16,-24],[-36,-17],[-53,-39],[-64,-75],[-5,-75],[-33,-14],[-42,5],[-25,20],[-65,-17],[-21,-31],[-7,-71],[35,-38],[-19,-41],[-58,-51],[7,-77],[84,-82],[36,-15],[103,-193],[206,-293],[127,-149],[174,-187],[160,-192],[27,-56],[85,-94],[73,-66],[35,-53],[86,-105],[75,-104],[25,-19],[139,-161],[42,-63],[113,-184],[58,-142],[17,-108],[-21,-56],[5,-72],[12,-78],[32,-81],[53,-91],[98,-123],[156,-182],[18,-35],[135,-193],[18,-15],[95,-132],[134,-118],[109,-70],[107,-50],[200,-86],[169,-94],[88,-43],[24,-49],[37,-16],[42,-45],[59,-51],[58,-70],[27,-17],[7,-34],[31,-30],[47,-63],[24,-51],[48,-61],[23,-40],[62,-62],[33,-63],[66,-48],[91,-16],[82,39],[38,65],[-3,17],[30,51],[31,17],[95,28],[59,42],[26,32],[44,15],[0,-33],[-37,-11],[-33,-54],[-44,-40],[-1,-41],[11,-42],[-29,-30],[-31,7],[-40,-31],[-31,-56],[24,-35],[37,-29],[47,-16],[27,34],[33,-42],[43,8],[3,-34],[-51,-42],[-15,2],[-37,50],[-94,13],[-36,-27],[-36,-91],[58,-54],[53,-22],[32,-98],[0,-44],[-13,-18],[8,-110],[23,-43],[4,-73],[-41,18],[-74,1],[-12,-20],[61,-142],[-54,-23],[-40,42],[-35,24],[-20,50],[-26,36],[-55,27],[-32,-8],[-21,31],[-32,25],[-6,-33],[-19,-17],[-38,16],[-24,-10],[54,-66],[-6,-79],[13,-66],[-7,-53],[-29,-44],[-53,3],[-52,-7],[-15,-11],[-94,-27],[-21,-21],[-45,-18],[-49,-5],[-6,-19],[-45,-46],[-16,-1],[-11,-45],[-67,-88],[7,-36],[51,-23],[5,-15],[60,6],[15,-15],[66,48],[6,36],[60,84],[24,24],[47,-18],[32,-35],[67,-146],[28,-34],[65,-53],[-3,54],[-33,36],[-26,8],[7,30],[49,27],[52,5],[42,48],[22,5],[36,57],[42,-34],[-13,-55],[36,-15],[-40,-37],[-21,-45],[-5,-36],[17,-80],[-17,-71],[-51,2],[27,-48],[35,-33],[9,-45]],[[23176,91062],[-20,12],[-12,53],[-44,70],[-80,92],[-67,98],[-52,60],[-28,49],[-52,66],[-50,101],[2,85],[43,36],[21,-36],[53,37],[0,71],[11,29],[-22,97],[-37,90],[-54,114],[-78,128],[-19,41],[-84,135],[-24,22],[-100,136],[-69,82],[-30,48],[-62,67],[-38,48],[-8,28],[-29,22],[-89,96],[6,8],[-154,121],[-139,63],[-51,17],[-53,6],[-78,-13],[-37,2],[-16,-16],[-50,43],[-36,0],[-8,60],[-21,52],[1,41],[-27,137],[-50,116],[-16,13],[-45,99],[-30,29],[-55,94],[-3,60],[12,40],[-2,56],[-21,159],[-26,73],[-43,97],[-82,217],[-67,136],[-22,22],[-13,38],[-25,36],[-13,40],[-25,19],[-99,170],[-52,74],[-54,61],[-76,51],[-20,25],[-46,7],[-68,58],[9,13],[-51,27],[-109,77],[-128,64],[-40,5],[11,28],[-40,35],[-24,3],[-47,54],[-46,18],[-7,42],[-77,94],[-31,125],[-3,86],[-33,105],[-48,102],[-76,104],[-51,29],[-42,45],[-47,94],[-18,-1],[-37,56],[-48,54],[-20,49],[-32,39],[-14,36],[-18,133],[-23,21],[-10,58],[-99,140],[-36,64],[-70,63],[-48,29],[-33,34],[-32,16],[-23,-19],[-42,47],[-7,51],[-77,48],[-116,41],[3,21],[30,40],[83,184],[3,51],[-6,47],[38,64],[43,39],[59,93],[17,55],[6,59],[-11,61],[-51,107],[4,60],[-35,94],[-48,59],[-37,32],[-74,44],[-49,12],[-26,20],[-108,45],[-64,40],[-46,18],[-129,157],[-40,76],[-38,36],[-36,19],[-85,25],[-21,30],[26,12],[42,40],[22,33],[9,48],[-14,46],[-3,61],[-42,0],[0,26],[40,1],[24,68],[-8,33],[57,58],[88,34],[75,43],[77,13],[36,0],[20,62],[-43,86],[-49,46],[-64,44],[-53,25],[-85,23],[-60,30],[6,34],[27,20],[19,50],[42,55],[9,33],[-2,45],[-115,105],[27,86],[-4,45],[70,82],[18,55],[-5,30],[-35,37],[-36,19],[-13,26],[55,106],[17,48],[-3,34],[-115,147],[-10,85],[6,53],[-22,48],[-57,32],[-55,9],[-33,-36],[-11,41],[-95,-2],[7,15],[-1,94],[-34,36],[-55,30],[-141,34],[-72,33],[21,24],[-17,30],[68,54],[58,-35],[51,-12],[48,0],[32,17],[91,16],[29,-14],[78,23],[38,-11],[38,11],[67,-6],[79,17],[31,-6],[76,17],[52,-10],[78,8],[116,-22],[65,8],[109,-25],[50,-17],[144,-25],[103,8],[69,21],[29,16],[-1,69],[13,41],[-15,34],[-3,125],[-19,76],[-69,180],[-23,53],[-8,51],[-18,56],[-8,50],[9,102],[53,16],[45,26],[69,-5],[67,24],[46,66],[27,117],[39,18],[23,37],[-31,4],[-59,-21],[-76,-65],[-95,5],[-34,32],[-24,40],[-46,18],[-82,60],[-47,46],[-53,38],[-49,53],[-14,36],[-46,61],[2,16],[-34,63],[-43,22],[-40,-28],[-26,-7],[-18,23],[-36,-12],[-33,-29],[-16,30],[19,24],[86,32],[99,15],[40,15],[71,2],[137,31],[184,73],[79,0],[91,19],[102,4],[49,7],[41,-6],[58,8],[52,-3],[143,-23],[87,-4],[110,-38],[146,-19],[52,1],[117,-14],[54,15]],[[94852,105343],[-11,-52],[16,-8],[37,-99],[27,-28],[1,-25],[23,-36],[58,-63],[91,-86],[16,-2],[64,-70],[66,-43],[-31,-16],[8,-48],[-13,-29],[4,-31],[53,-109],[40,-55],[32,-84],[24,-77],[20,-47],[44,-67],[12,-44],[32,-47],[43,-97],[24,-24],[18,-41],[67,-92],[28,-50],[58,-84],[47,-56],[45,-73],[78,-108],[3,-33],[-26,-17],[-46,14],[-29,-10],[-34,14],[-13,25],[-26,1],[-27,-20],[-25,-37],[-28,-80],[3,-36],[-40,-25],[-48,24],[-42,-19],[-19,-59],[3,-147],[24,-105],[-38,-29],[-27,-5],[-19,24],[6,26],[-22,34],[-48,18],[-23,27],[-53,-14],[-44,-33],[-26,-7],[-21,-34],[-18,12],[-76,-20],[-38,-38],[-97,-3],[-67,-59],[-34,-18],[-37,-68],[-21,-86],[2,-31],[-22,-124],[-3,-57],[16,-86],[-48,-73],[-46,-17],[-43,13],[-46,33],[-78,-10],[-29,16],[-48,6],[-68,22],[-53,47],[-5,46],[-16,20],[-36,11],[-16,35],[22,9],[20,33],[45,2],[63,-55],[53,-4],[40,-25],[42,14],[53,-38],[44,3],[27,-29],[30,10],[12,-24],[40,-1],[-56,74],[2,57],[-79,40],[-20,29],[-122,-26],[-11,28],[-58,3],[-7,16],[56,50],[-52,16],[-91,2],[-8,21],[-42,-2],[-47,18],[-18,-6],[-35,24],[-36,-12],[-3,-31],[23,-20],[-46,-30],[14,-20],[63,0],[22,-47],[43,-44],[-60,-45],[50,-35],[-113,-38],[-16,-16],[-61,-4],[-14,10],[-70,11],[-27,-17],[-54,10],[-63,-37],[-43,-9],[-19,-35],[-74,-95],[-55,-40],[-36,0],[-16,-23],[-56,-26],[-32,12],[-96,11],[-74,-25],[-53,-42],[-29,41],[-61,9],[9,-36],[-47,-57],[-105,-31],[-4,50],[30,1],[48,34],[16,35],[-13,78],[-31,45],[-4,22],[-29,17],[-30,37],[-105,60],[-55,-30],[-41,13],[-32,-8],[-53,26],[-52,0],[-23,19],[-42,-28],[-40,57],[-45,95],[-14,47],[-4,48],[31,-2],[24,26],[-30,18],[-35,-6],[-39,15],[3,22],[-35,21],[-53,68],[-27,13],[-23,41],[-50,43],[-31,13],[-29,36],[-27,9],[-9,31],[-92,34],[-83,15],[-41,40],[7,70],[42,79],[36,15],[93,-55],[78,12],[-5,40],[116,-16],[2,46],[18,25],[39,-8],[-1,-44],[-22,-29],[-43,-8],[-1,-30],[-79,-22],[20,-25],[58,17],[65,2],[55,29],[110,-15],[61,-2],[44,15],[36,-17],[29,15],[34,-16],[96,-21],[-19,35],[46,5],[65,-9],[24,8],[48,-4],[202,38],[23,-37],[39,-17],[30,41],[-69,26],[54,19],[51,46],[11,29],[-34,5],[-23,-17],[-108,-40],[-263,-26],[-7,-41],[-61,5],[-93,20],[-47,-23],[-83,1],[20,20],[-82,63],[-49,20],[-174,56],[-143,64],[-92,49],[-179,115],[-21,20],[-82,51],[-39,38],[-43,12],[3,-25],[46,-29],[76,-121],[15,-60],[24,-52],[-14,-46],[17,-19],[-8,-29],[40,-72],[11,-41],[18,-23],[-34,-35],[-51,-70],[-27,-16],[-11,-27],[10,-46],[-29,-37],[-22,-48],[-47,-27],[-66,-66],[-24,-10],[-58,3],[-52,-53],[-57,27],[-30,22],[-59,16],[-76,11],[-69,-6],[-27,-19],[-42,1],[-63,15],[-55,25],[-99,1],[-56,-4],[-64,26],[-90,3],[-62,-11],[-61,27],[-118,79],[-79,20],[-81,-3],[-34,8],[-62,-27],[-54,27],[-61,6],[-66,31],[-65,10],[-35,-16],[-37,29],[-69,17],[-33,-5],[-54,28],[-64,2],[-88,53],[-69,-19],[-5,25],[22,48],[-9,27],[55,64],[29,11],[146,119],[24,40],[2,43],[52,92],[16,73],[-13,35],[-61,32],[13,42],[-22,27],[19,44],[109,43],[33,18],[57,15],[17,18],[87,-37],[33,-4],[47,13],[14,22],[67,45],[25,-3],[75,22],[42,-10],[51,1],[19,14],[1,33],[24,21],[66,-9],[59,21],[-2,56],[42,-3],[31,-26],[117,-45],[107,-6],[53,40],[50,-2],[108,11],[31,51],[77,26],[110,20],[28,29],[62,48],[35,11],[34,-13],[41,11],[16,-11],[83,-14],[17,-59],[-10,-89],[-16,-37],[-86,-115],[11,-28],[74,-94],[73,-81],[86,-75],[95,-76],[74,-47],[81,-64],[101,-59],[74,-30],[40,-28],[53,-13],[52,-25],[92,-25],[73,-13],[99,-27],[34,0],[68,-17],[58,-6],[124,-4],[97,9],[135,20],[113,50],[90,65],[44,67],[-7,61],[-19,22],[13,61],[-5,21],[38,65],[47,52],[5,59],[-11,41],[3,63],[-5,93],[26,46],[-8,36],[38,28],[48,4],[20,19],[32,-16],[91,20],[37,14],[90,49],[39,29],[6,20],[-16,46],[-47,1],[24,60],[-1,21],[-50,13],[-8,78],[31,20],[23,60],[14,-11],[46,-1],[16,33],[26,-15],[94,-1],[95,6],[19,39],[50,20],[40,-6],[41,19],[-11,38],[5,32],[49,-19],[50,22],[26,26],[2,37],[26,21],[37,10],[7,42],[26,3],[31,29],[0,35],[24,37],[5,43],[112,22],[18,19],[19,51],[-8,33],[19,63],[32,23],[57,23]],[[93706,101714],[25,-1],[66,-47],[41,-2],[55,18],[47,-12],[40,-21],[45,-39],[84,-26],[132,-29],[87,-11],[84,-20],[44,13],[55,-28],[60,-20],[61,-66],[15,-57],[21,-9],[17,-43],[27,-20],[36,-81],[41,-50],[4,-39],[-19,-91],[-15,-28],[-10,-59],[-75,-18],[-39,0],[-69,-28],[-74,-2],[-46,25],[-65,22],[-23,46],[-84,39],[-58,4],[-40,34],[22,33],[30,-29],[25,10],[-2,26],[-34,64],[-41,32],[-26,7],[-12,-36],[-31,39],[-48,24],[-49,2],[-49,14],[-64,-11],[-26,16],[-59,10],[-62,23],[-46,35],[-31,-1],[-18,19],[63,77],[5,18],[39,13],[17,43],[6,67],[-21,76],[-26,46],[-32,29]],[[94278,102532],[-38,-19],[-33,32],[40,16],[31,-29]],[[92171,103556],[88,-39],[18,-16],[76,-36],[18,-21],[-85,3],[25,-33],[-45,-33],[-85,18],[-42,54],[4,59],[11,23],[-31,20],[-50,-79],[-6,36],[19,47],[36,27],[49,-30]],[[92120,101898],[12,1],[24,-59],[25,-43],[17,-1],[54,-33],[-27,-75],[-58,-33],[-19,-54],[-56,-24],[-61,6],[-57,-24],[-101,-7],[-52,-23],[-25,16],[-45,2],[-54,-28],[-78,11],[-93,0],[-31,42],[-31,79],[-37,42],[-6,26],[55,51],[44,20],[37,41],[100,-19],[38,34],[34,11],[102,-9],[38,-16],[72,-15],[68,-42],[16,4],[46,65],[7,47],[17,37],[25,-30]],[[92121,103372],[27,2],[-2,-40],[-20,-9],[-38,44],[-46,31],[34,17],[26,-14],[19,-31]],[[91877,103738],[27,-8],[42,-35],[-14,-43],[53,-9],[16,14],[110,-67],[-85,-38],[-2,24],[-59,55],[-27,-14],[19,-52],[65,-17],[23,-19],[-13,-34],[22,-33],[-14,-40],[-27,-9],[4,-49],[-40,11],[5,40],[-49,15],[2,19],[-20,60],[36,20],[-23,32],[-33,68],[-13,41],[20,26],[-25,42]],[[127100,79765],[35,5],[61,24],[-8,-26],[3,-62],[-40,1],[-51,58]],[[127492,81909],[49,44],[55,37],[10,-17],[-19,-50],[-48,-33],[-47,19]],[[125575,82264],[67,38],[13,-16],[-80,-22]],[[125725,82777],[33,24],[21,-35],[-48,-23],[-33,-4],[-18,16],[45,22]],[[125671,82771],[14,38],[60,16],[-19,-42],[-38,-20],[-17,8]],[[125377,82765],[42,82],[5,-42],[-47,-40]],[[126636,82916],[23,28],[86,16],[46,-15],[-46,-57],[-26,-11],[-67,4],[-16,35]],[[125758,82811],[36,24],[35,47],[11,33],[7,66],[31,-14],[17,-30],[45,-12],[49,-31],[0,-61],[-66,-40],[-65,-4],[-21,-10],[-65,8],[-14,24]],[[126781,82909],[40,40],[56,5],[2,33],[69,20],[54,-11],[18,-58],[-61,-64],[-79,-63],[-55,0],[-34,47],[-10,51]],[[126393,83656],[5,24],[101,95],[22,6],[30,-22],[40,-89],[-16,-56],[-31,-7],[-44,-29],[-107,78]],[[126614,83862],[-32,-20],[-64,-16],[-49,-3],[-28,14],[-3,48],[18,31],[42,45],[53,104],[37,37],[17,73],[29,34],[24,64],[37,50],[41,34],[50,20],[63,-37],[35,-66],[-3,-109],[-39,-83],[-120,-106],[-22,-36],[-9,-49],[-77,-29]],[[126076,84482],[36,96],[40,57],[44,17],[28,-38],[6,-54],[-36,-159],[-61,-15],[-52,55],[-5,41]],[[126645,84523],[-7,-71],[-23,-39],[-26,-3],[-86,-81],[-58,-11],[-89,-40],[-53,5],[-31,16],[-64,81],[37,172],[0,39],[-34,100],[9,50],[50,50],[39,57],[20,12],[77,193],[74,59],[30,36],[79,-6],[62,-30],[23,-28],[58,-101],[27,-36],[44,-40],[41,-66],[7,-43],[-17,-24],[1,-71],[-23,-116],[-34,-41],[-60,-35],[-73,12]],[[84327,95025],[-21,20],[-45,-11],[-35,28],[3,15],[64,19],[49,-12],[51,-1],[44,-39],[43,-23],[46,-14],[9,-27],[-81,-10],[-37,22],[-36,-19],[-54,52]],[[83895,95183],[-6,16],[39,19],[68,6],[42,-13],[39,0],[14,16],[48,-1],[83,-24],[23,-19],[-11,-23],[-65,-10],[-51,4],[-78,-10],[-30,8],[-29,-22],[-48,56],[-38,-3]],[[88875,96159],[36,18],[14,-32],[-50,14]],[[86147,96177],[42,60],[42,-49],[-18,-16],[-66,5]],[[88130,96147],[-14,27],[37,8],[8,30],[-40,31],[40,32],[41,5],[15,-59],[30,-37],[-18,-35],[28,-53],[-69,3],[-56,22],[-2,26]],[[87242,96094],[-1,38],[42,-2],[40,49],[-48,49],[71,34],[102,26],[67,2],[-13,-49],[-143,-40],[-19,-29],[-24,-64],[-31,-16],[-43,2]],[[87097,96421],[37,15],[9,-43],[-32,-9],[-14,37]],[[87640,96412],[-32,6],[-35,32],[8,18],[92,3],[44,-11],[55,0],[11,-31],[-48,1],[-44,-17],[-51,-1]],[[86833,96528],[26,41],[23,-2],[43,-37],[-48,-42],[-38,14],[-6,26]],[[87286,96402],[-3,29],[-49,-36],[-17,16],[-29,-25],[-24,10],[-25,47],[-78,17],[-3,-64],[-37,-14],[-58,17],[-18,-8],[-28,29],[87,23],[16,18],[-48,70],[29,35],[53,-9],[38,8],[55,-6],[43,-24],[88,18],[13,25],[27,-25],[9,-29],[90,-35],[-40,-43],[61,-35],[27,9],[24,-22],[28,3],[44,-43],[-44,-34],[-59,36],[-48,-31],[-53,2],[2,45],[-59,11],[-14,15]],[[87995,96579],[18,42],[20,-33],[-38,-9]],[[86106,96407],[-40,-1],[-36,12],[23,29],[33,-30],[15,28],[-4,51],[34,3],[37,50],[-2,24],[56,54],[21,39],[89,-15],[52,-40],[-10,-22],[-19,-111],[-28,-50],[-38,-133],[-61,-16],[-4,27],[-118,101]],[[89634,97150],[0,62],[-10,13],[1,52],[26,-19],[40,-1],[23,-31],[-37,-19],[-8,-64],[51,-13],[-49,-49],[-62,-5],[-53,-30],[23,83],[48,-2],[7,23]],[[89085,97143],[-56,20],[-22,30],[51,62],[31,15],[74,-54],[2,-23],[29,-7],[38,42],[11,-31],[-25,-44],[20,-25],[8,-51],[33,10],[45,-12],[22,9],[36,-11],[14,-22],[-76,-16],[-49,4],[-37,36],[-38,15],[-5,35],[-53,-1],[-53,19]],[[89330,97266],[48,3],[3,85],[54,6],[86,-32],[19,-27],[-51,-40],[-2,-40],[43,2],[18,-17],[-19,-28],[-30,-16],[-112,-16],[-37,-36],[-28,28],[8,25],[-41,34],[11,65],[30,4]],[[95158,100412],[-33,32],[48,12],[37,-22],[-5,-20],[-47,-2]],[[98009,106525],[-38,-23],[-56,42],[-47,51],[5,38],[57,36],[80,-75],[-1,-69]],[[88090,111778],[-103,-124],[-62,-38],[-70,-9],[-63,11],[-162,69],[-200,-8],[-89,36],[-106,87],[-43,186],[16,33],[126,90],[113,200],[46,150],[47,25],[68,-8],[89,-37],[86,-78],[82,-38],[181,-221],[40,-94],[22,-110],[-18,-122]],[[114970,99855],[-38,-2],[-49,25],[-27,46],[40,24],[112,24],[45,-11],[12,-31],[-8,-39],[-87,-36]],[[94282,106158],[13,33],[33,8],[30,-38],[-64,-24],[-12,21]],[[71579,111649],[9,27],[52,4],[70,-27],[146,-32],[75,-24],[30,17],[44,50],[68,15],[117,-14],[86,35],[127,40],[125,5],[100,-59],[-1,-153],[-37,-109],[-28,-63],[-138,-118],[-27,-18],[-83,-17],[-110,36],[-110,27],[-110,73],[-165,100],[-222,163],[-18,42]],[[72415,111784],[9,55],[59,76],[67,108],[18,50],[1,110],[20,64],[52,-2],[45,-67],[-11,-61],[-29,-83],[-33,-40],[0,-87],[-21,-59],[-51,-30],[-64,-6],[-62,-28]],[[72391,112149],[38,52],[43,4],[39,-61],[-35,-44],[-23,-8],[-49,6],[-13,51]],[[72148,111758],[0,29],[39,16],[66,4],[35,-21],[-15,-48],[-113,-14],[-12,34]],[[72265,111900],[2,36],[37,14],[46,-55],[-13,-64],[-31,-8],[-22,58],[-19,19]],[[72360,112009],[13,36],[41,-10],[41,-34],[-2,-37],[-37,-24],[-46,26],[-10,43]],[[67306,112786],[42,24],[24,-28],[-29,-37],[-28,4],[-9,37]],[[67672,112526],[4,24],[58,-16],[4,-41],[-41,-8],[-25,41]],[[66557,112596],[8,41],[33,8],[33,-32],[-33,-29],[-41,12]],[[65742,112561],[16,16],[42,-12],[16,-57],[-41,0],[-33,53]],[[65914,112156],[45,12],[37,-49],[-16,-16],[-54,20],[-12,33]],[[65736,111418],[0,37],[33,12],[29,-12],[0,-49],[-29,-16],[-33,28]],[[67491,112721],[25,28],[45,-12],[21,-17],[-12,-32],[-50,0],[-29,33]],[[67126,113078],[12,40],[21,12],[29,-28],[-17,-57],[-33,0],[-12,33]],[[67557,112538],[21,28],[33,-4],[24,-20],[0,-32],[-33,-21],[-33,13],[-12,36]],[[65923,112897],[1,37],[33,32],[41,-12],[0,-33],[-37,-36],[-38,12]],[[65617,111435],[4,40],[45,17],[33,-41],[-12,-32],[-29,-9],[-41,25]],[[65594,112748],[29,36],[25,12],[33,-40],[-5,-16],[-41,-33],[-37,20],[-4,21]],[[65833,112674],[12,29],[29,12],[49,-24],[0,-29],[-78,-20],[-12,32]],[[66648,112872],[21,32],[33,8],[28,-28],[-12,-49],[-45,-4],[-25,41]],[[65762,112391],[25,28],[29,8],[29,-12],[0,-53],[-37,-16],[-33,13],[-13,32]],[[65324,111184],[33,28],[50,4],[12,-48],[-37,-29],[-41,9],[-17,36]],[[67487,112413],[8,32],[41,24],[33,-24],[8,-24],[-24,-45],[-66,37]],[[67446,112636],[33,44],[33,-65],[-4,-48],[-29,-9],[-25,29],[-8,49]],[[65794,111264],[33,29],[49,-41],[0,-36],[-37,-21],[-41,33],[-4,36]],[[65499,112647],[0,36],[29,32],[21,0],[45,-52],[-45,-41],[-50,25]],[[65427,111224],[9,21],[33,8],[41,-8],[16,-37],[-4,-28],[-33,-12],[-49,12],[-13,44]],[[65641,111248],[13,25],[29,16],[24,-81],[8,-53],[-37,-12],[-33,57],[-4,48]],[[64056,112124],[6,170],[34,-22],[9,-59],[-5,-76],[-44,-13]],[[66170,112848],[0,37],[95,-21],[21,-28],[-13,-37],[-49,-3],[-33,16],[-21,36]],[[66973,112944],[45,-28],[54,-21],[25,-20],[-9,-32],[-53,-12],[-58,73],[-4,40]],[[66458,112329],[25,65],[28,-4],[37,-41],[0,-40],[-29,-20],[-41,-4],[-20,44]],[[66735,112949],[37,8],[8,-57],[-41,4],[-4,45]],[[65213,111338],[1,61],[65,40],[25,-52],[-8,-41],[-50,-36],[-33,28]],[[67622,112356],[25,60],[25,13],[49,-17],[21,-40],[-21,-33],[-49,-12],[-50,29]],[[64510,112345],[9,38],[24,22],[50,-11],[37,-27],[-44,-56],[-39,-12],[-27,13],[-10,33]],[[67589,111983],[8,40],[70,61],[25,53],[17,4],[24,-33],[-4,-24],[-74,-40],[0,-94],[-33,4],[-33,29]],[[66494,112098],[29,93],[33,16],[33,-32],[12,-37],[-24,-48],[-42,-32],[-41,40]],[[66729,112308],[17,29],[45,-16],[45,-41],[9,-24],[-5,-53],[-53,4],[-54,49],[-4,52]],[[67252,111996],[12,28],[74,12],[16,-32],[-8,-53],[-16,-37],[-37,-20],[-33,25],[-8,77]],[[67609,111582],[0,85],[41,57],[37,36],[29,-57],[-33,-101],[-37,-37],[-37,17]],[[67175,112863],[20,40],[50,49],[86,-4],[37,-65],[-20,-37],[-173,17]],[[67403,111724],[54,32],[41,8],[53,-73],[0,-48],[-25,-33],[-49,0],[-41,49],[-33,65]],[[64598,112075],[22,50],[60,0],[48,-25],[70,-77],[-7,-38],[-37,-12],[-38,20],[-32,29],[-86,53]],[[67441,112105],[21,60],[45,17],[37,-9],[37,-44],[8,-69],[-25,-32],[-41,-17],[-57,21],[-25,73]],[[65675,112083],[5,37],[24,36],[62,4],[62,-4],[78,-53],[-33,-36],[-58,0],[-86,-24],[-33,8],[-21,32]],[[66123,111272],[29,41],[53,28],[41,-12],[161,-5],[20,-16],[-8,-28],[-161,-37],[-86,-8],[-45,5],[-4,32]],[[64402,111935],[18,28],[30,6],[100,-101],[52,8],[38,-27],[25,-33],[-11,-32],[-41,-29],[-50,21],[-68,51],[-75,81],[-18,27]],[[66103,112147],[38,57],[74,16],[66,4],[70,16],[41,-4],[41,-45],[-33,-36],[-91,4],[-66,-20],[-78,-16],[-62,24]],[[65878,112472],[20,28],[91,8],[99,-4],[61,-8],[13,-25],[-9,-32],[-189,-48],[-62,32],[-24,49]],[[66805,113171],[74,-48],[66,-9],[24,-12],[83,-12],[12,-57],[-45,-48],[-83,16],[-82,53],[-45,53],[-4,64]],[[65785,111046],[156,76],[87,29],[45,36],[29,-4],[4,-24],[-29,-65],[-148,-73],[-82,-12],[-58,4],[-4,33]],[[65308,111062],[37,21],[70,-29],[74,-4],[78,8],[33,-8],[65,-65],[-152,-16],[-127,12],[-66,41],[-12,40]],[[66306,112609],[8,24],[78,-20],[91,-69],[74,-77],[-17,-29],[-70,-12],[-74,33],[-74,73],[-16,77]],[[65123,112561],[0,18],[102,9],[55,-9],[73,0],[92,-55],[28,-77],[-28,-22],[-74,27],[-73,9],[-74,27],[-36,28],[-37,0],[-28,45]],[[67720,111407],[4,154],[25,219],[-16,138],[37,20],[29,-36],[20,-49],[12,-97],[-20,-106],[-9,-93],[-16,-77],[-29,-40],[-37,-33]],[[67162,112498],[70,37],[66,-37],[152,-114],[61,-65],[54,-73],[37,-69],[-222,147],[-66,56],[-87,1],[-49,44],[-16,73]],[[67315,113077],[8,25],[66,8],[198,-98],[28,-101],[123,-199],[-12,-28],[-37,-33],[-33,17],[-29,60],[-98,150],[-37,78],[-37,40],[-74,37],[-66,44]],[[67828,112461],[42,28],[156,-268],[20,-198],[-5,-138],[-16,-126],[-83,-239],[-66,-117],[-33,24],[4,61],[79,154],[29,211],[-16,174],[-45,247],[-57,126],[-9,61]],[[66619,111183],[7,32],[232,-14],[128,-18],[74,0],[55,18],[92,45],[18,27],[56,45],[64,81],[18,46],[51,9],[50,-10],[28,-27],[-9,-54],[-46,-27],[0,-36],[-28,-64],[15,-49],[103,-10],[37,64],[58,22],[2,148],[19,20],[46,-32],[69,-59],[27,-63],[0,-41],[-103,-43],[-95,-72],[-57,-5],[-102,30],[-82,0],[-231,-27],[-92,-18],[-92,-9],[-239,46],[0,18],[-73,27]],[[66438,112909],[66,28],[33,-25],[16,-32],[-4,-32],[-53,-12],[-50,40],[-8,33]],[[24533,118445],[18,31],[49,-1],[89,-48],[50,-11],[-1,-62],[-57,-45],[-27,-1],[-15,74],[-58,-5],[-28,-15],[-20,27],[0,56]],[[24708,117236],[17,24],[1,48],[17,48],[39,19],[43,-44],[-3,-44],[-53,-39],[0,-32],[31,-4],[21,-41],[-50,-17],[-24,20],[-4,46],[-35,16]],[[25127,117475],[18,16],[4,51],[54,-2],[6,-30],[38,-36],[-23,-43],[-70,-2],[-27,46]],[[116158,100391],[51,-46],[63,-35],[10,-44],[-39,-9],[-53,17],[-9,27],[-31,14],[-11,-24],[-33,8],[-28,-23],[5,-21],[-17,-33],[83,-24],[47,-42],[-37,-6],[-108,21],[-27,-31],[-51,10],[43,30],[24,44],[3,40],[-23,50],[17,90],[45,21],[61,-8],[15,-26]],[[116483,100412],[15,-9],[-2,-81],[-33,5],[-35,-52],[13,91],[3,62],[39,-16]],[[116394,100466],[32,-11],[-20,-32],[-26,32],[-42,2],[10,35],[46,-26]],[[116732,100449],[119,25],[20,-45],[3,-39],[-51,7],[6,-44],[23,-42],[-30,-43],[-88,29],[5,-40],[34,-31],[-75,5],[-11,29],[-34,-7],[-20,17],[13,35],[16,93],[35,42],[35,9]],[[51202,101835],[25,20],[31,-13],[20,21],[35,-33],[-50,-6],[-75,-45],[-46,-40],[-1,-21],[-51,-1],[-26,-19],[-47,1],[69,43],[17,31],[27,17],[30,-10],[7,32],[35,23]],[[51356,100759],[-30,-9],[-32,16],[-13,32],[6,86],[43,3],[29,-13],[19,-47],[-22,-68]],[[51443,100932],[-46,-3],[-32,13],[-3,41],[22,80],[39,-9],[36,-48],[3,-67],[-19,-7]],[[51811,101326],[-36,-19],[-39,16],[0,45],[33,35],[42,16],[37,-39],[-37,-54]],[[50709,101592],[30,-1],[-6,-30],[-32,-6],[-35,-38],[-10,-36],[23,-9],[35,-39],[-10,-31],[-94,22],[-20,41],[-17,-6],[-30,25],[10,29],[-1,42],[35,32],[11,33],[53,-45],[25,16],[29,40],[24,-21],[-20,-18]],[[51748,102238],[-23,-23],[-25,10],[-30,45],[-6,67],[-16,25],[-4,42],[20,29],[58,-39],[39,-51],[0,-60],[-13,-45]],[[96376,105573],[0,31],[26,10],[50,-2],[-3,-79],[-36,-10],[-31,11],[-6,39]],[[96152,105461],[30,78],[36,16],[135,-173],[10,-35],[-33,-2],[-110,30],[-39,42],[-29,44]],[[95969,105589],[43,24],[40,-13],[41,-38],[-32,-39],[-29,-8],[-61,42],[-2,32]],[[96224,105639],[7,29],[28,27],[52,-15],[34,-40],[-8,-36],[-64,7],[-49,28]],[[96050,106282],[9,44],[54,51],[20,-41],[-5,-44],[-33,-16],[-45,6]],[[95882,105697],[6,23],[38,-8],[33,-42],[-25,-25],[-28,-6],[-23,21],[-1,37]],[[102860,107191],[-59,3],[-44,76],[19,20],[37,5],[44,-53],[3,-51]],[[102604,107127],[-49,-87],[-26,12],[-46,80],[-63,44],[-81,23],[-28,58],[-54,23],[-16,27],[21,37],[112,5],[107,36],[28,-9],[-24,-117],[5,-39],[44,-60],[42,-10],[28,-23]],[[59079,113101],[17,79],[46,27],[129,28],[55,54],[64,54],[21,9],[25,36],[28,9],[9,64],[37,9],[18,-64],[-18,-117],[-46,-55],[-55,-90],[-28,-18],[-55,-18],[-74,0],[-73,-18],[-83,0],[-17,11]],[[59235,113677],[6,30],[22,22],[57,-48],[44,-12],[2,-46],[-30,-26],[-27,2],[-74,78]],[[59118,113817],[6,41],[28,25],[31,11],[63,-5],[39,-11],[41,-40],[12,-29],[-7,-72],[-71,30],[-109,25],[-33,25]],[[58707,113330],[19,53],[35,5],[47,-15],[32,-38],[-53,-26],[-37,-28],[-43,49]],[[56569,114392],[9,45],[46,9],[110,-18],[188,6],[62,-81],[81,-96],[120,-100],[55,-72],[37,-73],[36,-144],[19,-145],[56,-141],[-75,-149],[-46,-54],[-55,-45],[-55,0],[-55,27],[-96,36],[-51,0],[-55,-18],[-83,36],[-64,73],[-110,90],[0,63],[18,100],[64,27],[28,-45],[0,-73],[92,-135],[55,-27],[55,9],[55,-18],[55,-9],[55,9],[37,18],[55,63],[19,72],[0,73],[-19,72],[-36,45],[-157,91],[83,27],[46,9],[27,18],[0,45],[-55,91],[-76,59],[-89,86],[-55,45],[-56,36],[-36,9],[-74,0],[-27,-9],[-10,-27],[-82,0],[-37,54],[-9,36]],[[80598,103299],[43,2],[29,-11],[19,-29],[53,-45],[69,-51],[27,-7],[34,-30],[61,-20],[59,-35],[75,-23],[59,-35],[42,-15],[105,-5],[37,-18],[58,12],[45,43],[-25,43],[5,40],[41,-9],[33,-33],[-36,-11],[-10,-124],[9,-34],[47,-66],[64,-53],[32,-9],[14,-37],[31,-16],[24,-31],[-37,-20],[28,-76],[-6,-21],[-40,9],[-10,-18],[13,-36],[33,0],[8,39],[50,3],[-58,-76],[-126,9],[-41,-8],[-41,13],[-77,-30],[-30,-2],[-59,-33],[-21,16],[116,53],[-24,11],[-77,-22],[-33,10],[-99,-78],[-168,-30],[-49,8],[-59,-2],[-44,-34],[-104,-8],[-132,15],[-10,28],[-58,40],[-64,-9],[-60,25],[-87,12],[-40,39],[-58,7],[-66,37],[-68,-5],[-18,56],[-39,10],[-5,19],[-71,6],[-44,-13],[-34,35],[-49,1],[-20,-25],[-46,2],[-60,41],[-72,38],[-27,-18],[-74,10],[-54,-22],[5,44],[28,80],[42,14],[52,31],[1,36],[67,56],[62,37],[46,75],[73,38],[13,17],[53,25],[40,6],[42,50],[37,32],[43,3],[43,-10],[26,16],[33,-20],[38,10],[49,55],[25,-15],[39,1],[88,-14],[38,3],[65,-17],[49,3],[70,45]],[[81169,102438],[-58,-32],[-103,-10],[-11,-11],[-71,-5],[-6,21],[71,-7],[8,12],[113,14],[14,17],[43,1]],[[79815,103456],[60,-2],[28,-26],[-20,-44],[-19,50],[-49,22]],[[79503,103218],[10,-20],[-24,-30],[-63,30],[-8,27],[30,25],[33,-8],[22,-24]],[[79363,103175],[-18,-55],[-48,-9],[22,49],[30,35],[14,-20]],[[89572,110915],[3,63],[54,21],[83,-6],[52,-52],[-8,-39],[-54,-3],[-54,-12],[-32,-22],[-32,6],[-12,44]],[[89507,110734],[23,47],[25,19],[63,-1],[-6,-40],[-45,-66],[-35,-3],[-25,44]],[[89529,110600],[25,25],[46,-19],[-27,-41],[-29,-3],[-15,38]],[[89324,111407],[10,25],[36,28],[50,-31],[-13,-38],[-32,-21],[-41,-6],[-10,43]],[[89284,111645],[7,25],[39,19],[47,-7],[6,-37],[-29,-35],[-47,4],[-23,31]],[[89160,111744],[56,58],[22,-3],[9,-38],[-16,-31],[-44,-3],[-27,17]],[[117269,91913],[15,15],[29,-18],[-7,-25],[-31,-15],[-60,1],[12,31],[42,11]],[[126349,85480],[33,-14],[-18,-36],[-20,20],[5,30]],[[124398,79651],[-32,-14],[-16,35],[62,3],[33,-8],[12,-49],[-32,-3],[-27,36]],[[145637,7763],[-5,-22],[11,-55],[53,-5],[42,-40],[-12,-37],[8,-35],[22,-30],[29,3],[26,-43],[70,-67],[23,-55],[32,-11],[37,-53],[31,-9],[5,-42],[-40,-12],[8,-28],[-15,-34],[5,-35],[-24,-35],[-11,-95],[-15,-26],[-22,-73],[-59,-69],[-28,-64],[-41,-41],[-16,-41],[-26,-35],[-9,-35],[-82,-96],[-38,-35],[-58,-79],[-27,-87],[22,-116],[-22,-72],[5,-56],[-15,-44],[-1,-64],[-21,-122],[-21,-62],[-119,-399],[-70,14],[-123,67],[-326,286],[-46,48],[-41,69],[-37,149],[-22,217],[-16,103],[-37,64],[-176,171],[-84,20],[-146,14],[-84,24],[-43,37],[-24,85],[-52,66],[-56,52],[-113,30],[-108,42],[-77,46],[-200,46],[-160,-10],[-241,41],[-170,-26],[-130,-66],[-105,6],[-121,-13],[-98,43],[-115,59],[-207,39],[-144,40],[-132,92],[-92,52],[-152,24],[-179,55],[-192,65],[-153,71],[-93,79],[-155,221],[-89,268],[-38,83],[-123,216],[-44,173],[-31,62],[-39,26],[-68,19],[-95,41],[-193,72],[-210,126],[-229,133],[-132,59],[-136,100],[-103,127],[-72,139],[-120,147],[-74,104],[-103,124],[-95,106],[-113,160],[-77,130],[-93,190],[-113,218],[-112,116],[-53,35],[-102,20],[-158,57],[-63,8],[-279,-52],[-119,-16],[-264,-26],[-49,21],[-34,44],[-46,81],[-185,253],[-22,68],[-6,75],[143,339],[98,173],[-8,69],[-132,74],[-193,6],[-184,108],[-135,9],[-188,-82],[-174,28],[-106,78],[-36,81],[66,126],[-14,85],[-38,83],[-15,71],[9,67],[20,44],[26,18],[12,55],[88,92],[-4,54],[7,37],[36,32],[5,35],[19,29],[35,21],[3,24],[-23,17],[41,90],[-29,56],[0,41],[25,29],[-6,45],[33,30],[-6,53],[25,35],[-16,23],[-3,58],[39,32],[-5,42],[-35,16],[34,64],[65,13],[28,27],[16,62],[-80,26],[16,21],[-48,29],[15,42],[-23,18],[7,36],[-50,45],[15,49],[-17,35],[-30,33],[-1,57],[-25,59],[30,66],[25,-3],[16,97],[44,18],[51,62],[33,10],[11,27],[-5,50],[-16,44],[28,49],[-30,73],[-41,9],[34,68],[-25,26],[0,35],[-58,66],[-62,42],[18,44],[0,47],[-38,60],[13,32],[5,55],[26,24],[-29,59],[18,21],[30,5],[-12,61],[32,39],[8,32],[29,19],[2,29],[30,59],[1,33],[-31,32],[10,53],[-26,79],[14,72],[40,24],[51,11],[9,15],[-30,66],[11,56],[-36,39],[-5,66],[-32,11],[-7,30],[12,26],[49,68],[3,28],[-34,44],[-66,48],[-37,0],[-23,29],[-10,37],[-36,3],[-38,-13],[-22,-37],[-25,20],[-82,-2],[-101,54],[-54,-42],[-42,-52],[-64,-20],[-8,37],[-57,28],[-40,29],[-20,46],[-45,1],[-8,74],[-43,39],[-74,37],[-12,35],[-41,20],[-23,-4],[-42,44],[3,45],[-22,25],[-28,-6],[-34,-62],[-41,-21],[-37,1],[8,71],[-24,24],[-70,3],[-25,31],[0,54],[-141,107],[1,66],[-22,34],[-28,16],[-77,-86],[-87,42],[-32,46],[-44,5],[-4,67],[-31,25],[-33,42],[-16,72],[-31,65],[21,75],[69,31],[19,27],[29,85],[-33,99],[10,29],[65,10],[-6,33],[-71,85],[-17,9],[10,50],[21,16],[-5,27],[39,71],[-7,69],[7,55],[-58,44],[-2,25],[35,37],[0,46],[-51,29],[-8,35],[-27,29],[-64,39],[-10,85],[-26,25],[-47,26],[19,43],[-12,48],[-19,31],[34,40],[-6,26],[-26,19],[-33,68],[-28,37],[-61,48],[0,53],[-49,28],[3,31],[30,31],[52,80],[3,41],[-45,16],[-40,81],[-52,43],[-52,21],[-37,1],[-48,37],[-57,24],[-75,-10],[-18,16],[-6,53],[36,73],[29,29],[52,-15],[30,6],[-6,37],[-30,14],[-31,37],[-4,41],[15,37],[-12,21],[-32,15],[-59,83],[-27,17],[-10,37],[39,62],[22,95],[-33,53],[17,28],[-65,89],[-34,6],[-35,24],[-49,68],[-4,37],[18,24],[10,43],[-26,102],[19,146],[-28,53],[4,48],[-8,29],[7,37],[29,29],[12,33],[-2,110],[-29,66],[-13,75],[9,108],[-18,50],[1,28],[31,91],[37,78],[-15,35],[-6,76],[-26,174],[7,52],[-5,49],[35,43],[29,77],[-2,36],[-19,44],[6,26],[33,30],[3,48],[-14,33],[-50,46],[-3,29],[36,28],[76,95],[-1,62],[-14,33],[-30,-1],[-36,44],[38,104],[-16,96],[28,49],[60,50],[58,68],[73,39],[27,51],[-14,41],[-29,11],[-16,29],[18,24],[16,50],[26,49],[20,83],[17,18],[31,81],[53,48],[1,43],[-31,35],[-51,33],[-19,27],[-37,24],[0,43],[20,100],[24,26],[41,83],[15,102],[0,58],[-11,60],[-35,92],[-12,52],[12,62],[51,6],[68,19],[46,28],[11,53],[-20,44],[38,66],[50,45],[41,-18],[27,15],[16,68],[0,35],[33,30],[28,-66],[-8,-30],[33,-21],[57,24],[4,50],[-8,70],[-46,40],[-46,-21],[-17,59],[26,51],[18,8],[55,-5],[25,52],[-8,27],[-27,17],[-43,-6],[-40,-22],[-22,43],[53,7],[37,-5],[89,5],[31,35],[-5,62],[-24,38],[-32,76],[-15,19],[-48,176],[0,37],[27,74],[13,87],[31,48],[60,18],[53,-15],[71,12],[51,42],[56,19],[29,56],[-56,57],[-84,57],[13,42],[74,15],[0,42],[-21,34],[-8,61],[38,47],[44,74],[13,63],[46,24],[68,-19],[19,5],[11,45],[38,92],[23,33],[-16,66],[22,33],[80,22],[20,25],[-12,86],[16,22],[50,15],[26,44],[49,32],[8,46],[-39,87],[-33,89],[25,30],[58,15],[49,-8],[104,-42],[38,15],[24,43],[9,45],[0,87],[-62,72],[-30,137],[-22,58],[-35,59],[-27,121],[51,32],[45,46],[9,40],[-20,30],[-35,16],[-84,-31],[-36,-37],[-62,-12],[-49,15],[-22,30],[21,111],[2,46],[93,99],[35,78],[20,66],[26,33],[30,9],[58,-39],[25,11],[3,38],[-33,62],[-19,10],[-49,-11],[-31,-29],[-30,13],[5,36],[66,40],[55,1],[59,33],[54,16],[12,24],[-9,97],[-15,63],[-25,38],[-36,25],[-32,37],[-42,31],[-58,28],[-86,-13],[-17,8],[-53,64],[-18,76],[-26,47],[-12,41],[26,67],[-128,32],[-74,4],[-44,27],[-23,41],[72,64],[-8,32],[-29,24],[-6,24],[58,11],[27,24],[1,55],[49,59],[13,37],[-4,64],[19,17],[59,2],[72,16],[91,56],[67,19],[23,-38],[24,16],[-19,67],[23,17],[52,-38],[30,0],[68,23],[51,6],[57,-30],[27,9],[101,74],[58,16],[45,-7],[25,12],[-30,62],[44,-7],[38,23],[13,35],[-4,41],[9,35],[26,30],[68,53],[41,50],[39,23],[23,0],[143,25],[25,20],[14,87],[8,12],[76,38],[35,63],[30,34],[60,-8],[61,5],[60,103],[30,-30],[21,-1],[62,37],[40,16],[26,23],[12,56],[40,44],[-2,45],[-66,48],[-22,46],[23,34],[63,22],[-67,110],[-39,4],[9,97],[-28,22],[-26,-11],[-14,27],[52,25],[61,64],[-22,17],[49,70],[4,57],[22,13],[33,-5],[38,35],[51,-4],[52,14],[46,-24],[39,25],[22,66],[42,44],[26,8],[19,-34],[-52,-19],[-17,-38],[20,-47],[22,-7],[45,66],[48,-2],[24,10],[48,114],[24,18],[25,-9],[17,-48],[34,-34],[44,-20],[28,21],[1,59],[16,53],[-15,28],[-35,30],[15,25],[50,-8],[33,24],[19,56],[35,5],[1,-37],[15,-29],[38,14],[2,119],[5,31],[-58,13],[-34,26],[14,36],[-43,85],[-22,66],[27,76],[-7,47],[-17,27],[-28,85],[1,63],[22,20],[83,44],[73,56],[-6,47],[18,23],[53,-1],[27,43],[22,62],[47,5],[89,27],[64,29],[43,31],[11,21],[-27,50],[21,13],[74,-61],[49,-23],[15,10],[30,74],[-29,42],[1,29],[107,67],[-67,47],[-6,20],[34,28],[-63,88],[-6,44],[-40,24],[-55,10],[-43,-6],[-44,16],[-1,61],[-46,-3],[-54,14],[-39,-19],[-11,-36],[-44,-20],[-22,-24],[-5,-50],[-85,38],[-90,-2],[-24,72],[43,48],[36,25],[64,27],[2,21],[-38,70],[-22,9],[-22,63],[-32,15],[-17,-11],[7,-41],[-20,-47],[-37,18],[-67,71],[44,29],[8,28],[-16,48],[2,44],[-38,3],[-37,-59],[-42,-42],[-23,-4],[-30,59],[-33,27],[9,31],[59,-50],[31,3],[25,26],[-18,47],[9,89],[-84,25],[-53,26],[-45,34],[8,60],[19,58],[-20,26],[-49,12],[-50,-21],[-39,21],[-67,69],[-11,44],[-28,21],[-53,-2],[-54,22],[39,54],[65,128],[59,69],[22,69],[27,39],[19,56],[64,71],[-1,60],[13,31],[53,45],[-81,52],[-54,16],[-43,36],[-162,42],[-100,-11],[-45,-12],[-41,18],[-92,5],[-61,23],[-81,45],[-21,6],[-54,63],[-31,0],[-42,23],[-38,34],[-65,13],[-2,29],[-63,88],[-52,20],[10,32],[46,36],[-60,93],[-21,76],[-19,16],[-28,57],[1,22],[25,44],[-2,26],[19,31],[-21,54],[-36,38],[44,72],[32,30],[16,31],[73,93],[67,69],[45,17],[39,34],[-111,70],[-34,-37],[-60,-34],[-31,14],[-23,34],[52,56],[0,17],[-37,33],[12,19],[102,97],[26,73],[74,40],[31,-22],[41,23],[9,49],[-19,22],[-2,40],[35,44],[25,10],[12,28],[41,44],[27,42],[41,16],[16,21],[54,25],[37,61],[-19,38],[-4,57],[-38,16],[-3,63],[22,37],[97,33],[15,46],[-43,17],[-51,48],[-47,29],[-56,-9],[-17,-32],[-26,-9],[-127,93],[-40,17],[-33,52],[-76,20],[26,62],[-21,36],[7,21],[-41,21],[-27,-19],[-33,34],[-18,67],[-53,39],[-33,-19],[-64,0],[-49,-17],[-75,79],[-23,41],[-29,11],[-13,29],[-34,23],[-65,25],[-24,40],[-33,32],[-31,14],[-31,-33],[-54,0],[-33,33],[6,85],[17,35],[-16,35],[-77,18],[-25,-22],[-11,-108],[-21,-36],[-41,-45],[-135,23],[-53,31],[3,60],[-28,0],[-53,-27],[-41,1],[-60,-18],[-22,22],[-31,7],[-44,-35],[-34,-2],[-41,47],[-51,37],[17,55],[30,25],[46,11],[-6,20],[-59,49],[-3,39],[-22,46],[-44,16],[-27,-32],[3,-55],[-12,-28],[-44,3],[-67,24],[-49,-6],[-33,9],[-27,-46],[-16,-55],[-22,-34],[-7,-55],[-50,13],[-47,38],[-3,34],[45,89],[-85,30],[-77,2],[-36,13],[46,52],[10,36],[-33,20],[-51,9],[-13,17],[-6,47],[-28,2],[-25,-25],[-47,18],[-62,11],[-18,30],[-33,1],[-81,53],[-58,10],[-28,-10],[18,-38],[-12,-99],[-19,-15],[-6,-45],[36,-60],[-27,-14],[-68,64],[-70,-24],[-66,29],[-74,70],[-59,6],[-24,-12],[-25,-33],[-46,-17],[-51,44],[-23,4],[-87,-36],[-49,5],[-41,14],[-16,20],[-34,-8],[-54,4],[-44,13],[-65,1],[-50,-27],[-19,8],[-2,57],[42,70],[-7,31],[14,62],[31,23],[-26,48],[-40,18],[-78,-2],[-43,-67],[-45,-3],[28,65],[14,51],[-19,25],[-35,18],[-37,-3],[-36,-56],[-60,14],[-29,-7],[-15,-45],[15,-24],[41,-26],[13,-56],[-24,-43],[-34,-14],[-29,-29],[-31,8],[-43,-13],[-32,-21],[-39,1],[-6,39],[-15,16],[-55,8],[-85,64],[-36,-4],[-93,-29],[-50,11],[-54,58],[5,33],[24,38],[5,85],[9,59],[23,16],[13,62],[-26,53],[-34,10],[-19,34],[3,24],[28,32],[23,66],[-10,27],[40,32],[24,0],[10,-45],[30,-48],[63,-4],[35,-15],[9,30],[-26,20],[8,48],[-33,37],[27,25],[24,1],[74,-58],[46,19],[15,29],[-45,37],[-19,37],[-21,81],[20,51],[50,44],[74,-6],[29,-18],[34,23],[13,29],[36,1],[36,-41],[46,0],[39,30],[32,-11],[41,32],[16,28],[60,30],[62,15],[23,31],[-29,49],[-30,100],[6,22],[44,13],[12,59],[-18,65],[-51,10],[2,35],[37,53],[76,82],[41,53],[0,17],[30,40],[30,6],[10,32],[38,41],[43,26],[27,49],[98,40],[31,47],[42,25],[6,19],[-19,44],[-1,31],[-31,1],[-33,34],[-19,54],[-6,72],[8,20],[61,33],[33,51],[16,70],[-8,75],[5,52],[-18,45],[8,44],[20,44],[20,95],[-50,19],[-24,20],[-47,7],[-22,26],[22,74],[-8,31],[30,54],[63,25],[26,21],[-2,21],[-51,41],[0,30],[32,76],[8,50],[65,38],[40,68],[2,50],[22,42],[22,122],[-14,26],[1,49],[44,58],[9,70],[-23,20],[22,37],[-9,18],[23,93],[30,40],[-18,29],[8,77],[36,34],[-1,61],[8,44],[40,30],[15,38],[-21,15],[-13,33],[10,65],[48,17],[-4,46],[-13,26],[-8,51],[-20,26],[63,89],[9,48],[-38,48],[3,28],[33,35],[-14,46],[5,38],[-17,17],[14,34],[26,25],[5,53],[-6,65],[51,-22],[28,30],[9,76],[16,22],[-1,31],[-28,30],[9,44],[2,71],[26,24],[-33,51],[52,48],[22,44],[-12,108],[-38,47],[-48,13],[-27,25],[-45,19],[-35,2],[-18,24],[-57,-30],[-56,2],[-31,25],[-56,18],[-13,20],[-31,-12],[-11,35],[-48,11],[-47,66],[-55,45],[-36,63],[-50,-42],[-38,60],[-34,-6],[1,27],[-29,35],[3,45],[-66,23],[-58,65],[-46,-7],[-152,2],[-47,27],[-59,117],[-44,129],[-7,54],[13,69],[-31,121],[-9,75],[-11,36],[-45,56],[-42,71],[-27,117],[2,42],[-13,49],[-49,54],[-63,27],[-33,67],[-136,74],[-20,22],[-119,98],[-121,43],[-60,37],[-38,5],[-45,-18],[-71,-73],[-45,-29],[-78,-63],[-82,-52],[-50,-17],[-116,-20],[-74,-20],[-113,-21],[-36,-26],[-96,-108],[-43,-26],[-55,-9],[-238,-1],[-44,-20],[-58,-55],[-60,-30],[-48,-13],[-160,-2],[-34,-16],[-98,-73],[-52,-29],[-57,-19],[-70,-17],[-54,-23],[-109,-62],[-56,-18],[-185,-23],[-257,-49],[-127,-28],[-134,-19],[-56,0],[-60,27],[-41,36],[-40,5],[-62,-11],[-99,57],[-54,12],[-82,4],[-32,7],[-229,-18],[-52,0],[-118,11],[-54,43],[-38,76],[-18,22],[-51,22],[-118,32],[-130,28],[-128,18],[-254,27],[-121,18],[-91,2],[-83,16],[-107,7],[-74,-3],[-62,-15],[-83,-27],[-108,-2],[-71,-5],[-45,-11],[-102,-40],[-87,-49],[-55,10],[-18,26],[-6352,7113],[12,100],[35,52],[85,48],[87,25],[166,1],[193,113],[39,25],[-32,32],[-9,89],[22,43],[59,59],[5,39],[24,16],[32,-2],[33,52],[9,61],[15,48],[22,3],[25,33],[-15,18],[3,41],[19,11],[32,-15],[51,25],[-23,29],[2,32],[55,28],[5,33],[61,20],[-15,30],[87,60],[0,25],[23,22],[33,8],[22,86],[22,8],[16,32],[-4,93],[37,12],[5,30],[44,3],[60,31],[50,-35],[36,0],[50,-12],[34,18],[38,56],[31,29],[-14,29],[46,19],[34,45],[62,-30],[6,-36],[33,-56],[41,-8],[60,-30],[22,46],[-16,14],[41,44],[-1,40],[20,7],[-12,38],[32,-2],[59,13],[37,17],[-1,48],[52,81],[18,3],[1,53],[19,21],[-10,48],[-42,21],[-15,74],[12,13],[9,54],[35,31],[5,23],[30,35],[3,22],[45,-10],[29,-50],[31,39],[51,-3],[14,-27],[56,9],[8,-19],[113,-10],[39,-10],[26,-26],[23,7],[31,33],[-14,47],[10,34],[61,-9],[11,49],[-45,10],[-26,56],[17,39],[-26,29],[1,40],[-46,8],[-29,40],[11,64],[29,7],[8,62],[47,28],[-16,41],[-5,68],[27,84],[-2,43],[33,-1],[27,33],[3,106],[-71,88],[83,118],[-114,43],[110,84],[-188,36],[108,156],[-235,106],[-182,366],[1,87],[21,126],[30,44],[2,166],[-14,84],[40,68],[40,48],[49,44],[30,58],[6,98],[50,58],[54,24],[16,83],[-13,117],[1,59],[-33,123],[1,78],[-14,49],[-103,-13],[-44,30],[-78,40],[-38,74],[27,156],[-72,177],[-43,64],[-9,64],[-28,69],[-54,-29],[-78,40],[-69,6],[-58,54],[10,10],[-116,94],[-132,-13],[10,49],[-4,49],[-39,1],[10,58],[-14,44],[40,29],[93,33],[-102,36],[5,39],[3,230],[6,127],[31,107],[89,53],[49,-1],[39,15],[39,-1],[30,49],[1,58],[-53,35],[-10,35],[6,88],[21,63],[104,160],[45,54],[55,53],[78,28],[45,53],[1,108],[36,88],[54,43],[93,13],[137,-1],[83,-21],[97,-60],[29,-34],[87,-65],[44,-1],[35,24],[1,74],[31,107],[25,49],[19,9],[54,-6],[53,-49],[73,-40],[54,-1],[117,-16],[118,-2],[44,10],[69,38],[89,77],[98,-6],[92,-89],[83,-41],[78,-10],[93,-6],[127,13],[89,42],[30,49],[1,93],[40,53],[84,48],[102,-6],[118,47],[40,49],[2,107],[-10,44],[-112,12],[-73,59],[-48,79],[-4,74],[6,78],[46,102],[69,58],[59,-1],[92,-21],[68,-54],[73,-70],[111,-70],[107,-60],[117,-50],[59,-6],[78,9],[64,19],[25,33],[50,44],[102,-2],[64,-10],[102,-70],[122,-41],[116,-50],[146,-95],[122,-56],[73,-1],[97,-50],[88,-6],[59,24],[85,92],[65,106],[59,63],[26,78],[76,170],[54,63],[65,97],[74,38],[74,48],[123,28],[118,38],[221,41],[74,67],[89,33],[98,18],[93,-1],[54,-15],[78,-1],[88,18],[84,33],[45,68],[21,98],[54,43],[216,-3],[98,18],[54,34],[70,57],[30,78],[40,88],[60,53],[29,-1],[54,19],[60,58],[40,83],[69,23],[65,63],[68,18],[118,23],[89,28],[20,29],[54,29],[83,-1],[97,-94],[39,-30],[53,-21],[49,-5],[26,63],[6,93],[21,107],[20,73],[26,54],[1,73],[20,73],[-23,103],[65,48],[69,68],[35,24],[30,58],[53,128],[63,66],[72,50],[106,53],[90,14],[44,39],[6,133],[45,144],[29,105],[13,90],[5,98],[-58,52],[9,62],[88,108],[40,39],[-8,47],[36,0],[20,27],[-27,28],[-7,54],[12,32],[-23,59],[-46,39],[-63,36],[-58,17],[-98,37],[-66,16],[-145,22],[-66,44],[-23,31],[-108,84],[-31,12],[-146,-2],[-46,5],[-36,-42],[-21,-47],[-27,-15],[-28,4],[-61,87],[-55,20],[-113,6],[-51,-11],[-44,-35],[-117,17],[-94,9],[-66,48],[-47,5],[-67,-19],[-32,-42],[-12,-47],[-36,-35],[-86,1],[-74,14],[-45,-66],[-7,-67],[-51,-55],[-178,3],[-39,-16],[-23,-50],[-2,-106],[-6,-44],[-34,-78],[-67,1],[-96,-49],[1,28],[-49,96],[-49,84],[-77,107],[-87,112],[-104,169],[-77,73],[-22,45],[-44,51],[-100,23],[-43,56],[-55,101],[-49,79],[-4,89],[2,150],[6,73],[57,60],[84,21],[85,88],[51,111],[18,94],[68,44],[23,88],[-10,84],[-15,84],[-103,235],[-71,118],[-31,145],[-44,67],[-88,91],[-32,78],[-110,118],[24,106],[7,106],[-61,95],[-32,62],[-44,50],[-134,8],[-50,34],[1,44],[-72,12],[-50,1],[-73,23],[-22,28],[-81,157],[-33,12],[-89,62],[-15,90],[-27,117],[-4,61],[-16,56],[39,27],[18,61],[1,73],[56,49],[56,33],[2,111],[17,28],[28,5],[27,-28],[95,-13],[67,10],[39,-33],[83,-13],[56,38],[74,83],[-4,89],[18,83],[34,55],[56,33],[23,33],[31,89],[62,65],[45,123],[78,69],[32,50],[51,34],[106,95],[39,58],[16,50],[91,138],[44,53],[36,65],[24,77],[33,170],[-18,51],[-47,27],[-77,21],[-57,31],[-66,21],[-42,47],[-38,58],[-7,66],[2,120],[-45,40],[-43,112],[-13,111],[156,50],[297,-56],[156,32],[32,95],[1,108],[68,95],[138,34],[164,58],[78,-1],[84,-13],[96,35],[127,58],[79,5],[72,-7],[84,-19],[113,-68],[120,-8],[84,-25],[90,11],[31,53],[97,23],[71,-37],[84,5],[73,63],[247,138],[149,20],[53,73],[16,52],[75,66],[90,21],[67,6],[60,88],[106,80],[113,95],[82,58],[91,80],[46,133],[38,66],[34,87],[77,59],[86,79],[67,2],[75,-9],[43,19],[19,41],[31,27],[127,5],[211,130],[101,36],[154,107],[77,61],[111,154],[106,89],[43,4],[48,18],[82,42],[95,13],[90,-25],[80,-54],[81,9],[62,13],[44,75],[58,37],[114,32],[27,50],[37,23],[33,38],[38,27],[1,42],[27,37],[15,80],[18,19],[48,12],[46,40],[11,77],[-18,90],[29,107],[21,29],[5,77],[25,49],[87,58],[25,29],[-8,61],[-109,116],[-21,38],[7,39],[81,69],[29,37],[32,144],[26,44],[127,46],[114,25],[60,36],[9,53],[-4,80],[-10,50],[1236,178],[263,383],[7,69],[-126,370],[-377,480],[54,-28],[34,0],[64,-19],[88,14],[106,-36],[49,-27],[120,-49],[129,-76],[79,-33],[67,-39],[114,-56],[16,-21],[109,-74],[10,-14],[-61,-95],[-5,-24],[-30,-46],[-42,-49],[-44,-32],[-25,-42],[-12,-72],[7,-44],[28,-3],[-2,114],[32,49],[47,26],[18,25],[77,135],[37,53],[-37,59],[-70,39],[-65,46],[-228,117],[-20,22],[-5,35],[10,31],[37,15],[47,-2],[53,-30],[52,-39],[51,-22],[52,-39],[68,-21],[179,-92],[105,-63],[37,-57],[25,-17],[18,-75],[40,-46],[84,-35],[211,-35],[44,-18],[98,-95],[31,-42],[75,-59],[101,-42],[134,-14],[56,-37],[72,-106],[-4,-42],[12,-52],[58,-61],[77,-16],[153,9],[87,0],[236,-40],[47,-2],[75,-23],[31,-29],[80,-102],[108,-94],[157,-158],[32,-25],[129,-75],[94,-78],[45,-58],[35,-33],[152,-104],[52,-53],[39,-68],[24,-68],[26,-33],[38,-26],[88,-42],[109,33],[48,25],[92,29],[66,4],[119,-63],[96,-84],[21,-35],[41,-127],[23,-49],[152,-194],[73,-52],[32,-3],[122,20],[122,-43],[127,-57],[37,-27],[65,-86],[56,-122],[57,-79],[61,-54],[85,-52],[136,-37],[44,-25],[27,-29],[8,-40],[-36,-125],[-8,-50],[2,-82],[11,-68],[34,-102],[61,-126],[2,-54],[-26,-70],[-16,-85],[-3,-204],[22,-103],[57,-168],[20,-70],[27,-67],[46,-77],[56,-125],[10,-81],[20,-56],[22,-112],[-22,-78],[-72,-69],[-77,-48],[-81,-23],[-48,-30],[-30,-31],[-40,-84],[-76,-139],[15,-63],[45,-31],[66,-71],[26,-55],[11,-98],[-18,-95],[-5,-107],[-20,-75],[-67,-123],[-7,-46],[12,-52],[19,-36],[54,-50],[36,-53],[24,-51],[22,-176],[-9,-91],[23,18],[1,81],[-6,96],[-25,100],[-25,49],[-33,44],[-58,54],[-11,23],[-5,63],[8,36],[27,38],[37,74],[22,100],[4,90],[10,67],[-1,90],[-16,55],[-28,52],[-104,104],[-5,27],[91,187],[30,48],[35,31],[53,26],[81,22],[108,92],[36,68],[7,68],[-21,89],[-24,151],[-19,51],[-93,158],[-82,250],[-29,132],[-2,126],[7,119],[30,97],[4,54],[-29,85],[-54,127],[-25,98],[-3,68],[17,86],[25,77],[1,52],[-29,52],[-76,47],[-108,33],[-67,30],[-71,62],[-66,80],[-51,110],[-30,53],[-45,44],[-63,47],[-53,21],[-119,62],[-69,12],[-109,-19],[-54,14],[-46,34],[-36,54],[-98,121],[-30,53],[-21,82],[-49,97],[-49,44],[-96,70],[-50,27],[-61,25],[-105,12],[-61,-7],[-190,-66],[-30,9],[-29,26],[-21,38],[-16,56],[-54,78],[-82,72],[-85,64],[-147,142],[-50,36],[-101,63],[-82,64],[-44,49],[-54,49],[-28,37],[-84,82],[-48,61],[-70,64],[-75,35],[-87,11],[-168,47],[-127,22],[-126,14],[-108,32],[-31,33],[-101,150],[-32,26],[-45,23],[-101,17],[-98,23],[-36,24],[-60,54],[-24,37],[-113,124],[-33,24],[-109,56],[-137,36],[-134,77],[-25,35],[-42,37],[-144,93],[-154,74],[-54,31],[-140,128],[-108,78],[-122,69],[-39,36],[-37,23],[-27,2],[-83,59],[-59,66],[49,56],[54,17],[111,25],[53,0],[103,10],[42,-8],[58,5],[135,-34],[42,-22],[63,-15],[66,-37],[177,-85],[90,-49],[115,-79],[67,-27],[56,-39],[60,-32],[129,-86],[133,-93],[269,-167],[98,-76],[145,-90],[193,-98],[61,-34],[174,-86],[135,-74],[175,-73],[149,-75],[117,-71],[147,-78],[63,-16],[181,-120],[78,-29],[53,-35],[106,-81],[283,-168],[88,-57],[132,-76],[122,-61],[191,-117],[54,-23],[66,-53],[79,-44],[115,-84],[174,-90],[68,-25],[32,-24],[113,-66],[78,-64],[52,-20],[46,-44],[127,-86],[62,-34],[120,-49],[71,-34],[230,-142],[86,-69],[73,-51],[186,-113],[76,-41],[71,-32],[159,-130],[152,-103],[83,-64],[81,-78],[79,-66],[129,-142],[44,-37],[62,-66],[159,-181],[64,-83],[213,-245],[66,-39],[70,-82],[36,-17],[157,-204],[76,-93],[69,-100],[181,-174],[64,-78],[86,-117],[12,-38],[76,-98],[55,-61],[61,-88],[68,-56],[56,-11],[69,-105],[45,-50],[117,-69],[90,-73],[5,-27],[72,-54],[40,-69],[43,-38],[19,-38],[38,-50],[69,-46],[81,-38],[40,-7],[79,-36],[35,-40],[53,-28],[40,-32],[77,-97],[33,-86],[36,-55],[16,-9],[3,-36],[26,-88],[69,-111],[68,-50],[39,-81],[-22,-22],[7,-26],[37,-15],[56,-61],[22,-91],[26,-7],[24,-59],[52,-55],[19,-48],[67,-61],[31,2],[50,-29],[52,-12],[36,19],[52,12],[131,-21],[38,2],[102,-59],[60,-55],[57,-26],[52,-5],[19,10],[19,-38],[55,-19],[95,-43],[98,-103],[26,-52],[45,-64],[0,-22],[81,-120],[24,-11],[0,-33],[35,-71],[65,-62],[23,-59],[50,-79],[50,-40],[74,-105],[50,-52],[-2,-17],[45,-36],[50,-62],[52,-35],[24,-26],[-9,-41],[83,-102],[54,-46],[23,2],[9,-43],[41,2],[-15,-34],[34,-4],[50,-56],[53,-93],[28,-30],[28,-52],[37,-38],[34,-71],[56,-80],[62,-54],[-4,-23],[20,-41],[62,-49],[34,-56],[17,-52],[50,-75],[32,-7],[60,-75],[50,-4],[43,-26],[51,-97],[78,-77],[45,-67],[22,-47],[49,-86],[26,-101],[15,-30],[0,-52],[11,-17],[6,-91],[13,-30],[-2,-167],[15,-95],[-19,-97],[4,-79],[-20,-43],[-2,-58],[-15,-7],[0,-62],[-32,-131],[0,-35],[-15,-73],[-10,-206],[-24,-74],[-2,-95],[50,-150],[40,-93],[41,-80],[-3,-32],[26,-100],[-8,-11],[-14,-241],[-12,-137],[-13,-101],[6,-69],[-16,-98],[-12,-196],[-22,-134],[0,-41],[-17,-75],[1,-32],[-30,-167],[-36,-66],[-19,-93],[-34,-73],[-64,-110],[-143,-93],[-133,-81],[-50,-40],[-67,-69],[-64,-88],[-43,-74],[-50,-100],[-40,-124],[-31,-71],[-19,-68],[-79,-177],[-16,-107],[-41,-112],[-31,-126],[-4,-62],[-22,-74],[-24,-33],[-28,-95],[-29,-138],[-59,-102],[-29,-41],[-2,-97],[16,-129],[27,-98],[4,-49],[-14,-77],[0,-123],[-9,-29],[-3,-102],[-13,-64],[3,-37],[-51,-116],[-7,-41],[8,-33],[-16,-62],[-23,-150],[-36,-61],[12,-32],[0,-52],[-43,-181],[-36,-117],[5,-63],[-15,-43],[15,-98],[20,-45],[28,-186],[31,-65],[-23,-60],[10,-22],[-39,-21],[-28,-46],[5,-48],[-13,-46],[12,-36],[16,-122],[35,-78],[61,-73],[32,-74],[-80,-111],[-14,-31],[-7,-59],[9,-30],[-22,-158],[9,-33],[-34,-27],[-13,-31],[-9,-87],[-34,-34],[-58,-77],[-23,-80],[-37,-57],[-11,-42],[-70,-75],[-31,-66],[-44,-31],[-16,-60],[-21,-38],[-23,-14],[-52,9],[-31,-10],[-53,-1],[-68,-30],[-34,-25],[-26,5],[-63,-18],[-81,27],[-66,-31],[-122,10],[-102,28],[-23,-3],[-54,-34],[-47,-16],[-127,-5],[-39,36],[-55,19],[-48,-19],[-16,8],[-22,-36],[25,-6],[9,-50],[32,-3],[45,-25],[43,7],[12,-19],[45,-7],[41,19],[27,-9],[73,19],[72,40],[53,0],[56,-11],[59,14],[88,-21],[41,21],[44,-9],[15,-37],[-42,-127],[-31,-80],[-27,-31],[-48,-86],[-54,-35],[-9,-36],[1,-82],[-17,-44],[-45,-18],[-34,-31],[-49,-14],[-26,-19],[11,-62],[36,-39],[34,26],[27,38],[6,53],[35,16],[84,59],[0,-103],[-39,-28],[-30,-55],[38,-8],[54,65],[21,48],[0,63],[-24,21],[3,81],[31,37],[17,59],[85,96],[66,107],[41,23],[44,52],[34,27],[49,70],[37,5],[50,25],[29,4],[85,36],[17,-1],[56,33],[39,10],[36,47],[-6,26],[45,62],[22,-8],[61,0],[46,-38],[-20,-69],[-11,-59],[38,-71],[0,-65],[12,-33],[15,-108],[41,-81],[4,-37],[-65,-43],[19,-86],[23,-7],[29,-43],[89,-92],[25,-80],[63,-88],[14,-62],[-3,-45],[12,-46],[26,-16],[2,-57],[32,-51],[21,-54],[-4,-69],[24,-70],[62,-94],[-18,-25],[-31,17],[-33,-5],[8,-30],[26,-14],[-39,-73],[8,-26],[-49,-59],[-16,-100],[19,-91],[-1,-33],[29,-63],[6,-36],[38,-68],[-19,-45],[8,-38],[-34,-51],[10,-111],[-9,-13],[25,-39],[12,-61],[-4,-22],[44,-10],[17,-32],[-44,-21],[-36,-70],[4,-74],[-46,-50],[-10,-31],[5,-49],[-14,-24],[-29,1],[-37,-26],[-12,-37],[34,-41],[1,-60],[38,-68],[-17,-20],[-45,-3],[-16,-22],[1,-40],[41,-78],[17,-45],[2,-64],[-50,5],[-57,-30],[-23,-81],[-34,-24],[23,-21],[-25,-18],[121,-139],[-33,-41],[-9,-63],[21,-25],[107,-46],[26,-24],[9,-171],[-14,-23],[-2,-84],[-24,-5],[-7,-35],[4,-97],[-13,-47],[-2,-44],[-18,-28],[14,-48],[-28,-65],[5,-123],[28,-82],[76,-150],[-10,-71],[22,-58],[-16,-36],[-68,-32],[-53,-43],[-6,-71],[43,48],[92,67],[-21,-51],[-33,-6],[-38,-25],[-35,-46],[-25,-52],[-25,-121],[-3,-93],[24,-125],[-8,-68],[-23,-51],[-40,-46],[-82,-63],[-38,-63],[-15,-86],[10,-97],[18,-36],[0,-50],[-37,-51],[4,-61],[16,-67],[29,-77],[17,-76],[11,-105],[-7,-35],[-32,-21],[-23,-70],[11,-69],[0,-46],[39,-80],[6,-42],[-2,-77],[-16,-65],[-53,-47],[-7,-31],[2,-59],[-7,-47],[3,-52],[-11,-19],[17,-67],[46,-46],[42,-19],[42,-45],[-5,-62],[-27,-64],[-24,-147],[2,-42],[18,-45],[-33,-121],[-59,-75],[-22,-76],[-36,-101],[-22,-96],[-39,-43],[-17,-76],[-25,-78],[1,-75],[32,-95],[1,-44],[-34,-70],[-11,-57],[-22,-74],[-24,-49],[-41,-120],[-59,-51],[-58,-42],[-37,-50],[-55,-120],[-75,-130],[-64,-92],[-130,-92],[-46,-25],[-100,-26],[-88,-45],[-39,-4],[-65,29],[-49,28],[-77,-3],[-54,-16],[-103,-55],[-54,3],[-60,-31],[-103,-62],[-58,-24],[-103,-26],[-129,-13],[-73,36],[-49,8],[-98,-31],[-108,2],[-73,-17],[-118,-16],[-44,28],[-45,-6],[-63,-34],[-56,-46],[-26,-43],[-62,-10],[-57,-31],[-30,-37],[-11,-45],[-25,-62],[3,-33],[-17,-29],[-56,-26],[-26,9],[-19,-20],[-59,-20],[-48,-54],[-18,0],[-74,31],[-69,12],[-86,31],[-116,-13],[-73,10],[-45,-3],[-51,-31],[-42,-49],[-24,-77],[-64,-41],[-63,22],[-28,52],[0,40],[-59,59],[-37,5],[-15,18],[-60,0],[-63,38],[-20,24],[-75,27],[-41,-2],[-49,-15],[-93,-38],[-49,11],[-109,-34],[-69,-42],[-49,-10],[-86,0],[-41,-10],[-81,35],[-12,-14],[74,-37],[45,9],[74,-4],[85,14],[97,57],[27,2],[49,20],[49,-12],[48,13],[72,31],[45,7],[63,-25],[12,-13],[124,-68],[22,1],[43,-22],[44,-50],[4,-45],[37,-36],[72,-29],[33,9],[22,20],[52,25],[30,70],[28,51],[23,22],[31,6],[51,-12],[42,0],[56,14],[56,-6],[79,-23],[66,-12],[76,-35],[63,15],[10,24],[51,24],[33,1],[24,23],[65,7],[-45,-56],[-32,-80],[-19,-88],[-37,-87],[-1,-74],[22,-63],[0,-22],[28,-42],[1,-65],[-21,-19],[4,-29],[31,-25],[47,13],[29,-4],[57,-115],[55,-45],[19,-30],[32,-1],[30,-37],[4,-34],[34,-43],[92,-39],[28,-41],[80,-34],[121,-67],[-35,-88],[12,-33],[-41,-20],[-19,-39],[19,-13],[-1,-35],[-40,-38],[-2,-18],[25,-47],[-28,-57],[13,-87],[-31,-58],[-23,-70],[0,-39],[48,-86],[26,-60],[-21,-26],[21,-68],[2,-79],[-9,-22],[-2,-78],[-17,-32],[-4,-47],[-15,-26],[16,-57],[8,-77],[-25,-47],[-28,-18],[-34,-51],[-64,-37],[4,-51],[-35,-50],[30,-30],[20,-78],[20,-30],[-24,-27],[-12,-38],[18,-66],[-46,-74],[-17,-11],[-28,-58],[10,-26],[1,-70],[-25,-18],[-8,-66],[-28,-25],[8,-38],[31,-72],[8,-65],[-9,-26],[-50,-71],[-30,-23],[-1,-25],[-29,-33],[-7,-33],[64,-18],[0,-44],[-58,-26],[-10,-39],[0,-61],[43,-95],[1,-36],[36,-82],[12,-93],[54,-77],[95,-71],[21,-43],[19,-66],[16,-90],[21,-87],[4,-72],[31,-147],[64,-79],[36,-53],[78,-57],[16,-47],[-49,-53],[-30,-61],[45,-74],[30,-14],[37,-34],[40,-54],[9,-130],[-17,-54],[-6,-64],[37,-73],[5,-51],[47,-33],[33,12],[95,-38],[23,-20],[2,-34],[-27,-62],[-8,-100],[46,-80],[55,-24],[66,-15],[79,12],[38,-6],[40,28],[24,38],[50,7],[23,-48],[24,-10],[61,-5],[59,23],[66,15],[98,-12],[89,-38],[69,-54],[42,-63],[12,-66],[-17,-95],[0,-54],[-15,-45],[36,-98],[4,-37],[-15,-56],[11,-45],[64,-44],[130,-31],[50,-52],[9,-49],[25,-40],[-4,-26],[30,-67],[-2,-48],[20,-32],[3,-33],[25,-44],[-6,-19],[18,-36],[24,-11],[48,0],[20,-58],[33,-28],[44,-65],[22,-4],[21,-55],[80,-57],[26,-38],[-10,-60],[21,-34],[33,6],[27,-23],[41,13],[12,-27],[25,-9],[10,-34],[-19,-24],[56,-68],[-20,-20],[-2,-57],[48,-26],[18,-22],[-12,-26],[15,-20],[77,4],[17,-22],[-12,-46],[23,-42],[-25,-46],[25,-26],[35,-15],[62,-12],[37,-54],[-12,-67],[35,-45],[31,-14],[77,41],[52,-24],[133,-50],[51,-13],[51,-48],[43,-29],[46,-18],[20,-34],[49,-37],[157,-74],[22,-40],[39,-39],[-9,-35],[43,-19],[65,-47],[39,-45],[12,-30],[-19,-61],[26,-23],[35,-54],[46,-4],[52,-41],[14,-22],[0,-67],[-38,-39],[-3,-42],[37,-38],[-6,-29],[-22,-15],[-3,-58],[31,-50],[38,-10],[16,-37],[-47,-19],[-17,-68],[17,-14],[12,-43],[3,-79],[13,-21],[1,-47],[-87,-44],[-39,-67],[-48,-64],[-34,-14],[32,-54],[-12,-31],[57,-47],[-8,-35],[15,-36],[-21,-28],[56,-12],[31,9],[-10,-46],[12,-20],[-25,-28],[-14,-73],[-37,-43],[2,-45],[25,-59],[-35,-47],[3,-22],[-30,-29],[10,-28],[24,-15],[-23,-49],[-36,-19],[-75,-75],[-9,-21],[-38,-31],[21,-44],[-9,-46],[28,-50],[-31,-61],[35,-68],[-2,-25],[36,-45],[-5,-29],[21,-48],[19,-82],[37,-38],[34,-17],[87,-26],[15,-26],[-17,-35],[-22,-13],[-16,-84],[41,-42],[3,-37],[-10,-46],[29,-29],[42,-12],[52,-65],[2,-45],[34,-9],[64,-66],[0,-73],[7,-55],[-19,-120],[-14,-38],[-36,-10],[-69,20],[-83,65],[-56,32],[-22,3],[-49,-22],[-35,-37],[-7,-61],[14,-108],[-9,-124],[-27,-59],[-43,-63],[-80,-94],[-30,-20],[-98,-100],[-64,-77],[-50,-34],[-67,-29],[-35,-5],[-81,-31],[-76,-13],[-60,5],[-59,-30],[-65,-51],[-21,-27],[-9,-35],[-42,-42],[-29,-64],[-35,-49],[-25,-57],[-17,-95],[-43,-67],[-39,-41],[-31,-16],[-80,-25],[-83,-33],[-51,-32],[-90,-34],[-55,-12],[-146,-23],[-186,-49],[-77,42],[-42,1],[-71,-49],[-39,-10],[-37,10],[-67,60],[-64,20],[-120,3],[-122,-24],[-34,-11],[-75,-73],[-35,-22],[-135,-62],[-121,-149],[-30,-59],[-2,-40],[23,-97],[0,-44],[11,-50],[39,-113],[6,-43],[-9,-23],[-61,-60],[-46,-71],[-32,-80],[16,-4],[17,46],[50,94],[81,75],[-5,57],[-36,118],[-37,211],[15,59],[19,28],[69,63],[35,56],[24,17],[91,33],[59,39],[79,76],[44,17],[103,15],[80,0],[75,-13],[43,-29],[20,-26],[59,-20],[28,0],[49,21],[51,35],[23,0],[80,-43],[262,61],[61,7],[107,23],[197,94],[85,27],[71,52],[57,114],[28,96],[40,40],[15,56],[25,33],[25,-26],[49,-114],[34,-41],[54,-17],[98,13],[126,12],[76,20],[142,-13],[70,-35],[32,-22],[114,-49],[44,-8],[74,13],[46,47],[43,26],[136,-7],[82,0],[47,-10],[114,1],[54,-20],[53,-123],[25,-85],[3,-71],[-39,-53],[-12,-58],[33,-45],[45,-33],[66,-33],[44,-46],[48,-84],[20,-102],[19,-22],[62,-33],[52,-46],[63,-66],[24,-49],[-25,-82],[13,-87],[14,-25],[123,-98],[18,-35],[-6,-43],[-53,-107],[2,-45],[20,-71],[21,-49],[13,-54],[15,-96],[13,-16],[53,-11],[81,-43],[18,-24],[-13,-52],[-26,-54],[-5,-34],[20,-123],[2,-69],[-4,-90],[8,-54],[0,-83],[-57,-145],[-40,-91],[-53,-80],[-24,-48],[-21,-87],[-11,-19],[-46,-11],[-47,-26],[-23,-29],[-3,-67],[24,-55],[25,-37],[40,-109],[40,-66],[38,-17],[65,11],[38,-26],[5,-65],[46,-33],[75,-33],[105,16],[37,-6],[70,-50],[25,-31],[14,-67],[-27,-178],[30,-72],[34,-34],[59,-28],[51,-9],[74,9],[128,-34],[20,-35],[-3,-85],[14,-66],[7,-69],[-36,-63],[-26,-102],[-59,-72],[-6,-28],[22,-49],[86,-78],[136,-37],[98,-51],[90,-23],[56,-4],[88,44],[72,10],[28,-11],[10,-75],[-3,-50],[41,-67],[-1,-47],[-24,-42],[-27,-79],[-4,-28],[16,-121],[44,-107],[25,-32],[50,-30],[0,-46],[-16,-54],[-22,-21],[-25,-54],[28,-49],[4,-52],[51,-57],[121,-92],[83,-56],[-46,-123],[-32,-49],[-12,-62],[-53,-105],[-5,-39],[-23,-68],[-7,-50],[12,-26],[34,-28],[53,-18],[-1,-70],[8,-23],[42,-33],[37,-50],[6,-54],[-22,-24],[-24,-57],[-17,-8],[-81,20],[-36,-44],[11,-68],[45,-2],[45,-51],[11,-37],[24,-5],[13,-46],[41,-30],[53,-98],[60,-80],[30,-5],[49,24],[70,5],[6,-32],[82,-69],[12,-20],[43,-30],[-7,-40],[9,-23],[-19,-48],[-22,-15],[-15,-52],[-40,-29],[-35,-44],[-20,-85],[33,-36],[-11,-42],[-22,-35],[-45,-122],[-5,-28],[-25,-49],[-44,-33],[-35,-4],[-102,-39],[-72,-6],[-31,6],[-63,-49],[2,-53],[-11,-71],[-22,-63],[-25,-6],[-13,-33],[-80,2],[-6,-78],[31,-29],[20,-52],[-56,-58],[-23,-59],[-47,-38],[9,-28],[-28,-48],[25,-12],[93,-4],[2,-35],[-13,-21],[17,-34],[-25,-21],[3,-30],[55,-18],[-25,-37],[-9,-47],[-53,-11],[-14,-33],[-58,19],[-41,-29],[-13,31],[-31,20],[-82,3],[-35,-26],[-20,9],[-51,-26],[-72,-14],[-61,-53],[-37,-14],[3,-36],[38,-85],[71,-45],[25,-45],[0,-23],[30,-26],[-9,-41],[41,-23],[33,-34],[104,-26],[73,-54],[-9,-26],[40,-3],[50,-49],[44,-22],[17,-59],[23,7],[77,-13],[45,-24],[14,-20],[47,-12],[30,-24],[46,-16],[58,-39],[67,-16],[15,-14],[84,-43],[96,-37],[25,-16],[68,-7],[51,-25],[65,7],[27,-48],[0,-25],[62,-56],[-13,-29],[67,-28],[-5,-25],[19,-38],[46,-62],[53,-53],[2,-36],[24,-21],[2,-51],[26,-35],[5,-105],[-14,-34],[45,-29],[37,-58],[35,1],[9,32],[35,8],[57,-55],[33,-18],[-2,-42],[-19,-39],[-60,-9],[-8,-24],[-57,-19],[19,-25],[-4,-44],[-27,-57],[-30,-35],[-44,-15],[-42,17],[-34,49],[-35,20],[-42,9],[-25,-7],[-46,21],[-70,-11],[-37,-22],[-18,-31],[18,-66],[3,-42],[-18,-66],[34,-76],[36,-52],[69,-6],[11,-55],[76,-36],[-6,-28],[14,-29],[44,-14],[20,-30],[36,-105],[-12,-30],[-63,-43],[-45,-40],[-6,-100],[-25,-27],[12,-106],[-52,-31],[-33,-46],[-6,-48],[-33,-26],[-57,0],[-47,-22],[-45,12],[-52,38],[-37,-26],[6,-62],[-14,-67],[5,-93],[23,-86],[89,21],[72,-4],[45,40],[22,40],[41,-25],[11,-30],[29,-15],[-6,-36],[-25,-26],[8,-38],[25,-38],[1,-29],[26,-44],[53,-15],[18,-14],[69,-86],[10,-20],[-4,-76],[-18,-73],[6,-30],[-26,-37],[-58,-19],[-5,-25],[-76,-45],[-21,-27],[-110,45],[-89,-6],[-16,-73],[29,-3],[11,-41],[0,-76],[-24,-53],[-25,-12],[-14,-54],[8,-21],[-24,-37],[23,-45],[-13,-16],[-55,-3],[-45,-20],[-26,-44],[4,-99],[-71,-29],[-71,-9],[-55,19],[-57,-6],[-47,24],[-37,-37],[-8,-68],[31,-31],[41,-5],[26,-52],[-57,-142],[-21,-29],[-3,-30],[18,-49],[-15,-46],[2,-123],[-37,-33],[0,-61],[32,-34],[21,-40],[5,-103],[8,-35],[-13,-73],[-16,-23],[-3,-48],[48,-78],[13,-35],[-11,-33],[-105,-49],[-64,-60],[-16,-28],[9,-103],[44,-35],[4,-26],[-16,-40],[-56,-29],[-15,-50],[20,-54],[30,-39],[-30,-72],[-40,-62],[20,-45],[-4,-34],[-22,-3],[2,-37],[-36,-106],[-64,-11],[-39,-33],[-37,-54],[-11,-31],[-34,-16],[-67,18],[-48,3],[-38,19],[-16,30],[-64,2],[-41,15],[-76,3],[-14,-20],[25,-32],[42,-36],[72,-100],[28,-75],[0,-52],[-29,-48],[-36,-152],[63,-31],[30,-47],[-18,-47],[9,-38],[27,-26],[57,-20],[57,-5],[9,-45],[31,-61],[19,-11],[119,12],[61,-28],[13,-46],[-30,-104],[0,-43],[-20,-35],[-57,-21],[-69,-52],[-61,-16],[-62,-6],[-21,9],[-19,36],[13,36],[-11,17],[-39,10],[-74,-19],[-34,-27],[-24,-67],[5,-52],[-11,-37],[-43,-34],[-28,-6],[-31,-28],[-2,-57],[14,-47],[31,-37],[32,-1],[36,22],[11,-31],[-39,-50],[-42,-14],[-62,32],[-39,4],[-81,-7],[-14,-26],[-4,-58],[-38,-42],[-113,-88],[-27,-81],[-33,-30],[-11,-49],[23,-75],[18,-24],[76,12],[56,-19],[-1,-43],[-62,-114],[-15,-13],[-94,-34],[1,-41],[125,-43],[32,10],[39,31],[29,7],[93,2],[47,-14],[4,24],[28,12],[61,7],[82,99],[12,61],[17,37],[41,-14],[11,11],[-12,47],[-32,30],[-31,10],[6,27],[27,-4],[54,-47],[100,-31],[44,-37],[-14,-171],[28,-56],[-139,-104],[-51,-31],[-74,-90],[-42,-81],[-78,-65],[-47,-15],[2,-33],[35,-89],[63,-66],[13,-69],[36,-43],[-32,-47],[-102,-7],[-17,32],[-21,2],[-25,-25],[2,-44],[19,-41],[-15,-38],[-10,-58],[-61,-42],[-50,-3],[-35,-18],[-41,-4],[-65,-31],[-43,-37],[-43,-107],[-43,-22],[-48,18],[-5,30],[25,49],[-5,29],[-45,34],[-29,-24],[-21,-57],[8,-64],[-13,-61],[4,-33],[19,-31],[-11,-25],[-70,-9],[-31,-21],[-17,-27],[-56,-54],[-43,-64],[-5,-39],[-46,0],[-7,59],[10,67],[-42,128],[-2,124],[25,49],[22,85],[4,35],[-31,3],[-106,-58],[-40,0],[-152,-60],[-2,-49],[14,-57],[-31,-23],[-46,-19],[-40,-47],[-95,-54],[-40,-48],[3,-60],[27,-13],[38,-1],[0,-23],[-42,-49],[-43,-23],[-8,-26],[-97,-43],[-1,-36],[12,-43],[45,-24],[31,-50],[26,3],[25,28],[9,-46],[-71,-34],[-38,3],[-35,-24],[-9,-36],[-20,-8],[-3,-42],[32,-21],[-3,-27],[-32,-59],[-4,-45],[-38,-36],[-56,0],[-37,-31],[-50,-56],[-27,-47],[-31,18],[-88,-3],[-47,-58],[-88,-49],[0,-37],[-29,-41],[-15,-80],[-20,-52],[-25,-120],[-82,-2],[-50,17],[-75,2],[-11,-32],[18,-40],[38,-31],[23,-35],[-31,-76],[-19,-13],[-62,-3],[-53,6],[-21,-12],[10,-37],[72,-91],[59,-14],[74,14],[27,-27],[-11,-42],[-25,-44],[-59,-4],[-47,23],[-37,43],[-22,-13],[-37,-73],[43,-34],[-31,-15],[-45,1],[-54,38],[-12,26],[-27,6],[-19,-38],[-36,-41],[-19,-39],[-12,-82],[-63,-50],[-21,-52],[47,-80],[-12,-29],[22,-82],[52,-54],[1,-25],[-41,-11],[-38,-44],[-9,-70],[-31,-26],[34,-39],[82,-61],[60,-21],[8,-65],[-8,-32],[-26,-16],[24,-63],[-58,-38],[-26,25],[-5,43],[-42,14],[-30,-21],[-13,-41],[46,-23],[-16,-25],[22,-36],[14,-71],[40,-37],[55,-89],[5,-44],[20,-50],[-45,21],[-73,-16],[-33,-28],[-24,47],[-32,9],[-47,-57],[-30,-58],[-35,-29],[-9,-25],[-82,-54],[-54,-21],[1,-28],[-91,2],[-12,-53],[-19,-27],[-13,-80],[-21,-30],[-85,-28],[-20,-40],[28,-42],[10,-71],[-10,-33],[-46,-58],[-20,35],[-69,-2],[-17,-40],[40,-4],[43,-47],[-7,-55],[-56,2],[-31,-21],[-15,-117],[25,2],[51,-48],[8,-44],[-9,-22],[7,-117],[8,-57],[-34,-25],[56,-38],[10,-36],[-25,-29],[-82,-41],[32,-64],[-32,-6],[-39,-25],[-27,-88],[29,-25],[17,-51],[-60,3],[-10,-20],[82,-58],[28,-63],[-31,-9],[-13,34],[-95,-16],[-31,-39],[4,-27],[68,21],[13,-18],[-44,-47],[-9,-26],[-34,-52],[-48,-21],[-3,-29],[34,-20],[-8,-22],[-44,9],[-24,21],[-28,2],[-28,21],[-44,-40],[-57,-28],[-67,25],[-25,-29],[-48,-12],[2,-37],[33,-7],[-32,-49],[-59,-68],[-4,-24],[-38,17],[-33,-55],[-28,-13],[-28,-34],[-13,31],[-39,-14],[-17,-27],[-27,12],[-5,50],[-23,-2],[-55,-57],[-16,51],[-41,-26],[12,-49],[-110,-4],[-31,-23],[51,-110],[3,-34],[67,-4],[9,-120],[43,-35],[1,-23],[-35,-11],[-2,-22],[-51,-21],[-14,7],[-59,-44],[-11,-44],[-28,9],[-28,-17],[-58,13],[-56,-12],[-76,-29],[-5,45],[-61,-45],[-61,41],[-47,4],[-37,13],[-34,-9],[8,-29],[-12,-33],[-40,-31],[13,-39],[-45,-18],[6,-30],[-38,-19],[3,-20],[-53,-32],[-29,-29],[-26,-43],[30,-58],[5,-33],[41,9],[17,-70],[-17,-88],[-18,-33],[4,-30]],[[116980,74386],[-90,79],[-49,97],[-45,30],[-37,34],[-34,17],[-39,35],[-26,62],[-32,56],[-31,29],[-57,0],[-10,39],[-2,60],[-61,-6]],[[116467,74918],[10,26],[-20,39],[15,13]],[[116472,74996],[-30,15],[-12,30],[5,32],[-39,46],[-20,46]],[[116376,75165],[-54,-6],[7,59],[18,37],[-24,27],[19,29],[46,0],[6,22]],[[116394,75333],[18,41],[-49,5],[-45,-13],[-58,75],[44,2],[-10,51],[27,20],[-35,51],[15,25],[-14,27],[18,17],[78,12],[42,35],[-14,33],[-80,11],[-20,16],[-70,6],[-26,9],[-1,65],[30,8],[24,31],[-11,43],[34,42],[-8,51],[-29,5],[-16,54],[29,45],[-57,-6],[-37,35],[-45,1],[-13,16],[-2,60],[-24,52],[-27,17],[-56,66],[1,30],[35,15],[10,37],[-30,14],[-18,33],[-3,37],[42,25],[-34,35],[22,32],[-35,21],[58,71],[-4,22],[74,24],[30,-16],[129,62],[36,2],[81,30]],[[116427,76820],[60,24]],[[116487,76844],[41,-6],[43,14],[61,35],[39,61],[21,8],[-12,35],[7,82],[51,34],[48,60],[50,17],[7,33],[-30,0],[-4,32],[13,44],[24,9],[1,29],[-40,15],[12,29],[-17,53],[3,43],[-44,-2],[-32,34],[-29,-15],[-24,59],[47,8],[-23,25],[-13,67],[23,22],[-2,33],[-34,32],[-42,8],[-25,37],[8,46],[-10,39],[70,44],[28,-1],[2,34],[-17,43],[-1600,-417],[-1459,-380],[-907,-239],[-2270,-604],[-1495,884],[-331,176],[-554,347],[-393,232],[-219,136]],[[110362,90666],[55,99],[36,74],[84,124],[33,66],[22,67],[39,69],[18,77],[-9,62],[-27,59],[-43,68]],[[110570,91431],[-51,54],[-109,90],[-116,79],[-52,50],[-67,86],[-63,156],[-32,92],[-20,180],[34,6],[3,111],[15,29],[-13,49],[0,71],[13,53],[40,26],[11,91],[0,98],[7,40],[45,38],[29,51],[0,33],[36,67],[49,15],[79,-10],[-28,162],[-21,22],[-4,82],[-32,8],[-19,-19],[-55,-11],[-31,12],[26,43],[33,90],[11,67],[59,22],[50,-16],[45,-46],[20,-6],[55,22],[20,20],[108,-5],[22,73],[18,79],[25,158],[54,154],[47,62],[28,61],[-1,21],[35,60],[193,0],[47,13],[11,18],[48,3],[67,-15],[49,-40],[11,-54],[-32,-33],[73,-71],[54,-83],[15,-38],[359,-66],[70,-22],[184,-50],[36,-3],[150,-44],[165,-65],[43,-22],[84,-24],[93,-5],[42,-9],[172,-71],[154,-54],[60,-28],[69,-39],[94,-44],[120,-69],[82,-56],[125,-110],[177,-139],[44,-42],[51,-33],[114,-101],[77,-60],[92,-58],[44,-20],[89,-82],[76,-67],[74,-56],[31,-13],[58,-47],[15,0],[93,-94],[81,-104],[10,-32],[83,-98],[-13,-11],[67,-68],[-5,-18],[30,-29],[29,-10],[31,-30],[-14,-16],[53,-47],[39,-22],[21,-26],[8,-37],[34,-6],[21,-38],[27,17],[45,-18],[121,-30],[32,-20],[96,-34],[97,51],[21,23],[-30,16],[-3,93],[-47,97],[53,23],[171,21],[140,-1],[60,-5],[114,-18],[113,-32],[61,-24],[67,-13],[9,-13],[51,-16],[95,-9],[69,-33],[50,-10],[35,-30],[50,-20],[49,-2],[31,-17],[170,-52],[84,-36],[59,-9],[67,-26],[57,-14],[106,9],[18,17],[72,-1],[132,17],[53,1],[41,-8],[29,18],[-82,49],[-7,41],[-54,42],[-70,91],[-43,25],[-42,-3],[-5,26],[70,17],[116,2],[71,-20],[23,-16],[84,-29],[81,-53],[54,-49],[44,11],[23,33],[-93,139],[-73,60],[-66,42],[-144,102],[-55,46],[-31,34],[29,22],[30,3],[49,33],[-1,20],[-60,36],[-87,22],[-28,-6],[-51,8],[-20,17],[-42,4],[-104,107],[15,31],[-35,52],[3,31],[-43,23],[123,16],[70,5],[142,-18],[34,-26],[71,-26],[26,-17],[118,-57],[25,-21],[89,-38],[61,-20],[74,-33],[48,-8],[72,-46],[45,-16],[96,-70],[63,-30],[57,-38],[66,-36],[122,-98],[125,-111],[176,-125],[74,-24],[149,-131],[15,-16],[89,-55],[35,-35],[23,-7],[47,-53],[41,9],[47,35],[5,41],[-30,23],[-8,38],[-33,62],[-25,22],[-11,46],[-52,9],[-15,33],[-47,0],[-12,22],[-127,9],[-44,54],[-151,138],[-57,46],[-65,63],[-42,29],[-21,33],[-39,28],[-24,38],[10,27],[107,-93],[54,-36],[0,-23],[48,-25],[31,-2],[42,-51],[43,-17],[29,-29],[21,3],[44,-43],[44,-26],[18,-26],[79,-19],[101,-10],[24,-12],[27,17],[35,-11],[52,-1],[64,-20],[-5,-31],[65,-21],[48,-44],[-27,-39],[38,3],[-3,-36],[68,-29],[33,-42],[39,-29],[10,-39],[63,-63],[11,-32],[34,-16],[61,-67],[59,-52],[108,-114],[1,-9],[71,-38],[158,-181],[90,-91],[130,-112],[70,-78],[107,-111],[102,-95],[29,-15],[62,-57],[200,-153],[47,-29],[134,-102],[107,-78],[68,-41],[42,-44],[118,-144],[109,-147],[26,-79],[14,-18],[32,2],[28,55],[33,5],[86,-12],[51,-12],[77,-40],[130,-42],[13,-14],[51,-12],[63,-43],[59,-23],[77,-22],[138,-62],[39,-34],[61,-15],[36,-19],[75,-16],[31,3],[15,-31],[79,-16],[17,13],[40,0],[20,16],[45,0],[6,-17],[95,-7],[51,-31],[30,8],[108,-37],[94,-45],[82,-30],[24,-1],[81,-36],[87,-29],[56,-8],[58,-20],[38,-38],[37,-11],[8,-17],[108,-75],[20,-5],[124,-110],[83,-85],[5,-27],[-12,-91],[17,-21],[33,1],[19,32],[110,23],[41,0],[67,-13],[141,-55],[108,-19],[94,-32],[39,-24],[48,7],[142,-103],[247,-242],[10,-17],[153,-168],[98,-100],[96,-115],[110,-174],[128,-193],[23,-49],[53,-146],[40,-96],[19,-84],[-8,-99],[-34,-94],[-29,-43],[-50,-47],[-49,-58],[80,-76],[147,-114],[70,-46],[40,-40],[49,-76],[21,-49],[-5,-19],[-38,-22],[-6,-19],[-44,-23],[-36,2],[-16,-85],[21,-87],[45,-19],[156,-150],[63,-75],[68,-142],[38,-46],[30,-77],[-1,-44],[-18,-21],[-34,-11],[-64,10],[-70,28],[-59,11],[-75,-1],[-44,12],[-23,-18],[5,-84],[35,-60],[8,-35],[72,-160],[52,-61],[-2,-19],[-55,-86],[-12,-4],[-113,-100],[-12,-30],[-30,-21],[-88,10],[-39,-24],[-36,-36],[-47,7],[-37,16],[-68,59],[-58,-50],[-17,-61],[2,-116],[-20,-34],[-6,-76],[19,-18],[47,-1],[-36,-41],[-33,-10],[-29,-45],[31,-19],[54,17],[23,-18],[36,6],[40,36],[63,14],[47,-35],[30,5],[21,-24],[-52,-39],[7,-47],[109,26],[66,8],[117,-27],[29,-19],[6,-28],[-21,-58],[-40,-44],[-85,-33],[-48,-53],[-16,-54],[16,-27],[-118,-131],[-34,-44],[-82,-52],[1,-32],[28,-39],[69,-76],[30,-11],[41,-51],[30,-54],[-43,-29],[-25,-30],[-28,-79],[-4,-56],[-22,-28],[-26,-131],[-28,-25],[-95,-30],[-28,-42],[-38,-25],[-78,28],[-35,5],[-1,-58],[-44,-88],[-56,-48],[-94,-20],[12,-28],[-46,1],[26,-80],[-58,-27],[48,-25],[15,-39],[87,-80],[54,-12],[-12,-39],[76,61],[81,43],[25,-8],[-2,-27],[-23,-16],[-80,-80],[-83,-63],[21,-45],[40,11],[4,-31],[21,-4],[31,36],[43,12],[28,-7],[-82,-126],[19,-8],[68,96],[57,4],[47,21],[187,5],[21,8],[36,-14],[37,58],[51,22],[19,37],[31,10],[37,-26],[43,14],[28,30],[20,5],[83,57],[100,-8],[19,-28],[-12,-21],[8,-37],[-117,-58],[-14,-19],[-59,-19],[-47,-49],[-69,-36],[-35,-50],[-74,0],[-61,-27],[-49,-39],[2,-68],[-13,-53],[-23,-43],[23,-26],[-10,-50],[-23,-29],[-17,-43],[-41,-30],[-3,-72],[24,-28],[47,21],[0,17],[36,65],[68,62],[20,28],[91,103],[49,48],[43,34],[76,46],[118,50],[34,-4],[32,-24],[42,13],[32,22],[-17,31],[30,18],[86,-17],[53,-63],[-38,-67],[-86,-4],[54,-83],[-18,-27],[28,-57],[42,-37],[49,-57],[37,-60],[83,-95],[-27,-65],[27,1],[59,-25],[28,-29],[-6,-23],[15,-41],[-44,-18],[-82,-19],[-163,-11],[-42,9],[-9,-45],[23,-8],[3,-48],[88,9],[-32,-39],[-46,-21],[-87,-81],[-41,-29],[-17,-34],[-66,-37],[-43,-37],[-96,-21],[-61,11],[-48,-3],[-59,-15],[-76,8],[5,-61],[40,-23],[41,15],[43,-35],[90,-33],[68,18],[67,31],[39,26],[49,16],[81,10],[43,21],[140,50],[81,43],[75,77],[27,51],[12,45],[42,48],[73,65],[86,48],[78,2],[60,31],[9,43],[60,33],[28,85],[-28,30],[2,24],[31,19],[35,-18],[52,-88],[2,-75],[-35,-121],[-37,-75],[-66,-47],[-28,-7],[-29,27],[0,29],[-48,9],[-68,-5],[-38,-57],[-50,-57],[-60,-78],[-29,-82],[-29,-43],[-2,-20],[-42,-62],[-31,-105],[-50,-26],[6,-29],[-16,-88],[-46,0],[-109,-28],[2,-46],[37,-22],[-24,-42],[5,-16],[78,3],[63,15],[27,29],[34,2],[74,-35],[73,-74],[6,-35],[22,3],[30,-39],[40,2],[30,-17],[66,15],[26,20],[55,15],[75,11],[55,-5],[58,-31],[13,-17],[103,-44],[29,26],[32,7],[47,-7],[47,-36],[39,12],[45,-4],[63,-23],[49,-42],[60,-14],[11,-22],[-11,-35],[-39,-81],[-90,-96],[-25,-7],[-22,-26],[-49,-14],[-61,3],[-25,21],[-35,-22],[-58,-11],[-60,-22],[-29,-20],[-65,6],[-48,20],[-17,20],[-37,-14],[-61,5],[-19,18],[-37,7],[-44,-6],[-71,28],[-12,24],[-64,4],[-28,-17],[-73,-23],[-128,11],[-76,-8],[-43,-18],[-139,-12],[-202,16],[-64,-14],[-83,2],[-84,12],[-15,-23],[-102,-28],[-28,-21],[-84,-16],[-51,1],[-41,11],[-8,-17],[71,-19],[75,-7],[25,18],[35,-10],[40,19],[38,4],[21,-19],[52,3],[31,-8],[53,27],[5,-40],[56,0],[47,36],[71,-6],[14,-37],[-43,-49],[-51,8],[-51,30],[-82,-16],[-13,11],[-41,-12],[-89,-3],[-17,6],[-83,-9],[-109,16],[-95,-17],[-87,-30],[-62,-12],[-70,59],[-41,14],[-114,0],[-116,-29],[-12,-34],[43,-1],[62,-17],[51,-5],[20,-56],[-8,-11],[-65,-21],[-42,33],[-47,-14],[-34,0],[-48,15],[-70,2],[-49,38],[-35,11],[-25,-10],[-78,2],[-152,62],[-28,17],[-112,34],[-48,-7],[-53,9],[-116,35],[-79,2],[-77,-11],[-107,-39],[-46,-5],[-39,-45],[-61,-47],[-57,-95],[-21,-19],[-54,-12],[12,-38],[-19,-52],[-20,-17],[-43,-83],[-22,-69],[-32,-44],[-4,-41],[-19,-19],[3,-44],[60,-63],[-36,-39],[-88,-36],[6,-56],[39,-28],[83,5],[77,26],[-7,37],[10,106],[15,106],[43,36],[105,-3],[147,9],[24,22],[-24,39],[-53,34],[-20,34],[-41,4],[-56,-17],[-8,26],[59,81],[50,47],[20,7],[16,50],[26,33],[54,6],[-9,-69],[112,12],[85,-5],[53,-28],[-68,-9],[-3,-41],[42,2],[5,-32],[37,-6],[28,24],[52,-5],[50,5],[22,-13],[60,20],[78,-15],[28,22],[64,5],[101,-31],[30,-16],[59,1],[58,-58],[150,12],[63,23],[14,-11],[65,5],[41,-9],[37,14],[70,1],[71,10],[22,-17],[115,1],[19,-15],[54,10],[43,-20],[59,17],[80,4],[38,25],[92,19],[13,-6],[52,16],[45,29],[32,3],[62,29],[28,-1],[71,45],[35,-1],[49,36],[93,-30],[30,-24],[132,-60],[90,-45],[25,-6],[102,-79],[33,3],[68,-52],[24,-5],[25,-37],[80,-73],[81,-57],[34,-17],[77,-73],[126,-61],[90,-30],[66,-11],[36,-22],[130,-21],[83,23],[35,-11],[96,3],[57,-15],[93,-5],[40,6],[76,0],[117,-20],[20,-17],[87,-9],[52,-20],[50,-1],[6,-26],[30,-1],[61,-34],[73,15],[56,36],[82,-34],[19,-33],[71,-16],[25,20],[54,0],[41,69],[22,20],[40,105],[67,-2],[29,42],[13,107],[74,28],[12,44],[73,55],[74,31],[47,3],[23,19],[-2,73],[-76,62],[-52,16],[-20,24],[43,17],[4,47],[46,22],[-12,49],[48,43],[-9,29],[3,110],[70,17],[61,22],[119,-1],[135,-16],[75,33],[50,-2],[90,-17],[53,4],[101,-21],[67,-9],[106,-1],[284,13],[26,-6],[72,9],[67,-6],[45,9],[12,-11],[72,2],[49,21],[40,-7],[82,6],[44,-14],[152,-3],[8,22],[101,7],[90,-8],[53,10],[131,-16],[44,-18],[33,-28],[23,14],[126,-56],[57,-4],[55,-43],[75,-28],[84,-51],[68,-16],[48,-26],[21,-24],[22,10],[81,-29],[10,-18],[64,-16],[38,-30],[55,-19],[78,-7],[71,-28],[61,-11],[2,27],[69,-19],[-25,-24],[47,-14],[-1,40],[60,-32],[71,-16],[22,-23],[26,1],[51,-22],[7,-32],[64,-46],[16,31],[80,-42],[-12,-45],[29,-6],[121,-94],[40,-21],[-11,-31],[77,9],[15,-23],[-10,-28],[7,-37],[28,-32],[-25,-20],[81,-42],[96,-78],[27,-27],[83,-43],[130,-116],[34,-35],[158,-118],[38,-46],[7,-21],[50,-41],[48,-75],[41,-31],[55,-95],[41,-40],[92,-133],[8,-40],[80,-146],[21,-26],[58,-128],[75,-130],[55,-53],[29,-58],[28,-7],[34,-33],[-6,-29],[48,-25],[21,-41],[87,-54],[14,-29],[378,-480],[126,-370],[-7,-69],[-263,-383],[-1236,-178],[10,-50],[4,-80],[-9,-53],[-60,-36],[-114,-25],[-127,-46],[-26,-44],[-32,-144],[-29,-37],[-81,-69],[-7,-39],[21,-38],[109,-116],[8,-61],[-25,-29],[-87,-58],[-25,-49],[-5,-77],[-21,-29],[-29,-107],[18,-90],[-11,-77],[-46,-40],[-48,-12],[-18,-19],[-15,-80],[-27,-37],[-1,-42],[-38,-27],[-33,-38],[-37,-23],[-27,-50],[-114,-32],[-58,-37],[-44,-75],[-62,-13],[-81,-9],[-80,54],[-90,25],[-95,-13],[-82,-42],[-48,-18],[-43,-4],[-106,-89],[-111,-154],[-77,-61],[-154,-107],[-101,-36],[-211,-130],[-127,-5],[-31,-27],[-19,-41],[-43,-19],[-75,9],[-67,-2],[-86,-79],[-77,-59],[-34,-87],[-38,-66],[-46,-133],[-91,-80],[-82,-58],[-4097,-2],[-28,-28],[-32,-53],[-81,1],[2,-47],[-38,14],[-40,-39],[-63,10],[-18,20],[-36,-18],[-31,-37],[-56,-10],[-100,29],[-21,31],[-2,32],[-46,-16],[-20,31],[-28,-19],[-32,34],[-43,5],[-6,20],[27,34],[-46,20],[-31,24],[-21,-32],[-33,-22],[-135,12],[-43,20],[-39,-14],[-60,-34],[-44,23],[-63,-12],[-41,-36],[-39,-4],[-38,-26],[-44,-2],[-22,-20],[-58,3],[-15,-34],[-19,-9],[-30,27],[-40,-15],[-25,3],[2,-36],[-21,-36],[-18,30],[-51,29],[-19,-9],[-43,-54],[-26,-17],[-43,25],[-26,-3],[-56,-57],[-28,-5],[-16,-38],[-43,-32],[47,-33],[-29,-24],[-16,-33],[-48,-51],[-51,-38],[-60,-17],[-21,-64],[27,-14],[-30,-31],[6,-16],[57,-6],[-28,-74],[-22,-30],[-48,-18],[-18,-38],[-32,-6],[-42,-31],[-3,-21],[-33,-15],[0,-31],[-89,3],[-16,16],[-34,-13],[-34,5],[-50,-62],[-37,-4],[6,-59],[-18,-11],[2,-75],[-18,-30],[-43,-34],[38,-84],[3,-44],[-35,-20],[-74,-17],[-101,-6],[-47,19],[-123,-10],[-187,36],[-84,58],[-121,35],[-141,63],[-173,99],[-119,35],[-105,-4],[-133,90],[-855,964],[-598,674],[-94,113],[-51,41],[-31,9],[-221,-3],[-183,-8],[-27,-21],[-123,-53],[-166,-37],[-95,-12],[-139,-26],[-73,-31],[-53,-33],[-99,-21],[-68,-31],[-125,-41],[-107,-52],[-157,-69],[-84,-31],[-80,-39],[-99,-28],[-75,-43],[-58,-70],[-34,-76],[-85,-151],[-51,-68],[-70,-122],[-22,-65],[-34,-55],[-29,-89],[26,-55],[34,-46],[33,-79],[0,-68],[21,-50],[58,-87],[26,-75],[-3,-43],[-36,-71],[-38,6],[-1163,584],[-165,40],[-44,-13],[-45,28],[-22,45],[-38,32],[-19,61],[4,39],[-13,86],[10,21],[-11,47],[2,43],[-24,60],[-43,126],[11,51],[-1,161],[-75,80],[-53,-6],[-49,6],[-41,23],[-28,45],[-61,47],[23,79],[8,101],[-16,41],[3,153],[8,253],[-20,112],[-58,163],[-19,140],[-46,97],[-50,49]]],"transform":{"scale":[0.00009999951601550104,0.00009999953120720142],"translate":[-73.36646670044773,0.6459764672119668]},"objects":{"Limites_estadales_de_venezuela_IGVSB_WGS84":{"type":"GeometryCollection","geometries":[{"arcs":[[0,1,2]],"type":"Polygon","properties":{"DM_ACC":1,"DM_BST":1,"NAM":"ESTADO AMAZONAS","NGOV":"GACETA OFICIAL DEL ESTADO AMAZONAS. LEY DE REFORMA PARCIAL DE LA DIVISIÓN POLÍTICO TERRITORIAL DEL ESTADO AMAZONAS. De fecha 17 de Diciembre de 1997. Año 5  Nº 7 Extraordinario.","NM3":"","NM4":"","SAG":"Instituto Geográfico de Venezuela Simón Bolívar","TXT":"","ARA":182106979417.84,"DM_CENT":"02"}},{"arcs":[[3,4]],"type":"Polygon","properties":{"DM_ACC":1,"DM_BST":2,"NAM":"Sobreposición de Límites entre Estados","NGOV":"No Aplica","NM3":"","NM4":"","SAG":"Instituto Geográfico de Venezuela Simón Bolívar","TXT":"Zona de Sobreposición de Límites entre los  Estados Merida-Táchira","ARA":114882928.5,"DM_CENT":"00"}},{"arcs":[[5,6,-1,7,8,9]],"type":"Polygon","properties":{"DM_ACC":1,"DM_BST":1,"NAM":"ESTADO APURE","NGOV":"GACETA OFICIAL  DEL ESTADO APURE.  LEY DE REFORMA TOTAL DE LA DIVISIÓN POLÍTICO TERRITORIAL DEL ESTADO APURE. De fecha 14 de Diciembre de 1992. Nº 19 Extraordinario.","NM3":"","NM4":"","SAG":"Instituto Geográfico de Venezuela Simón Bolívar","TXT":"","ARA":74088271484.78,"DM_CENT":"04"}},{"arcs":[[10,11,12,13,14,15,16,17,18,19,20,21,22,23,24,25,26,27,28,29,30,31,32,33,34,35,36,37,38,39,40,41,42,43,44,45,46,47,48,49,50,51,52,53,54,55,56,57,58,59,60,61,62,63,64,65,66,67,68,69,70,71,72,73,74,75,76,77,78,79,80,81,82,83,84,85,86,87,88,89,90,91,92,93,94,95,96,97,98,99,100,101,102,103,104,105,106,107,108,109,110,111,112,113,114,115,116,117,118,119,120,121,122,123,124,125,126,127,128,129,130,131,132,133,134,135,136,137,138,139,140,141,142,143,144,145,146,147,148,149,150,151,152,153,154,155,156,157,158,159,160,161,162,163,164,165,166,167,168,169,170,171,172,173,174,175,176,177,178,179,180,181,182,183,184,185,186,187,188,189,190,191,192,193,194,195,196,197,198,199,200,201,202,203,204,205,206,207,208,209,210,211,212,213,214,215,216,217,218,219,220,221,222,223,224,225,226,227,228,229,230,231,232,233,234,235,236,237,238,239,240,241,242,243,244,245,246,247,248,249,250,251,252,253,254,255,256,257,258,259,260,261,262,263,264,265,266,267,268,269,270,271,272,273,274,275,276,277,278,279,280,281,282,283,284,285,286,287,288,289,290,291,292,293,294,295,296,297,298,299,300,301,302,303,304,305,306,307,308,309,310,311,312,313,314,315,316,317,318,319,320,321,322,323,324,325,326,327,328,329,330,331,332,333,334,335,336,337,338,339,340,341,342,343,344,345,346,347,348,349,350,351,352,353,354,355,356,357,358,359,360,361,362,363,364,365,366,367,368,369,370,371,372,373,374,375,376,377,378,379,380,381,382,383,384,385,386,387,388,389,390,391,392,393,394,395,396,397,398,399,400,401,402,403,404,405,406,407,408,409,410,411,412,413,414,415,416,417,418,419,420,421,422,423,424,425,426,427,428,429,430,431,432,433,434,435,436,437,438,439,440,441,442,443,444,445,446,447,448,449,450,451,452,453,454,455,456,457,458,459,460,461,462,463,464,465,466,467,468,469,470,471,472,473,474,475,476,477,478,479,480,481,482,483,484,485,486,487,488,489,490,491,492,493,494,495,496,497,498,499,500,501,502,503,504,505,506,507,508,509,510,511,512,513,514,515,516,517,518,519,520,521,522,523,524,525,526,527,528,529,530,531,532,533,534,535,536,537,538,539,540,541,542,543,544,545,546,547,548,549,550,551,552,553,554,555,556,557,558,559,560,561,562,563,564,565,566,567,568,569,570,571,572,573,574,575,576,577,578,579,580,581,582,583,584,585,586,587,588,589,590,591,592,593,594,595,596,597,598,599,600,601,602,603,604,605,606,607,608,609,610,611,612,613,614,615,616,617,618,619,620,621,622,623,624,625,626,627,628,629,630,631,632,633,634,635,636,637,638,639,640,641,642,643,644,645,646,647,648,649,650,651,652,653,654,655,656,657,658,659,660,661,662,663,664,665,666,667,668,669,670,671,672,673,674,675,676,677,678,679,680,681,682,683,684,685,686,687,688,689,690,691,692,693,694,695,696,697,698,699,700,701,702,703,704,705,706,707,708,709,710,711,712,713,714,715,-2,-7]],"type":"Polygon","properties":{"DM_ACC":1,"DM_BST":1,"NAM":"ESTADO BOLÍVAR","NGOV":"GACETA OFICIAL DEL ESTADO BOLÍVAR DE LA REPÚBLICA BOLIVARIANA DE VENEZUELA. LEY DE REFORMA PARCIAL DE LA LEY DE DIVISIÓN POLÍTICO TERRITORIAL DEL ESTADO BOLÍVAR.  De fecha  22 de Diciembre 2011. Ordinaria N° 989.","NM3":"","NM4":"","SAG":"Instituto Geográfico de Venezuela Simón Bolívar","TXT":"","ARA":255338647949.72,"DM_CENT":"07"}},{"arcs":[],"type":"MultiPolygon","properties":{"DM_ACC":1,"DM_BST":2,"NAM":"GUAYANA ESEQUIBA (Zona en Reclamación)","NGOV":"No Aplica","NM3":"","NM4":"","SAG":"Instituto Geográfico de Venezuela Simón Bolívar","TXT":"","ARA":65.59,"DM_CENT":"00"}},{"arcs":[[1063,-4,1064,1065,-9,1066,1067,1068,1069]],"type":"Polygon","properties":{"DM_ACC":1,"DM_BST":1,"NAM":"ESTADO TÁCHIRA","NGOV":"GACETA OFICIAL DEL ESTADO TÁCHIRA. LEY DE REFORMA PARCIAL DE LA LEY DE DIVISIÓN POLÍTICO-TERRITORIAL DEL ESTADO TÁCHIRA. De fecha 26 de Enero de 1998.Nº  Extraordinario 444","NM3":"","NM4":"","SAG":"Instituto Geográfico de Venezuela Simón Bolívar","TXT":"","ARA":9982575830.74,"DM_CENT":"20"}},{"arcs":[[-1069,1070,1071]],"type":"Polygon","properties":{"DM_ACC":1,"DM_BST":2,"NAM":"Sobreposición de Límites entre Estados","NGOV":"No Aplica","NM3":"","NM4":"","SAG":"Instituto Geográfico de Venezuela Simón Bolívar","TXT":"Zona de Sobreposición de Límites entre los  Estados Táchira-Zulia","ARA":701672875.42,"DM_CENT":"00"}},{"arcs":[[1072,1073]],"type":"Polygon","properties":{"DM_ACC":1,"DM_BST":2,"NAM":"Sobreposición de Límites entre Estados","NGOV":"No Aplica","NM3":"","NM4":"","SAG":"Instituto Geográfico de Venezuela Simón Bolívar","TXT":"Zona de Sobreposición de Límites entre los  Estados Anzoátegui-Monagas","ARA":249125656.79,"DM_CENT":"00"}},{"arcs":[[1074,1075]],"type":"Polygon","properties":{"DM_ACC":1,"DM_BST":2,"NAM":"Sobreposición de Límites entre Estados","NGOV":"No Aplica","NM3":"","NM4":"","SAG":"Instituto Geográfico de Venezuela Simón Bolívar","TXT":"Zona de Sobreposición de Límites entre los  Estados Barinas-Portuguesa","ARA":317588014.12,"DM_CENT":"00"}},{"arcs":[[1076,1077]],"type":"Polygon","properties":{"DM_ACC":1,"DM_BST":2,"NAM":"Sobreposición de Límites entre Estados","NGOV":"No Aplica","NM3":"","NM4":"","SAG":"Instituto Geográfico de Venezuela Simón Bolívar","TXT":"Zona de Sobreposición de Límites entre los Estados Barinas-Mérida","ARA":925459988.92,"DM_CENT":"00"}},{"arcs":[[1078,1079]],"type":"Polygon","properties":{"DM_ACC":1,"DM_BST":2,"NAM":"Sobreposición de Límites entre Estados","NGOV":"No Aplica","NM3":"","NM4":"","SAG":"Instituto Geográfico de Venezuela Simón Bolívar","TXT":"Zona de Sobreposición de Límites entre los Estados Cojedes-Portuguesa","ARA":33660872.35,"DM_CENT":"00"}},{"arcs":[[1080,1081]],"type":"Polygon","properties":{"DM_ACC":1,"DM_BST":2,"NAM":"Sobreposición de Límites entre Estados","NGOV":"No Aplica","NM3":"","NM4":"","SAG":"Instituto Geográfico de Venezuela Simón Bolívar","TXT":"Zona de Sobreposición de Límites entre los Estados Cojedes-Portuguesa","ARA":7164171.49,"DM_CENT":"00"}},{"arcs":[[1082,1083]],"type":"Polygon","properties":{"DM_ACC":1,"DM_BST":2,"NAM":"Sobreposición de Límites entre Estados","NGOV":"No Aplica","NM3":"","NM4":"","SAG":"Instituto Geográfico de Venezuela Simón Bolívar","TXT":"Zona de Sobreposición de Límites entre los Estados Cojedes-Portuguesa","ARA":205035.86,"DM_CENT":"00"}},{"arcs":[[1084,1085]],"type":"Polygon","properties":{"DM_ACC":1,"DM_BST":2,"NAM":"Sobreposición de Límites entre Estados","NGOV":"No Aplica","NM3":"","NM4":"","SAG":"Instituto Geográfico de Venezuela Simón Bolívar","TXT":"Zona de Sobreposición de Límites entre los Estados Cojedes-Portuguesa","ARA":37024.94,"DM_CENT":"00"}},{"arcs":[[1086,1087]],"type":"Polygon","properties":{"DM_ACC":1,"DM_BST":2,"NAM":"Sobreposición de Límites entre Estados","NGOV":"No Aplica","NM3":"","NM4":"","SAG":"Instituto Geográfico de Venezuela Simón Bolívar","TXT":"Zona de Sobreposición de Límites entre los Estados Cojedes-Portuguesa","ARA":261058.53,"DM_CENT":"00"}},{"arcs":[[1088,1089]],"type":"Polygon","properties":{"DM_ACC":1,"DM_BST":2,"NAM":"Sobreposición de Límites entre Estados","NGOV":"No Aplica","NM3":"","NM4":"","SAG":"Instituto Geográfico de Venezuela Simón Bolívar","TXT":"Zona sin Jurisdicción Territorial entre los Estados Mérida-Trujillo","ARA":4368786.59,"DM_CENT":"00"}},{"arcs":[[1090,1091]],"type":"Polygon","properties":{"DM_ACC":1,"DM_BST":2,"NAM":"Sobreposición de Límites entre Estados","NGOV":"No Aplica","NM3":"","NM4":"","SAG":"Instituto Geográfico de Venezuela Simón Bolívar","TXT":"Zona de Sobreposición de Límites entre los Estados Mérida-Trujillo","ARA":878500.06,"DM_CENT":"00"}},{"arcs":[[1092,-1075,1093,1094,1095,-10,-1066,1096,-1078,1097,1098]],"type":"Polygon","properties":{"DM_ACC":1,"DM_BST":1,"NAM":"ESTADO BARINAS","NGOV":"GACETA OFICIAL DEL ESTADO BARINAS.  LEY DE REFORMA PARCIAL  A LA LEY DE DIVISIÓN POLÍTICO TERRITORIAL DEL ESTADO BARINAS. De fecha 5 de Diciembre de 1997. Nº 101-97","NM3":"","NM4":"","SAG":"Instituto Geográfico de Venezuela Simón Bolívar","TXT":"","ARA":37019393224.6,"DM_CENT":"06"}},{"arcs":[[1099,1100]],"type":"Polygon","properties":{"DM_ACC":1,"DM_BST":2,"NAM":"Sobreposición de Límites entre Estados","NGOV":"No Aplica","NM3":"","NM4":"","SAG":"Instituto Geográfico de Venezuela Simón Bolívar","TXT":"Zona de Sobreposición de Límites entre los Estados Mérida-Trujillo","ARA":10664571.63,"DM_CENT":"00"}},{"arcs":[[1101,1102]],"type":"Polygon","properties":{"DM_ACC":1,"DM_BST":2,"NAM":"Sobreposición de Límites entre Estados","NGOV":"No Aplica","NM3":"","NM4":"","SAG":"Instituto Geográfico de Venezuela Simón Bolívar","TXT":"Zona de Sobreposición de Límites entre los Estados Mérida-Trujillo","ARA":36203510.54,"DM_CENT":"00"}},{"arcs":[[1103,1104,-1070,-1072,1105]],"type":"Polygon","properties":{"DM_ACC":1,"DM_BST":2,"NAM":"Sobreposición de Límites entre Estados","NGOV":"No Aplica","NM3":"","NM4":"","SAG":"Instituto Geográfico de Venezuela Simón Bolívar","TXT":"Zona de Sobreposición  de Lí­mites entre los Estados Mérida-Zulia","ARA":2997637110.35,"DM_CENT":"00"}},{"arcs":[[1106,1107]],"type":"Polygon","properties":{"DM_ACC":1,"DM_BST":2,"NAM":"Sobreposición de Límites entre Estados","NGOV":"No Aplica","NM3":"","NM4":"","SAG":"Instituto Geográfico de Venezuela Simón Bolívar","TXT":"Zona de Sobreposición de Límites entre los Estados Cojedes-Portuguesa","ARA":286080660.24,"DM_CENT":"00"}},{"arcs":[[1108,1109]],"type":"Polygon","properties":{"DM_ACC":1,"DM_BST":2,"NAM":"Sobreposición de Límites entre Estados","NGOV":"No Aplica","NM3":"","NM4":"","SAG":"Instituto Geográfico de Venezuela Simón Bolívar","TXT":"Zona de Sobreposición de Límites entre los Estados Cojedes-Portuguesa","ARA":1675.36,"DM_CENT":"00"}},{"arcs":[[1110,1111]],"type":"Polygon","properties":{"DM_ACC":1,"DM_BST":2,"NAM":"Sobreposición de Límites entre Estados","NGOV":"No Aplica","NM3":"","NM4":"","SAG":"Instituto Geográfico de Venezuela Simón Bolívar","TXT":"Zona de Sobreposición de Límites entre los Estados Cojedes-Portuguesa","ARA":23631.74,"DM_CENT":"00"}},{"arcs":[[1112,1113]],"type":"Polygon","properties":{"DM_ACC":1,"DM_BST":2,"NAM":"Sobreposición de Límites entre Estados","NGOV":"No Aplica","NM3":"","NM4":"","SAG":"Instituto Geográfico de Venezuela Simón Bolívar","TXT":"Zona de Sobreposición de Límites entre los Estados Cojedes-Portuguesa","ARA":4471.12,"DM_CENT":"00"}},{"arcs":[[1114,1115]],"type":"Polygon","properties":{"DM_ACC":1,"DM_BST":2,"NAM":"Sobreposición de Límites entre Estados","NGOV":"No Aplica","NM3":"","NM4":"","SAG":"Instituto Geográfico de Venezuela Simón Bolívar","TXT":"Zona de Sobreposición de Límites entre los Estados Portuguesa-Trujillo","ARA":2947109.67,"DM_CENT":"00"}},{"arcs":[[1116,1117,1118]],"type":"Polygon","properties":{"DM_ACC":1,"DM_BST":2,"NAM":"Sobreposición de Límites entre Estados","NGOV":"No Aplica","NM3":"","NM4":"","SAG":"Instituto Geográfico de Venezuela Simón Bolívar","TXT":"Zona de Sobreposición de Límites entre los Estados Lara-Trujillo","ARA":7609093.45,"DM_CENT":"00"}},{"arcs":[[1119,1120]],"type":"Polygon","properties":{"DM_ACC":1,"DM_BST":2,"NAM":"Sobreposición de Límites entre Estados","NGOV":"No Aplica","NM3":"","NM4":"","SAG":"Instituto Geográfico de Venezuela Simón Bolívar","TXT":"Zona de Sobreposición de Límites entre los Estados Lara-Portuguesa","ARA":26329498.81,"DM_CENT":"00"}},{"arcs":[[1121,1122]],"type":"Polygon","properties":{"DM_ACC":1,"DM_BST":2,"NAM":"Sobreposición de Límites entre Estados","NGOV":"No Aplica","NM3":"","NM4":"","SAG":"Instituto Geográfico de Venezuela Simón Bolívar","TXT":"Zona de Sobreposición de Límites entre los Estados Aragua-Guárico","ARA":356167210.74,"DM_CENT":"00"}},{"arcs":[[1123,1124]],"type":"Polygon","properties":{"DM_ACC":1,"DM_BST":2,"NAM":"Sobreposición de Límites entre Estados","NGOV":"No Aplica","NM3":"","NM4":"","SAG":"Instituto Geográfico de Venezuela Simón Bolívar","TXT":"Zona de Sobreposición de Límites entre los Estados Anzoátegui-Guárico","ARA":77054274.66,"DM_CENT":"00"}},{"arcs":[[1125,1126]],"type":"Polygon","properties":{"DM_ACC":1,"DM_BST":2,"NAM":"Sobreposición de Límites entre Estados","NGOV":"No Aplica","NM3":"","NM4":"","SAG":"Instituto Geográfico de Venezuela Simón Bolívar","TXT":"Zona de Sobreposición de Límites entre los Estados Lara-Portuguesa","ARA":187518064.1,"DM_CENT":"00"}},{"arcs":[[1127,1128]],"type":"Polygon","properties":{"DM_ACC":1,"DM_BST":2,"NAM":"Sobreposición de Límites entre Estados","NGOV":"No Aplica","NM3":"","NM4":"","SAG":"Instituto Geográfico de Venezuela Simón Bolívar","TXT":"Zona de Sobreposición de Límites entre los Estados Lara-Portuguesa","ARA":2304422.44,"DM_CENT":"00"}},{"arcs":[[-1129,1129,1130,-1113,-1111,-1109,-1107,-1087,-1085,-1083,-1081,1131,-1080,1132,-1094,-1076,-1093,1133,-1116,-1117,1134,-1121,1135,-1127,1136]],"type":"Polygon","properties":{"DM_ACC":1,"DM_BST":1,"NAM":"ESTADO PORTUGUESA","NGOV":"GACETA OFICIAL DEL ESTADO PORTUGUESA. LEY DE REFORMA PARCIAL DE LA LEY DE DIVISIÓN POLÍTICO TERRITORIAL DEL ESTADO PORTUGUESA. De fecha  20 de Diciembre de 1996. Nº Extraordinario","NM3":"","NM4":"","SAG":"Instituto Geográfico de Venezuela Simón Bolívar","TXT":"","ARA":17314504739.02,"DM_CENT":"18"}},{"arcs":[[1137,1138]],"type":"Polygon","properties":{"DM_ACC":1,"DM_BST":2,"NAM":"Sobreposición de Límites entre Estados","NGOV":"No Aplica","NM3":"","NM4":"","SAG":"Instituto Geográfico de Venezuela Simón Bolívar","TXT":"Zona sin Jurisdicción Territorial entre los Estados Lara-Yaracuy","ARA":5728891.64,"DM_CENT":"00"}},{"arcs":[[1139,1140]],"type":"Polygon","properties":{"DM_ACC":1,"DM_BST":2,"NAM":"Sobreposición de Límites entre Estados","NGOV":"No Aplica","NM3":"","NM4":"","SAG":"Instituto Geográfico de Venezuela Simón Bolívar","TXT":"Zona sin Jurisdicción Territorial entre los Estados Anzoátegui-Monagas","ARA":14769952.15,"DM_CENT":"00"}},{"arcs":[[1141,1142,1143]],"type":"Polygon","properties":{"DM_ACC":1,"DM_BST":2,"NAM":"Sobreposición de Límites entre Estados","NGOV":"No Aplica","NM3":"","NM4":"","SAG":"Instituto Geográfico de Venezuela Simón Bolívar","TXT":"Zona de Sobreposición de Límites entre los Estados Anzoátegui-Guárico","ARA":15852521.09,"DM_CENT":"00"}},{"arcs":[[1144,1145]],"type":"Polygon","properties":{"DM_ACC":1,"DM_BST":2,"NAM":"Sobreposición de Límites entre Estados","NGOV":"No Aplica","NM3":"","NM4":"","SAG":"Instituto Geográfico de Venezuela Simón Bolívar","TXT":"Zona de Sobreposición de Límites entre los Estados Anzoátegui-Monagas","ARA":7220798.35,"DM_CENT":"00"}},{"arcs":[[-1142,1146,-1124,1147,-11,-6,-1096,1148,1149,1150,-1122,1151,1152]],"type":"Polygon","properties":{"DM_ACC":1,"DM_BST":1,"NAM":"ESTADO GUÁRICO","NGOV":"GACETA OFICIAL  DEL ESTADO GUÁRICO.  LEY DE REFORMA PARCIAL DE LA DIVISIÓN POLÍTICO TERRITORIAL DEL ESTADO GUÁRICO. De fecha 16 de Septiembre de 1993. Nº 22 Extraordinario.","NM3":"","NM4":"","SAG":"Instituto Geográfico de Venezuela Simón Bolívar","TXT":"","ARA":65477665482.28,"DM_CENT":"12"}},{"arcs":[[1153,1154]],"type":"Polygon","properties":{"DM_ACC":1,"DM_BST":2,"NAM":"Sobreposición de Límites entre Estados","NGOV":"No Aplica","NM3":"","NM4":"","SAG":"Instituto Geográfico de Venezuela Simón Bolívar","TXT":"Zona de Sobreposición de Límites entre los Estados Lara-Yaracuy","ARA":205255436.09,"DM_CENT":"00"}},{"arcs":[[1155,1156]],"type":"Polygon","properties":{"DM_ACC":1,"DM_BST":2,"NAM":"Sobreposición de Límites entre Estados","NGOV":"No Aplica","NM3":"","NM4":"","SAG":"Instituto Geográfico de Venezuela Simón Bolívar","TXT":"Zona de Sobreposición de Límites entre los Estados Lara-Yaracuy","ARA":6771912.37,"DM_CENT":"00"}},{"arcs":[[1157,1158,1159,1160]],"type":"Polygon","properties":{"DM_ACC":1,"DM_BST":2,"NAM":"Sobreposición de Límites entre Estados","NGOV":"No Aplica","NM3":"","NM4":"","SAG":"Instituto Geográfico de Venezuela Simón Bolívar","TXT":"Zona de Sobreposición de Límites entre los Estados Lara-Trujillo","ARA":753720021.33,"DM_CENT":"00"}},{"arcs":[[-1149,-1095,-1133,-1079,-1132,-1082,-1084,-1086,-1088,-1108,-1110,-1112,-1114,-1131,1161,1162,1163]],"type":"Polygon","properties":{"DM_ACC":1,"DM_BST":1,"NAM":"ESTADO COJEDES","NGOV":"GACETA OFICIAL DEL ESTADO COJEDES.  LEY DE REFORMA PARCIAL A LA LEY DE DIVISIÓN POLÍTICO TERRITORIAL Y LA RESPECTIVA LEY DE DIVISIÓN POLÍTICO TERRITORIAL DEL ESTADO COJEDES. De fecha 30 de Diciembre de 1994. Nº Extraordinario.","NM3":"","NM4":"","SAG":"Instituto Geográfico de Venezuela Simón Bolívar","TXT":"","ARA":13971348140.65,"DM_CENT":"09"}},{"arcs":[[1164,1165]],"type":"Polygon","properties":{"DM_ACC":1,"DM_BST":2,"NAM":"Sobreposición de Límites entre Estados","NGOV":"No Aplica","NM3":"","NM4":"","SAG":"Instituto Geográfico de Venezuela Simón Bolívar","TXT":"Zona de Sobreposición de Límites entre los Estados Aragua-Carabobo","ARA":9485230.43,"DM_CENT":"00"}},{"arcs":[[1166,1167]],"type":"Polygon","properties":{"DM_ACC":1,"DM_BST":2,"NAM":"Sobreposición de Límites entre Estados","NGOV":"No Aplica","NM3":"","NM4":"","SAG":"Instituto Geográfico de Venezuela Simón Bolívar","TXT":"Zona de Sobreposición de Límites entre los Estados Lara-Yaracuy","ARA":3511248.28,"DM_CENT":"00"}},{"arcs":[[1168,1169]],"type":"Polygon","properties":{"DM_ACC":1,"DM_BST":2,"NAM":"Sobreposición de Límites entre Estados","NGOV":"No Aplica","NM3":"","NM4":"","SAG":"Instituto Geográfico de Venezuela Simón Bolívar","TXT":"Zona de Sobreposición de Límites entre los Estados Anzoátegui-Monagas","ARA":49651495.76,"DM_CENT":"00"}},{"arcs":[[1170,1171]],"type":"Polygon","properties":{"DM_ACC":1,"DM_BST":2,"NAM":"Sobreposición de Límites entre Estados","NGOV":"No Aplica","NM3":"","NM4":"","SAG":"Instituto Geográfico de Venezuela Simón Bolívar","TXT":"Zona de Sobreposición de Límites entre los Estados Lara-Yaracuy","ARA":80222824.13,"DM_CENT":"00"}},{"arcs":[[1172,1173]],"type":"Polygon","properties":{"DM_ACC":1,"DM_BST":2,"NAM":"Sobreposición de Límites entre Estados","NGOV":"No Aplica","NM3":"","NM4":"","SAG":"Instituto Geográfico de Venezuela Simón Bolívar","TXT":"Zona de Sobreposición de Límites entre los Estados Lara-Yaracuy","ARA":563710.62,"DM_CENT":"00"}},{"arcs":[[1174,1175]],"type":"Polygon","properties":{"DM_ACC":1,"DM_BST":2,"NAM":"Sobreposición de Límites entre Estados","NGOV":"No Aplica","NM3":"","NM4":"","SAG":"Instituto Geográfico de Venezuela Simón Bolívar","TXT":"Zona de Sobreposición de Límites entre los Estados Lara-Yaracuy","ARA":43172.16,"DM_CENT":"00"}},{"arcs":[[1176,1177]],"type":"Polygon","properties":{"DM_ACC":1,"DM_BST":2,"NAM":"Sobreposición de Límites entre Estados","NGOV":"No Aplica","NM3":"","NM4":"","SAG":"Instituto Geográfico de Venezuela Simón Bolívar","TXT":"Zona de Sobreposición de Límites entre los Estados Lara-Yaracuy","ARA":4258968.95,"DM_CENT":"00"}},{"arcs":[[1178,1179]],"type":"Polygon","properties":{"DM_ACC":1,"DM_BST":2,"NAM":"Sobreposición de Límites entre Estados","NGOV":"No Aplica","NM3":"","NM4":"","SAG":"Instituto Geográfico de Venezuela Simón Bolívar","TXT":"Zona sin Jurisdicción Territorial entre los Estados Aragua-Carabobo","ARA":7760052.74,"DM_CENT":"00"}},{"arcs":[[1180,1181]],"type":"Polygon","properties":{"DM_ACC":1,"DM_BST":2,"NAM":"Sobreposición de Límites entre Estados","NGOV":"No Aplica","NM3":"","NM4":"","SAG":"Instituto Geográfico de Venezuela Simón Bolívar","TXT":"Zona de Sobreposición de Límites entre los Estados Lara-Yaracuy","ARA":3389541.27,"DM_CENT":"00"}},{"arcs":[[1182,1183]],"type":"Polygon","properties":{"DM_ACC":1,"DM_BST":2,"NAM":"Sobreposición de Límites entre Estados","NGOV":"No Aplica","NM3":"","NM4":"","SAG":"Instituto Geográfico de Venezuela Simón Bolívar","TXT":"Zona de Sobreposición de Límites entre los Estados Monagas-Sucre","ARA":22495915.14,"DM_CENT":"00"}},{"arcs":[[1184,1185]],"type":"Polygon","properties":{"DM_ACC":1,"DM_BST":2,"NAM":"Sobreposición de Límites entre Estados","NGOV":"No Aplica","NM3":"","NM4":"","SAG":"Instituto Geográfico de Venezuela Simón Bolívar","TXT":"Zona de Sobreposición de Límites entre los Estados Monagas-Sucre","ARA":13556575.14,"DM_CENT":"00"}},{"arcs":[[-1144,1186,1187,1188,1189,1190,-1170,1191,-1145,1192,-1140,1193,1194,1195,-1073,1196,-12,-1148,-1125,-1147]],"type":"Polygon","properties":{"DM_ACC":1,"DM_BST":1,"NAM":"ESTADO ANZOÁTEGUI","NGOV":"GACETA OFICIAL DEL ESTADO ANZOÁTEGUI.  LEY DE REFORMA A LA LEY DE LA DIVISIÓN POLÍTICO TERRITORIAL DEL ESTADO ANZOÁTEGUI. De fecha 27 de Junio de 1995. Nº 200 Extraordinario.","NM3":"","NM4":"","SAG":"Instituto Geográfico de Venezuela Simón Bolívar","TXT":"","ARA":46572747759.27,"DM_CENT":"03"}},{"arcs":[[1197,1198]],"type":"Polygon","properties":{"DM_ACC":1,"DM_BST":2,"NAM":"Sobreposición de Límites entre Estados","NGOV":"No Aplica","NM3":"","NM4":"","SAG":"Instituto Geográfico de Venezuela Simón Bolívar","TXT":"Zona de Sobreposición de Límites entre los Estados Lara-Yaracuy","ARA":6620701.28,"DM_CENT":"00"}},{"arcs":[[1199,-1161,1200,1201]],"type":"Polygon","properties":{"DM_ACC":1,"DM_BST":2,"NAM":"Sobreposición de Límites entre Estados","NGOV":"No Aplica","NM3":"","NM4":"","SAG":"Instituto Geográfico de Venezuela Simón Bolívar","TXT":"Zona de Sobreposición de Límites entre los Estados Lara-Zulia","ARA":815490345.65,"DM_CENT":"00"}},{"arcs":[[1202,1203,1204,1205,1206]],"type":"Polygon","properties":{"DM_ACC":1,"DM_BST":1,"NAM":"ESTADO MONAGAS","NGOV":"GACETA OFICIAL DEL ESTADO  MONAGAS. REFORMA  PARCIAL  DE LA LEY DE DIVISIÓN POLÍTICO TERRITORIAL  DEL  ESTADO  MONAGAS. De  fecha  29 de  Julio  de 1998. Nº Extraordinario.","NM3":"","NM4":"","SAG":"Instituto Geográfico de Venezuela Simón Bolívar","TXT":"","ARA":27929290887.38,"DM_CENT":"16"}},{"arcs":[[1207,1208]],"type":"Polygon","properties":{"DM_ACC":1,"DM_BST":2,"NAM":"Sobreposición de Límites entre Estados","NGOV":"No Aplica","NM3":"","NM4":"","SAG":"Instituto Geográfico de Venezuela Simón Bolívar","TXT":"Zona de Sobreposición de Límites entre los Estados Lara-Yaracuy","ARA":4836037,"DM_CENT":"00"}},{"arcs":[[1209,1210,1211,1212,1213,1214,-1152,-1123,-1151,1215,-1166,-1180,1216]],"type":"Polygon","properties":{"DM_ACC":1,"DM_BST":1,"NAM":"ESTADO ARAGUA","NGOV":"GACETA OFICIAL DEL ESTADO ARAGUA.  LEY DE REFORMA PARCIAL A LA LEY  DE DIVISIÓN POLÍTICO TERRITORIAL DEL ESTADO ARAGUA. De fecha  22 de Julio de 1.999. Nº Extraordinario.","NM3":"","NM4":"","SAG":"Instituto Geográfico de Venezuela Simón Bolívar","TXT":"","ARA":6929988668.06,"DM_CENT":"05"}},{"arcs":[[-1202,1217,1218,1219]],"type":"Polygon","properties":{"DM_ACC":1,"DM_BST":2,"NAM":"Sobreposición de Límites entre Estados","NGOV":"No Aplica","NM3":"","NM4":"","SAG":"Instituto Geográfico de Venezuela Simón Bolívar","TXT":"Zona de Sobreposición de Límites entre los Estados Falcón-Lara","ARA":627897734.7,"DM_CENT":"00"}},{"arcs":[[1220,1221]],"type":"Polygon","properties":{"DM_ACC":1,"DM_BST":1,"NAM":"DISTRITO CAPITAL","NGOV":"GACETA OFICIAL DE LA REPÚBLICA BOLIVARIANA DE VENEZUELA, Nº 36860 DE FECHA 30 DE DICIEMBRE DE 1999. CAPÍTULO II, ARTÍCULO 16.","NM3":"","NM4":"","SAG":"Instituto Geográfico de Venezuela Simón Bolívar","TXT":"","ARA":381799160.81,"DM_CENT":"01"}},{"arcs":[[1222,1223,-1217,-1179,-1165,-1216,-1150,-1164,1224]],"type":"Polygon","properties":{"DM_ACC":1,"DM_BST":1,"NAM":"ESTADO CARABOBO","NGOV":"GACETA OFICIAL  DEL ESTADO CARABOBO. LEY DE REFORMA PARCIAL DE LA DIVISIÓN POLÍTICO TERRITORIAL DEL ESTADO CARABOBO. De fecha 16 de Enero de 1994. Nº 494 EXTRAORDINARIO.","NM3":"","NM4":"","SAG":"Instituto Geográfico de Venezuela Simón Bolívar","TXT":"","ARA":5191413383.17,"DM_CENT":"08"}},{"arcs":[[1225,-1221,1226,1227,1228,1229,-1187,-1143,-1153,-1215]],"type":"Polygon","properties":{"DM_ACC":1,"DM_BST":1,"NAM":"ESTADO BOLIVARIANO MIRANDA","NGOV":"GACETA OFICIAL DEL ESTADO MIRANDA. LEY DE DIVISIÓN POLÍTICO TERRITORIAL DEL ESTADO MIRANDA. Nº Extraordinario, de fecha 28 de Junio de 2004.","NM3":"","NM4":"","SAG":"Instituto Geográfico de Venezuela Simón Bolívar","TXT":"","ARA":9005507228.98,"DM_CENT":"15"}},{"arcs":[[1230,1231]],"type":"Polygon","properties":{"DM_ACC":1,"DM_BST":2,"NAM":"Sobreposición de Límites entre Estados","NGOV":"No Aplica","NM3":"","NM4":"","SAG":"Instituto Geográfico de Venezuela Simón Bolívar","TXT":"Zona de Sobreposición de Límites entre los Estados Falcón-Lara","ARA":48821037.07,"DM_CENT":"00"}},{"arcs":[[-1231,1232,1233,-1208,-1198,-1182,-1176,-1173,-1178,-1171,-1167,-1156,1234,-1138,1235,-1154,1236,-1162,-1130,-1128,-1137,-1126,-1136,-1120,-1135,-1119,1237,-1158,-1200,-1220,1238]],"type":"Polygon","properties":{"DM_ACC":1,"DM_BST":1,"NAM":"ESTADO LARA","NGOV":"GACETA OFICIAL  DEL ESTADO LARA. REFORMA PARCIAL A LA LEY DE DEMARCACIÓN POLÍTICO TERRITORIAL DEL ESTADO LARA. De fecha  11 de Junio de 1998. Nº 701 Extraordinario.","NM3":"","NM4":"","SAG":"Instituto Geográfico de Venezuela Simón Bolívar","TXT":"","ARA":18573530979.71,"DM_CENT":"13"}},{"arcs":[[-1225,-1163,-1237,-1155,-1236,-1139,-1235,-1157,-1168,-1172,-1177,-1174,-1175,-1181,-1199,-1209,-1234,1239,1240]],"type":"Polygon","properties":{"DM_ACC":1,"DM_BST":1,"NAM":"ESTADO YARACUY","NGOV":"GACETA OFICIAL DEL ESTADO YARACUY. LA LEY DE DIVISIÓN POLÍTICO TERRITORIAL DEL ESTADO YARACUY. De fecha  05 de Noviembre de 1993. Nº 1892 Extraordinaria.","NM3":"","NM4":"","SAG":"Instituto Geográfico de Venezuela Simón Bolívar","TXT":"","ARA":5951247864.99,"DM_CENT":"22"}},{"arcs":[[-1223,-1241,1241]],"type":"Polygon","properties":{"DM_ACC":1,"DM_BST":2,"NAM":"Sobreposición de Límites entre Estados","NGOV":"No Aplica","NM3":"","NM4":"","SAG":"Instituto Geográfico de Venezuela Simón Bolívar","TXT":"Zona de Sobreposición de Lí­mites entre los Estados Falcón-Yaracuy","ARA":226440211.99,"DM_CENT":"00"}},{"arcs":[[1242,-1185,1243,-1184,1244,-1191]],"type":"Polygon","properties":{"DM_ACC":1,"DM_BST":1,"NAM":"ESTADO SUCRE","NGOV":"GACETA OFICIAL DEL ESTADO SUCRE. LEY DE DIVISIÓN POLÍTICO TERRITORIAL DEL ESTADO SUCRE. Nº 506  Extraordinaria de fecha  24 de Mayo del 2002","NM3":"","NM4":"","SAG":"Instituto Geográfico de Venezuela Simón Bolívar","TXT":"","ARA":11198465626.81,"DM_CENT":"19"}},{"arcs":[[1245,-1242,-1240,-1233,-1232,-1239,-1219,1246]],"type":"Polygon","properties":{"DM_ACC":1,"DM_BST":1,"NAM":"ESTADO FALCÓN","NGOV":"GACETA OFICIAL DEL ESTADO FALCÓN.  LEY DE REFORMA A LA LEY DE DIVISIÓN POLÍTICO TERRITORIAL DEL ESTADO FALCÓN. De fecha 18 de Diciembre de 1993. Nº Extraordinario.","NM3":"","NM4":"","SAG":"Instituto Geográfico de Venezuela Simón Bolívar","TXT":"","ARA":27637556679.07,"DM_CENT":"11"}},{"arcs":[[1247,1248,1249,1250,-1102,1251,-1100,1252,-1091,1253,-1089,1254,-1098,-1077,-1097,-1065,-5,-1064,-1105]],"type":"Polygon","properties":{"DM_ACC":1,"DM_BST":1,"NAM":"ESTADO MÉRIDA","NGOV":"GACETA OFICIAL  DEL ESTADO MÉRIDA. LEY DE REFORMA  PARCIAL  DE  LA LEY DE DIVISIÓN POLÍTICO TERRITORIAL DEL ESTADO MÉRIDA. Nº  89 Extraordinario, de fecha 29 de Junio de 1998.","NM3":"","NM4":"","SAG":"Instituto Geográfico de Venezuela Simón Bolívar","TXT":"","ARA":11091858129.42,"DM_CENT":"14"}},{"arcs":[[1255,1256,1257,-1249]],"type":"Polygon","properties":{"DM_ACC":1,"DM_BST":2,"NAM":"Sobreposición de Límites entre Estados","NGOV":"No Aplica","NM3":"","NM4":"","SAG":"Instituto Geográfico de Venezuela Simón Bolívar","TXT":"Zona de Sobreposición de Límites entre los Estados Mérida-Zulia","ARA":570457615.22,"DM_CENT":"00"}},{"arcs":[[1258,-1229,1259,-1227,-1222,-1226,-1214,1260,-1212,1261]],"type":"Polygon","properties":{"DM_ACC":1,"DM_BST":1,"NAM":"ESTADO LA GUAIRA","NGOV":"GACETA OFICIAL  DEL ESTADO VARGAS. REFORMA DE LEY DE LA DIVISIÓN POLÍTICO TERRITORIAL  DEL  ESTADO VARGAS.  De fecha  3 de Julio de 1998. Nº 36.488. Cambio de nombre a estado \"La Guaira\" por el Consejo Legislativo del Estado Vargas (06/06/2019).","NM3":"","NM4":"","SAG":"Instituto Geográfico de Venezuela Simón Bolívar","TXT":"","ARA":1190038905.13,"DM_CENT":"24"}},{"arcs":[[1262,1263,-1159,-1238,-1118,-1115,-1134,-1099,-1255,-1090,-1254,-1092,-1253,-1101,-1252,-1103,-1251,1264,-1257,1265]],"type":"Polygon","properties":{"DM_ACC":1,"DM_BST":1,"NAM":"ESTADO TRUJILLO","NGOV":"GACETA OFICIAL DEL ESTADO TRUJILLO. REFORMA PARCIAL DE LA LEY DE DIVISIÓN POLÍTICO TERRITORIAL DEL ESTADO TRUJILLO. De fecha  03 de Julio de 1996. Nº Extraordinaria.","NM3":"","NM4":"","SAG":"Instituto Geográfico de Venezuela Simón Bolívar","TXT":"","ARA":7626144875.73,"DM_CENT":"21"}},{"arcs":[[1266,-1263,1267]],"type":"Polygon","properties":{"DM_ACC":1,"DM_BST":2,"NAM":"Sobreposición de Límites entre Estados","NGOV":"No Aplica","NM3":"","NM4":"","SAG":"Instituto Geográfico de Venezuela Simón Bolívar","TXT":"Zona de Sobreposición de Límites entre los Estados Trujillo-Zulia","ARA":417277671.58,"DM_CENT":"00"}},{"arcs":[[[-1106,-1071,-1068,1268]],[[-1247,-1218,-1201,-1160,-1264,-1267,1269]]],"type":"MultiPolygon","properties":{"DM_ACC":1,"DM_BST":1,"NAM":"ESTADO ZULIA","NGOV":"GACETA OFICIAL  DEL ESTADO ZULIA. LEY DE REFORMA PARCIAL DE LA LEY DE DIVISIÓN POLÍTICO TERRITORIAL DEL ESTADO ZULIA. Extraordinaria N° 1.349 de fecha 25 de Noviembre de 2009","NM3":"","NM4":"","SAG":"Instituto Geográfico de Venezuela Simón Bolívar","TXT":"","ARA":40671170223.87,"DM_CENT":"23"}},{"arcs":[[[1270]],[[1271]],[[1272]],[[1273]],[[1274]],[[1275]],[[1276]]],"type":"MultiPolygon","properties":{"DM_ACC":1,"DM_BST":1,"NAM":"ESTADO NUEVA ESPARTA","NGOV":"GACETA OFICIAL  DEL ESTADO NUEVA ESPARTA. LEY DE REFORMA PARCIAL DE LA  DIVISIÓN POLÍTICO TERRITORIAL DEL ESTADO NUEVA ESPARTA. De fecha 19 de Septiembre de 1990. Nº Extraordinario","NM3":"","NM4":"","SAG":"Instituto Geográfico de Venezuela Simón Bolívar","TXT":"","ARA":1026123534.85,"DM_CENT":"17"}},{"arcs":[[1277]],"type":"Polygon","properties":{"DM_ACC":1,"DM_BST":1,"NAM":"","NGOV":"LA CONSTITUCIÓN DE LA REPÚBLICA BOLIVARIANA DE VENEZUELA 1999, CONFORME A LA GACETA OFICIAL Nº 5453 EXTRAORDINARIA, DEL 24 DE MARZO DE 2000","NM3":"","NM4":"","SAG":"Instituto Geográfico de Venezuela Simón Bolívar","TXT":"","ARA":537557.99,"DM_CENT":"25"}},{"arcs":[[1278]],"type":"Polygon","properties":{"DM_ACC":1,"DM_BST":1,"NAM":"","NGOV":"LA CONSTITUCIÓN DE LA REPÚBLICA BOLIVARIANA DE VENEZUELA 1999, CONFORME A LA GACETA OFICIAL Nº 5453 EXTRAORDINARIA, DEL 24 DE MARZO DE 2000","NM3":"","NM4":"","SAG":"Instituto Geográfico de Venezuela Simón Bolívar","TXT":"","ARA":640676.99,"DM_CENT":"25"}},{"arcs":[[1279]],"type":"Polygon","properties":{"DM_ACC":1,"DM_BST":1,"NAM":"","NGOV":"LA CONSTITUCIÓN DE LA REPÚBLICA BOLIVARIANA DE VENEZUELA 1999, CONFORME A LA GACETA OFICIAL Nº 5453 EXTRAORDINARIA, DEL 24 DE MARZO DE 2000","NM3":"","NM4":"","SAG":"Instituto Geográfico de Venezuela Simón Bolívar","TXT":"","ARA":152349.07,"DM_CENT":"25"}},{"type":null,"properties":{"DM_ACC":1,"DM_BST":1,"NAM":"","NGOV":"LA CONSTITUCIÓN DE LA REPÚBLICA BOLIVARIANA DE VENEZUELA 1999, CONFORME A LA GACETA OFICIAL Nº 5453 EXTRAORDINARIA, DEL 24 DE MARZO DE 2000","NM3":"","NM4":"","SAG":"Instituto Geográfico de Venezuela Simón Bolívar","TXT":"","ARA":98761.56,"DM_CENT":"25"}},{"type":null,"properties":{"DM_ACC":1,"DM_BST":1,"NAM":"","NGOV":"LA CONSTITUCIÓN DE LA REPÚBLICA BOLIVARIANA DE VENEZUELA 1999, CONFORME A LA GACETA OFICIAL Nº 5453 EXTRAORDINARIA, DEL 24 DE MARZO DE 2000","NM3":"","NM4":"","SAG":"Instituto Geográfico de Venezuela Simón Bolívar","TXT":"","ARA":4286.96,"DM_CENT":"25"}},{"type":null,"properties":{"DM_ACC":1,"DM_BST":1,"NAM":"","NGOV":"LA CONSTITUCIÓN DE LA REPÚBLICA BOLIVARIANA DE VENEZUELA 1999, CONFORME A LA GACETA OFICIAL Nº 5453 EXTRAORDINARIA, DEL 24 DE MARZO DE 2000","NM3":"","NM4":"","SAG":"Instituto Geográfico de Venezuela Simón Bolívar","TXT":"","ARA":37384.68,"DM_CENT":"25"}},{"type":null,"properties":{"DM_ACC":1,"DM_BST":1,"NAM":"","NGOV":"LA CONSTITUCIÓN DE LA REPÚBLICA BOLIVARIANA DE VENEZUELA 1999, CONFORME A LA GACETA OFICIAL Nº 5453 EXTRAORDINARIA, DEL 24 DE MARZO DE 2000","NM3":"","NM4":"","SAG":"Instituto Geográfico de Venezuela Simón Bolívar","TXT":"","ARA":62768.84,"DM_CENT":"25"}},{"type":null,"properties":{"DM_ACC":1,"DM_BST":1,"NAM":"","NGOV":"LA CONSTITUCIÓN DE LA REPÚBLICA BOLIVARIANA DE VENEZUELA 1999, CONFORME A LA GACETA OFICIAL Nº 5453 EXTRAORDINARIA, DEL 24 DE MARZO DE 2000","NM3":"","NM4":"","SAG":"Instituto Geográfico de Venezuela Simón Bolívar","TXT":"","ARA":72393.67,"DM_CENT":"25"}},{"type":null,"properties":{"DM_ACC":1,"DM_BST":1,"NAM":"","NGOV":"LA CONSTITUCIÓN DE LA REPÚBLICA BOLIVARIANA DE VENEZUELA 1999, CONFORME A LA GACETA OFICIAL Nº 5453 EXTRAORDINARIA, DEL 24 DE MARZO DE 2000","NM3":"","NM4":"","SAG":"Instituto Geográfico de Venezuela Simón Bolívar","TXT":"","ARA":6042.93,"DM_CENT":"25"}},{"arcs":[[1280]],"type":"Polygon","properties":{"DM_ACC":1,"DM_BST":1,"NAM":"","NGOV":"LA CONSTITUCIÓN DE LA REPÚBLICA BOLIVARIANA DE VENEZUELA 1999, CONFORME A LA GACETA OFICIAL Nº 5453 EXTRAORDINARIA, DEL 24 DE MARZO DE 2000","NM3":"","NM4":"","SAG":"Instituto Geográfico de Venezuela Simón Bolívar","TXT":"","ARA":372562.36,"DM_CENT":"25"}},{"arcs":[[1281]],"type":"Polygon","properties":{"DM_ACC":1,"DM_BST":1,"NAM":"","NGOV":"LA CONSTITUCIÓN DE LA REPÚBLICA BOLIVARIANA DE VENEZUELA 1999, CONFORME A LA GACETA OFICIAL Nº 5453 EXTRAORDINARIA, DEL 24 DE MARZO DE 2000","NM3":"","NM4":"","SAG":"Instituto Geográfico de Venezuela Simón Bolívar","TXT":"","ARA":360379.09,"DM_CENT":"25"}},{"arcs":[[1282]],"type":"Polygon","properties":{"DM_ACC":1,"DM_BST":1,"NAM":"","NGOV":"LA CONSTITUCIÓN DE LA REPÚBLICA BOLIVARIANA DE VENEZUELA 1999, CONFORME A LA GACETA OFICIAL Nº 5453 EXTRAORDINARIA, DEL 24 DE MARZO DE 2000","NM3":"","NM4":"","SAG":"Instituto Geográfico de Venezuela Simón Bolívar","TXT":"","ARA":220592,"DM_CENT":"25"}},{"type":null,"properties":{"DM_ACC":1,"DM_BST":1,"NAM":"","NGOV":"LA CONSTITUCIÓN DE LA REPÚBLICA BOLIVARIANA DE VENEZUELA 1999, CONFORME A LA GACETA OFICIAL Nº 5453 EXTRAORDINARIA, DEL 24 DE MARZO DE 2000","NM3":"","NM4":"","SAG":"Instituto Geográfico de Venezuela Simón Bolívar","TXT":"","ARA":23032.34,"DM_CENT":"25"}},{"arcs":[[1283]],"type":"Polygon","properties":{"DM_ACC":1,"DM_BST":1,"NAM":"","NGOV":"LA CONSTITUCIÓN DE LA REPÚBLICA BOLIVARIANA DE VENEZUELA 1999, CONFORME A LA GACETA OFICIAL Nº 5453 EXTRAORDINARIA, DEL 24 DE MARZO DE 2000","NM3":"","NM4":"","SAG":"Instituto Geográfico de Venezuela Simón Bolívar","TXT":"","ARA":1086602.76,"DM_CENT":"25"}},{"arcs":[[1284]],"type":"Polygon","properties":{"DM_ACC":1,"DM_BST":1,"NAM":"","NGOV":"LA CONSTITUCIÓN DE LA REPÚBLICA BOLIVARIANA DE VENEZUELA 1999, CONFORME A LA GACETA OFICIAL Nº 5453 EXTRAORDINARIA, DEL 24 DE MARZO DE 2000","NM3":"","NM4":"","SAG":"Instituto Geográfico de Venezuela Simón Bolívar","TXT":"","ARA":3198787.35,"DM_CENT":"25"}},{"arcs":[[1285]],"type":"Polygon","properties":{"DM_ACC":1,"DM_BST":1,"NAM":"","NGOV":"LA CONSTITUCIÓN DE LA REPÚBLICA BOLIVARIANA DE VENEZUELA 1999, CONFORME A LA GACETA OFICIAL Nº 5453 EXTRAORDINARIA, DEL 24 DE MARZO DE 2000","NM3":"","NM4":"","SAG":"Instituto Geográfico de Venezuela Simón Bolívar","TXT":"","ARA":3631139.84,"DM_CENT":"25"}},{"arcs":[[1286]],"type":"Polygon","properties":{"DM_ACC":1,"DM_BST":1,"NAM":"","NGOV":"LA CONSTITUCIÓN DE LA REPÚBLICA BOLIVARIANA DE VENEZUELA 1999, CONFORME A LA GACETA OFICIAL Nº 5453 EXTRAORDINARIA, DEL 24 DE MARZO DE 2000","NM3":"","NM4":"","SAG":"Instituto Geográfico de Venezuela Simón Bolívar","TXT":"","ARA":3083000.93,"DM_CENT":"25"}},{"type":null,"properties":{"DM_ACC":1,"DM_BST":1,"NAM":"","NGOV":"LA CONSTITUCIÓN DE LA REPÚBLICA BOLIVARIANA DE VENEZUELA 1999, CONFORME A LA GACETA OFICIAL Nº 5453 EXTRAORDINARIA, DEL 24 DE MARZO DE 2000","NM3":"","NM4":"","SAG":"Instituto Geográfico de Venezuela Simón Bolívar","TXT":"","ARA":14218.45,"DM_CENT":"25"}},{"type":null,"properties":{"DM_ACC":1,"DM_BST":1,"NAM":"","NGOV":"LA CONSTITUCIÓN DE LA REPÚBLICA BOLIVARIANA DE VENEZUELA 1999, CONFORME A LA GACETA OFICIAL Nº 5453 EXTRAORDINARIA, DEL 24 DE MARZO DE 2000","NM3":"","NM4":"","SAG":"Instituto Geográfico de Venezuela Simón Bolívar","TXT":"","ARA":1366.91,"DM_CENT":"25"}},{"type":null,"properties":{"DM_ACC":1,"DM_BST":1,"NAM":"","NGOV":"LA CONSTITUCIÓN DE LA REPÚBLICA BOLIVARIANA DE VENEZUELA 1999, CONFORME A LA GACETA OFICIAL Nº 5453 EXTRAORDINARIA, DEL 24 DE MARZO DE 2000","NM3":"","NM4":"","SAG":"Instituto Geográfico de Venezuela Simón Bolívar","TXT":"","ARA":22563.04,"DM_CENT":"25"}},{"arcs":[[1287]],"type":"Polygon","properties":{"DM_ACC":1,"DM_BST":1,"NAM":"","NGOV":"LA CONSTITUCIÓN DE LA REPÚBLICA BOLIVARIANA DE VENEZUELA 1999, CONFORME A LA GACETA OFICIAL Nº 5453 EXTRAORDINARIA, DEL 24 DE MARZO DE 2000","NM3":"","NM4":"","SAG":"Instituto Geográfico de Venezuela Simón Bolívar","TXT":"","ARA":14958883.18,"DM_CENT":"25"}},{"type":null,"properties":{"DM_ACC":1,"DM_BST":1,"NAM":"","NGOV":"LA CONSTITUCIÓN DE LA REPÚBLICA BOLIVARIANA DE VENEZUELA 1999, CONFORME A LA GACETA OFICIAL Nº 5453 EXTRAORDINARIA, DEL 24 DE MARZO DE 2000","NM3":"","NM4":"","SAG":"Instituto Geográfico de Venezuela Simón Bolívar","TXT":"","ARA":216221.9,"DM_CENT":"25"}},{"arcs":[[1288]],"type":"Polygon","properties":{"DM_ACC":1,"DM_BST":1,"NAM":"","NGOV":"LA CONSTITUCIÓN DE LA REPÚBLICA BOLIVARIANA DE VENEZUELA 1999, CONFORME A LA GACETA OFICIAL Nº 5453 EXTRAORDINARIA, DEL 24 DE MARZO DE 2000","NM3":"","NM4":"","SAG":"Instituto Geográfico de Venezuela Simón Bolívar","TXT":"","ARA":3556154.84,"DM_CENT":"25"}},{"arcs":[[1289]],"type":"Polygon","properties":{"DM_ACC":1,"DM_BST":1,"NAM":"","NGOV":"LA CONSTITUCIÓN DE LA REPÚBLICA BOLIVARIANA DE VENEZUELA 1999, CONFORME A LA GACETA OFICIAL Nº 5453 EXTRAORDINARIA, DEL 24 DE MARZO DE 2000","NM3":"","NM4":"","SAG":"Instituto Geográfico de Venezuela Simón Bolívar","TXT":"","ARA":45393332.78,"DM_CENT":"25"}},{"arcs":[[1290]],"type":"Polygon","properties":{"DM_ACC":1,"DM_BST":1,"NAM":"","NGOV":"LA CONSTITUCIÓN DE LA REPÚBLICA BOLIVARIANA DE VENEZUELA 1999, CONFORME A LA GACETA OFICIAL Nº 5453 EXTRAORDINARIA, DEL 24 DE MARZO DE 2000","NM3":"","NM4":"","SAG":"Instituto Geográfico de Venezuela Simón Bolívar","TXT":"","ARA":2273084.71,"DM_CENT":"25"}},{"arcs":[[1291]],"type":"Polygon","properties":{"DM_ACC":1,"DM_BST":1,"NAM":"","NGOV":"LA CONSTITUCIÓN DE LA REPÚBLICA BOLIVARIANA DE VENEZUELA 1999, CONFORME A LA GACETA OFICIAL Nº 5453 EXTRAORDINARIA, DEL 24 DE MARZO DE 2000","NM3":"","NM4":"","SAG":"Instituto Geográfico de Venezuela Simón Bolívar","TXT":"","ARA":2590597.42,"DM_CENT":"25"}},{"type":null,"properties":{"DM_ACC":1,"DM_BST":1,"NAM":"","NGOV":"LA CONSTITUCIÓN DE LA REPÚBLICA BOLIVARIANA DE VENEZUELA 1999, CONFORME A LA GACETA OFICIAL Nº 5453 EXTRAORDINARIA, DEL 24 DE MARZO DE 2000","NM3":"","NM4":"","SAG":"Instituto Geográfico de Venezuela Simón Bolívar","TXT":"","ARA":70395.25,"DM_CENT":"25"}},{"type":null,"properties":{"DM_ACC":1,"DM_BST":1,"NAM":"","NGOV":"LA CONSTITUCIÓN DE LA REPÚBLICA BOLIVARIANA DE VENEZUELA 1999, CONFORME A LA GACETA OFICIAL Nº 5453 EXTRAORDINARIA, DEL 24 DE MARZO DE 2000","NM3":"","NM4":"","SAG":"Instituto Geográfico de Venezuela Simón Bolívar","TXT":"","ARA":5628.89,"DM_CENT":"25"}},{"type":null,"properties":{"DM_ACC":1,"DM_BST":1,"NAM":"","NGOV":"LA CONSTITUCIÓN DE LA REPÚBLICA BOLIVARIANA DE VENEZUELA 1999, CONFORME A LA GACETA OFICIAL Nº 5453 EXTRAORDINARIA, DEL 24 DE MARZO DE 2000","NM3":"","NM4":"","SAG":"Instituto Geográfico de Venezuela Simón Bolívar","TXT":"","ARA":20446.53,"DM_CENT":"25"}},{"type":null,"properties":{"DM_ACC":1,"DM_BST":1,"NAM":"","NGOV":"LA CONSTITUCIÓN DE LA REPÚBLICA BOLIVARIANA DE VENEZUELA 1999, CONFORME A LA GACETA OFICIAL Nº 5453 EXTRAORDINARIA, DEL 24 DE MARZO DE 2000","NM3":"","NM4":"","SAG":"Instituto Geográfico de Venezuela Simón Bolívar","TXT":"","ARA":34977.35,"DM_CENT":"25"}},{"type":null,"properties":{"DM_ACC":1,"DM_BST":1,"NAM":"","NGOV":"LA CONSTITUCIÓN DE LA REPÚBLICA BOLIVARIANA DE VENEZUELA 1999, CONFORME A LA GACETA OFICIAL Nº 5453 EXTRAORDINARIA, DEL 24 DE MARZO DE 2000","NM3":"","NM4":"","SAG":"Instituto Geográfico de Venezuela Simón Bolívar","TXT":"","ARA":62652.9,"DM_CENT":"25"}},{"type":null,"properties":{"DM_ACC":1,"DM_BST":1,"NAM":"","NGOV":"LA CONSTITUCIÓN DE LA REPÚBLICA BOLIVARIANA DE VENEZUELA 1999, CONFORME A LA GACETA OFICIAL Nº 5453 EXTRAORDINARIA, DEL 24 DE MARZO DE 2000","NM3":"","NM4":"","SAG":"Instituto Geográfico de Venezuela Simón Bolívar","TXT":"","ARA":48775.41,"DM_CENT":"25"}},{"type":null,"properties":{"DM_ACC":1,"DM_BST":1,"NAM":"","NGOV":"LA CONSTITUCIÓN DE LA REPÚBLICA BOLIVARIANA DE VENEZUELA 1999, CONFORME A LA GACETA OFICIAL Nº 5453 EXTRAORDINARIA, DEL 24 DE MARZO DE 2000","NM3":"","NM4":"","SAG":"Instituto Geográfico de Venezuela Simón Bolívar","TXT":"","ARA":6983.27,"DM_CENT":"25"}},{"type":null,"properties":{"DM_ACC":1,"DM_BST":1,"NAM":"","NGOV":"LA CONSTITUCIÓN DE LA REPÚBLICA BOLIVARIANA DE VENEZUELA 1999, CONFORME A LA GACETA OFICIAL Nº 5453 EXTRAORDINARIA, DEL 24 DE MARZO DE 2000","NM3":"","NM4":"","SAG":"Instituto Geográfico de Venezuela Simón Bolívar","TXT":"","ARA":32356.35,"DM_CENT":"25"}},{"type":null,"properties":{"DM_ACC":1,"DM_BST":1,"NAM":"","NGOV":"LA CONSTITUCIÓN DE LA REPÚBLICA BOLIVARIANA DE VENEZUELA 1999, CONFORME A LA GACETA OFICIAL Nº 5453 EXTRAORDINARIA, DEL 24 DE MARZO DE 2000","NM3":"","NM4":"","SAG":"Instituto Geográfico de Venezuela Simón Bolívar","TXT":"","ARA":10091.77,"DM_CENT":"25"}},{"arcs":[[1292]],"type":"Polygon","properties":{"DM_ACC":1,"DM_BST":1,"NAM":"","NGOV":"LA CONSTITUCIÓN DE LA REPÚBLICA BOLIVARIANA DE VENEZUELA 1999, CONFORME A LA GACETA OFICIAL Nº 5453 EXTRAORDINARIA, DEL 24 DE MARZO DE 2000","NM3":"","NM4":"","SAG":"Instituto Geográfico de Venezuela Simón Bolívar","TXT":"","ARA":214790.31,"DM_CENT":"25"}},{"type":null,"properties":{"DM_ACC":1,"DM_BST":1,"NAM":"","NGOV":"LA CONSTITUCIÓN DE LA REPÚBLICA BOLIVARIANA DE VENEZUELA 1999, CONFORME A LA GACETA OFICIAL Nº 5453 EXTRAORDINARIA, DEL 24 DE MARZO DE 2000","NM3":"","NM4":"","SAG":"Instituto Geográfico de Venezuela Simón Bolívar","TXT":"","ARA":13256.25,"DM_CENT":"25"}},{"arcs":[[1293]],"type":"Polygon","properties":{"DM_ACC":1,"DM_BST":1,"NAM":"","NGOV":"LA CONSTITUCIÓN DE LA REPÚBLICA BOLIVARIANA DE VENEZUELA 1999, CONFORME A LA GACETA OFICIAL Nº 5453 EXTRAORDINARIA, DEL 24 DE MARZO DE 2000","NM3":"","NM4":"","SAG":"Instituto Geográfico de Venezuela Simón Bolívar","TXT":"","ARA":403068.86,"DM_CENT":"25"}},{"type":null,"properties":{"DM_ACC":1,"DM_BST":1,"NAM":"","NGOV":"LA CONSTITUCIÓN DE LA REPÚBLICA BOLIVARIANA DE VENEZUELA 1999, CONFORME A LA GACETA OFICIAL Nº 5453 EXTRAORDINARIA, DEL 24 DE MARZO DE 2000","NM3":"","NM4":"","SAG":"Instituto Geográfico de Venezuela Simón Bolívar","TXT":"","ARA":278072.03,"DM_CENT":"25"}},{"arcs":[[1294]],"type":"Polygon","properties":{"DM_ACC":1,"DM_BST":1,"NAM":"","NGOV":"LA CONSTITUCIÓN DE LA REPÚBLICA BOLIVARIANA DE VENEZUELA 1999, CONFORME A LA GACETA OFICIAL Nº 5453 EXTRAORDINARIA, DEL 24 DE MARZO DE 2000","NM3":"","NM4":"","SAG":"Instituto Geográfico de Venezuela Simón Bolívar","TXT":"","ARA":2093697.03,"DM_CENT":"25"}},{"arcs":[[1295]],"type":"Polygon","properties":{"DM_ACC":1,"DM_BST":1,"NAM":"","NGOV":"LA CONSTITUCIÓN DE LA REPÚBLICA BOLIVARIANA DE VENEZUELA 1999, CONFORME A LA GACETA OFICIAL Nº 5453 EXTRAORDINARIA, DEL 24 DE MARZO DE 2000","NM3":"","NM4":"","SAG":"Instituto Geográfico de Venezuela Simón Bolívar","TXT":"","ARA":2267082.94,"DM_CENT":"25"}},{"type":null,"properties":{"DM_ACC":1,"DM_BST":1,"NAM":"","NGOV":"LA CONSTITUCIÓN DE LA REPÚBLICA BOLIVARIANA DE VENEZUELA 1999, CONFORME A LA GACETA OFICIAL Nº 5453 EXTRAORDINARIA, DEL 24 DE MARZO DE 2000","NM3":"","NM4":"","SAG":"Instituto Geográfico de Venezuela Simón Bolívar","TXT":"","ARA":41319.63,"DM_CENT":"25"}},{"type":null,"properties":{"DM_ACC":1,"DM_BST":1,"NAM":"","NGOV":"LA CONSTITUCIÓN DE LA REPÚBLICA BOLIVARIANA DE VENEZUELA 1999, CONFORME A LA GACETA OFICIAL Nº 5453 EXTRAORDINARIA, DEL 24 DE MARZO DE 2000","NM3":"","NM4":"","SAG":"Instituto Geográfico de Venezuela Simón Bolívar","TXT":"","ARA":11657.65,"DM_CENT":"25"}},{"type":null,"properties":{"DM_ACC":1,"DM_BST":1,"NAM":"","NGOV":"LA CONSTITUCIÓN DE LA REPÚBLICA BOLIVARIANA DE VENEZUELA 1999, CONFORME A LA GACETA OFICIAL Nº 5453 EXTRAORDINARIA, DEL 24 DE MARZO DE 2000","NM3":"","NM4":"","SAG":"Instituto Geográfico de Venezuela Simón Bolívar","TXT":"","ARA":3581.86,"DM_CENT":"25"}},{"type":null,"properties":{"DM_ACC":1,"DM_BST":1,"NAM":"","NGOV":"LA CONSTITUCIÓN DE LA REPÚBLICA BOLIVARIANA DE VENEZUELA 1999, CONFORME A LA GACETA OFICIAL Nº 5453 EXTRAORDINARIA, DEL 24 DE MARZO DE 2000","NM3":"","NM4":"","SAG":"Instituto Geográfico de Venezuela Simón Bolívar","TXT":"","ARA":12014.72,"DM_CENT":"25"}},{"arcs":[[1296]],"type":"Polygon","properties":{"DM_ACC":1,"DM_BST":1,"NAM":"","NGOV":"LA CONSTITUCIÓN DE LA REPÚBLICA BOLIVARIANA DE VENEZUELA 1999, CONFORME A LA GACETA OFICIAL Nº 5453 EXTRAORDINARIA, DEL 24 DE MARZO DE 2000","NM3":"","NM4":"","SAG":"Instituto Geográfico de Venezuela Simón Bolívar","TXT":"","ARA":257506.03,"DM_CENT":"25"}},{"type":null,"properties":{"DM_ACC":1,"DM_BST":1,"NAM":"","NGOV":"LA CONSTITUCIÓN DE LA REPÚBLICA BOLIVARIANA DE VENEZUELA 1999, CONFORME A LA GACETA OFICIAL Nº 5453 EXTRAORDINARIA, DEL 24 DE MARZO DE 2000","NM3":"","NM4":"","SAG":"Instituto Geográfico de Venezuela Simón Bolívar","TXT":"","ARA":55713.72,"DM_CENT":"25"}},{"type":null,"properties":{"DM_ACC":1,"DM_BST":1,"NAM":"","NGOV":"LA CONSTITUCIÓN DE LA REPÚBLICA BOLIVARIANA DE VENEZUELA 1999, CONFORME A LA GACETA OFICIAL Nº 5453 EXTRAORDINARIA, DEL 24 DE MARZO DE 2000","NM3":"","NM4":"","SAG":"Instituto Geográfico de Venezuela Simón Bolívar","TXT":"","ARA":52031.03,"DM_CENT":"25"}},{"arcs":[[1297]],"type":"Polygon","properties":{"DM_ACC":1,"DM_BST":1,"NAM":"","NGOV":"LA CONSTITUCIÓN DE LA REPÚBLICA BOLIVARIANA DE VENEZUELA 1999, CONFORME A LA GACETA OFICIAL Nº 5453 EXTRAORDINARIA, DEL 24 DE MARZO DE 2000","NM3":"","NM4":"","SAG":"Instituto Geográfico de Venezuela Simón Bolívar","TXT":"","ARA":1157033.31,"DM_CENT":"25"}},{"type":null,"properties":{"DM_ACC":1,"DM_BST":1,"NAM":"","NGOV":"LA CONSTITUCIÓN DE LA REPÚBLICA BOLIVARIANA DE VENEZUELA 1999, CONFORME A LA GACETA OFICIAL Nº 5453 EXTRAORDINARIA, DEL 24 DE MARZO DE 2000","NM3":"","NM4":"","SAG":"Instituto Geográfico de Venezuela Simón Bolívar","TXT":"","ARA":80843.34,"DM_CENT":"25"}},{"type":null,"properties":{"DM_ACC":1,"DM_BST":1,"NAM":"","NGOV":"LA CONSTITUCIÓN DE LA REPÚBLICA BOLIVARIANA DE VENEZUELA 1999, CONFORME A LA GACETA OFICIAL Nº 5453 EXTRAORDINARIA, DEL 24 DE MARZO DE 2000","NM3":"","NM4":"","SAG":"Instituto Geográfico de Venezuela Simón Bolívar","TXT":"","ARA":21059.21,"DM_CENT":"25"}},{"type":null,"properties":{"DM_ACC":1,"DM_BST":1,"NAM":"","NGOV":"LA CONSTITUCIÓN DE LA REPÚBLICA BOLIVARIANA DE VENEZUELA 1999, CONFORME A LA GACETA OFICIAL Nº 5453 EXTRAORDINARIA, DEL 24 DE MARZO DE 2000","NM3":"","NM4":"","SAG":"Instituto Geográfico de Venezuela Simón Bolívar","TXT":"","ARA":6434.96,"DM_CENT":"25"}},{"arcs":[[1298]],"type":"Polygon","properties":{"DM_ACC":1,"DM_BST":1,"NAM":"","NGOV":"LA CONSTITUCIÓN DE LA REPÚBLICA BOLIVARIANA DE VENEZUELA 1999, CONFORME A LA GACETA OFICIAL Nº 5453 EXTRAORDINARIA, DEL 24 DE MARZO DE 2000","NM3":"","NM4":"","SAG":"Instituto Geográfico de Venezuela Simón Bolívar","TXT":"","ARA":711319,"DM_CENT":"25"}},{"type":null,"properties":{"DM_ACC":1,"DM_BST":1,"NAM":"","NGOV":"LA CONSTITUCIÓN DE LA REPÚBLICA BOLIVARIANA DE VENEZUELA 1999, CONFORME A LA GACETA OFICIAL Nº 5453 EXTRAORDINARIA, DEL 24 DE MARZO DE 2000","NM3":"","NM4":"","SAG":"Instituto Geográfico de Venezuela Simón Bolívar","TXT":"","ARA":70049.94,"DM_CENT":"25"}},{"arcs":[[1299]],"type":"Polygon","properties":{"DM_ACC":1,"DM_BST":1,"NAM":"","NGOV":"LA CONSTITUCIÓN DE LA REPÚBLICA BOLIVARIANA DE VENEZUELA 1999, CONFORME A LA GACETA OFICIAL Nº 5453 EXTRAORDINARIA, DEL 24 DE MARZO DE 2000","NM3":"","NM4":"","SAG":"Instituto Geográfico de Venezuela Simón Bolívar","TXT":"","ARA":8713185.88,"DM_CENT":"25"}},{"type":null,"properties":{"DM_ACC":1,"DM_BST":1,"NAM":"","NGOV":"LA CONSTITUCIÓN DE LA REPÚBLICA BOLIVARIANA DE VENEZUELA 1999, CONFORME A LA GACETA OFICIAL Nº 5453 EXTRAORDINARIA, DEL 24 DE MARZO DE 2000","NM3":"","NM4":"","SAG":"Instituto Geográfico de Venezuela Simón Bolívar","TXT":"","ARA":71025.96,"DM_CENT":"25"}},{"arcs":[[1300]],"type":"Polygon","properties":{"DM_ACC":1,"DM_BST":1,"NAM":"","NGOV":"LA CONSTITUCIÓN DE LA REPÚBLICA BOLIVARIANA DE VENEZUELA 1999, CONFORME A LA GACETA OFICIAL Nº 5453 EXTRAORDINARIA, DEL 24 DE MARZO DE 2000","NM3":"","NM4":"","SAG":"Instituto Geográfico de Venezuela Simón Bolívar","TXT":"","ARA":175573.04,"DM_CENT":"25"}},{"arcs":[[1301]],"type":"Polygon","properties":{"DM_ACC":1,"DM_BST":1,"NAM":"","NGOV":"LA CONSTITUCIÓN DE LA REPÚBLICA BOLIVARIANA DE VENEZUELA 1999, CONFORME A LA GACETA OFICIAL Nº 5453 EXTRAORDINARIA, DEL 24 DE MARZO DE 2000","NM3":"","NM4":"","SAG":"Instituto Geográfico de Venezuela Simón Bolívar","TXT":"","ARA":8363095.84,"DM_CENT":"25"}},{"type":null,"properties":{"DM_ACC":1,"DM_BST":1,"NAM":"","NGOV":"LA CONSTITUCIÓN DE LA REPÚBLICA BOLIVARIANA DE VENEZUELA 1999, CONFORME A LA GACETA OFICIAL Nº 5453 EXTRAORDINARIA, DEL 24 DE MARZO DE 2000","NM3":"","NM4":"","SAG":"Instituto Geográfico de Venezuela Simón Bolívar","TXT":"","ARA":39141.91,"DM_CENT":"25"}},{"type":null,"properties":{"DM_ACC":1,"DM_BST":1,"NAM":"","NGOV":"LA CONSTITUCIÓN DE LA REPÚBLICA BOLIVARIANA DE VENEZUELA 1999, CONFORME A LA GACETA OFICIAL Nº 5453 EXTRAORDINARIA, DEL 24 DE MARZO DE 2000","NM3":"","NM4":"","SAG":"Instituto Geográfico de Venezuela Simón Bolívar","TXT":"","ARA":88062.48,"DM_CENT":"25"}},{"type":null,"properties":{"DM_ACC":1,"DM_BST":1,"NAM":"","NGOV":"LA CONSTITUCIÓN DE LA REPÚBLICA BOLIVARIANA DE VENEZUELA 1999, CONFORME A LA GACETA OFICIAL Nº 5453 EXTRAORDINARIA, DEL 24 DE MARZO DE 2000","NM3":"","NM4":"","SAG":"Instituto Geográfico de Venezuela Simón Bolívar","TXT":"","ARA":41740.87,"DM_CENT":"25"}},{"arcs":[[1302]],"type":"Polygon","properties":{"DM_ACC":1,"DM_BST":1,"NAM":"","NGOV":"LA CONSTITUCIÓN DE LA REPÚBLICA BOLIVARIANA DE VENEZUELA 1999, CONFORME A LA GACETA OFICIAL Nº 5453 EXTRAORDINARIA, DEL 24 DE MARZO DE 2000","NM3":"","NM4":"","SAG":"Instituto Geográfico de Venezuela Simón Bolívar","TXT":"","ARA":1970765.96,"DM_CENT":"25"}},{"arcs":[[1303]],"type":"Polygon","properties":{"DM_ACC":1,"DM_BST":1,"NAM":"","NGOV":"LA CONSTITUCIÓN DE LA REPÚBLICA BOLIVARIANA DE VENEZUELA 1999, CONFORME A LA GACETA OFICIAL Nº 5453 EXTRAORDINARIA, DEL 24 DE MARZO DE 2000","NM3":"","NM4":"","SAG":"Instituto Geográfico de Venezuela Simón Bolívar","TXT":"","ARA":3752167.1,"DM_CENT":"25"}},{"arcs":[[1304]],"type":"Polygon","properties":{"DM_ACC":1,"DM_BST":1,"NAM":"","NGOV":"LA CONSTITUCIÓN DE LA REPÚBLICA BOLIVARIANA DE VENEZUELA 1999, CONFORME A LA GACETA OFICIAL Nº 5453 EXTRAORDINARIA, DEL 24 DE MARZO DE 2000","NM3":"","NM4":"","SAG":"Instituto Geográfico de Venezuela Simón Bolívar","TXT":"","ARA":4668726.22,"DM_CENT":"25"}},{"arcs":[[1305]],"type":"Polygon","properties":{"DM_ACC":1,"DM_BST":1,"NAM":"","NGOV":"LA CONSTITUCIÓN DE LA REPÚBLICA BOLIVARIANA DE VENEZUELA 1999, CONFORME A LA GACETA OFICIAL Nº 5453 EXTRAORDINARIA, DEL 24 DE MARZO DE 2000","NM3":"","NM4":"","SAG":"Instituto Geográfico de Venezuela Simón Bolívar","TXT":"","ARA":362885.51,"DM_CENT":"25"}},{"type":null,"properties":{"DM_ACC":1,"DM_BST":1,"NAM":"","NGOV":"LA CONSTITUCIÓN DE LA REPÚBLICA BOLIVARIANA DE VENEZUELA 1999, CONFORME A LA GACETA OFICIAL Nº 5453 EXTRAORDINARIA, DEL 24 DE MARZO DE 2000","NM3":"","NM4":"","SAG":"Instituto Geográfico de Venezuela Simón Bolívar","TXT":"","ARA":86413.59,"DM_CENT":"25"}},{"arcs":[[1306]],"type":"Polygon","properties":{"DM_ACC":1,"DM_BST":1,"NAM":"ISLA SOLA","NGOV":"LA CONSTITUCIÓN DE LA REPÚBLICA BOLIVARIANA DE VENEZUELA 1999, CONFORME A LA GACETA OFICIAL Nº 5453 EXTRAORDINARIA, DEL 24 DE MARZO DE 2000","NM3":"","NM4":"","SAG":"Instituto Geográfico de Venezuela Simón Bolívar","TXT":"","ARA":1770566.09,"DM_CENT":"25"}},{"arcs":[[1307]],"type":"Polygon","properties":{"DM_ACC":1,"DM_BST":1,"NAM":"ISLA LA BLANQUILLA","NGOV":"LA CONSTITUCIÓN DE LA REPÚBLICA BOLIVARIANA DE VENEZUELA 1999, CONFORME A LA GACETA OFICIAL Nº 5453 EXTRAORDINARIA, DEL 24 DE MARZO DE 2000","NM3":"","NM4":"","SAG":"Instituto Geográfico de Venezuela Simón Bolívar","TXT":"","ARA":64887630.13,"DM_CENT":"25"}},{"arcs":[[1308]],"type":"Polygon","properties":{"DM_ACC":1,"DM_BST":1,"NAM":"ISLA LOS PATOS","NGOV":"LA CONSTITUCIÓN DE LA REPÚBLICA BOLIVARIANA DE VENEZUELA 1999, CONFORME A LA GACETA OFICIAL Nº 5453 EXTRAORDINARIA, DEL 24 DE MARZO DE 2000","NM3":"","NM4":"","SAG":"Instituto Geográfico de Venezuela Simón Bolívar","TXT":"","ARA":2099172.55,"DM_CENT":"25"}},{"arcs":[[1309]],"type":"Polygon","properties":{"DM_ACC":1,"DM_BST":1,"NAM":"","NGOV":"LA CONSTITUCIÓN DE LA REPÚBLICA BOLIVARIANA DE VENEZUELA 1999, CONFORME A LA GACETA OFICIAL Nº 5453 EXTRAORDINARIA, DEL 24 DE MARZO DE 2000","NM3":"","NM4":"","SAG":"Instituto Geográfico de Venezuela Simón Bolívar","TXT":"","ARA":514384.59,"DM_CENT":"25"}},{"arcs":[[[1310]],[[1311]],[[1312]],[[1313]],[[1314]],[[1315]]],"type":"MultiPolygon","properties":{"DM_ACC":1,"DM_BST":1,"NAM":"ISLA LA ORHILA","NGOV":"LA CONSTITUCIÓN DE LA REPÚBLICA BOLIVARIANA DE VENEZUELA 1999, CONFORME A LA GACETA OFICIAL Nº 5453 EXTRAORDINARIA, DEL 24 DE MARZO DE 2000","NM3":"","NM4":"","SAG":"Instituto Geográfico de Venezuela Simón Bolívar","TXT":"","ARA":50883485.39,"DM_CENT":"25"}},{"arcs":[[[1316]],[[1317]],[[1318]],[[1319]],[[1320]],[[1321]],[[1322]],[[1323]],[[1324]],[[1325]],[[1326]],[[1327]],[[1328]],[[1329]],[[1330]],[[1331]],[[1332]],[[1333]],[[1334]],[[1335]],[[1336]],[[1337]],[[1338]],[[1339]],[[1340]],[[1341]],[[1342]],[[1343]],[[1344]],[[1345]],[[1346]],[[1347]],[[1348]],[[1349]],[[1350]],[[1351]],[[1352]],[[1353]],[[1354]],[[1355]],[[1356]],[[1357]],[[1358]],[[1359]],[[1360]],[[1361]],[[1362]],[[1363]],[[1364]],[[1365]],[[1366]],[[1367]],[[1368]],[[1369]],[[1370]]],"type":"MultiPolygon","properties":{"DM_ACC":1,"DM_BST":1,"NAM":"DEPENDENCIA FEDERAL GRAN ROQUE","NGOV":"LA CONSTITUCIÓN DE LA REPÚBLICA BOLIVARIANA DE VENEZUELA 1999, CONFORME A LA GACETA OFICIAL Nº 5453 EXTRAORDINARIA, DEL 24 DE MARZO DE 2000","NM3":"","NM4":"","SAG":"Instituto Geográfico de Venezuela Simón Bolívar","TXT":"","ARA":109559209.91,"DM_CENT":"25"}},{"arcs":[[[1371]],[[1372]],[[1373]]],"type":"MultiPolygon","properties":{"DM_ACC":1,"DM_BST":1,"NAM":"ARCHIPIÉLAGO DE LOS MONJES","NGOV":"LA CONSTITUCIÓN DE LA REPÚBLICA BOLIVARIANA DE VENEZUELA 1999, CONFORME A LA GACETA OFICIAL Nº 5453 EXTRAORDINARIA, DEL 24 DE MARZO DE 2000","NM3":"","NM4":"","SAG":"Instituto Geográfico de Venezuela Simón Bolívar","TXT":"","ARA":5419284.07,"DM_CENT":"25"}},{"arcs":[[1374]],"type":"Polygon","properties":{"DM_ACC":1,"DM_BST":1,"NAM":"","NGOV":"LA CONSTITUCIÓN DE LA REPÚBLICA BOLIVARIANA DE VENEZUELA 1999, CONFORME A LA GACETA OFICIAL Nº 5453 EXTRAORDINARIA, DEL 24 DE MARZO DE 2000","NM3":"","NM4":"","SAG":"Instituto Geográfico de Venezuela Simón Bolívar","TXT":"","ARA":4638463.78,"DM_CENT":"25"}},{"arcs":[[1375]],"type":"Polygon","properties":{"DM_ACC":1,"DM_BST":1,"NAM":"","NGOV":"LA CONSTITUCIÓN DE LA REPÚBLICA BOLIVARIANA DE VENEZUELA 1999, CONFORME A LA GACETA OFICIAL Nº 5453 EXTRAORDINARIA, DEL 24 DE MARZO DE 2000","NM3":"","NM4":"","SAG":"Instituto Geográfico de Venezuela Simón Bolívar","TXT":"","ARA":800315.57,"DM_CENT":"25"}},{"arcs":[[1376]],"type":"Polygon","properties":{"DM_ACC":1,"DM_BST":1,"NAM":"","NGOV":"LA CONSTITUCIÓN DE LA REPÚBLICA BOLIVARIANA DE VENEZUELA 1999, CONFORME A LA GACETA OFICIAL Nº 5453 EXTRAORDINARIA, DEL 24 DE MARZO DE 2000","NM3":"","NM4":"","SAG":"Instituto Geográfico de Venezuela Simón Bolívar","TXT":"","ARA":386424.19,"DM_CENT":"25"}},{"arcs":[[1377]],"type":"Polygon","properties":{"DM_ACC":1,"DM_BST":1,"NAM":"","NGOV":"LA CONSTITUCIÓN DE LA REPÚBLICA BOLIVARIANA DE VENEZUELA 1999, CONFORME A LA GACETA OFICIAL Nº 5453 EXTRAORDINARIA, DEL 24 DE MARZO DE 2000","NM3":"","NM4":"","SAG":"Instituto Geográfico de Venezuela Simón Bolívar","TXT":"","ARA":4593202.47,"DM_CENT":"25"}},{"type":null,"properties":{"DM_ACC":1,"DM_BST":1,"NAM":"","NGOV":"LA CONSTITUCIÓN DE LA REPÚBLICA BOLIVARIANA DE VENEZUELA 1999, CONFORME A LA GACETA OFICIAL Nº 5453 EXTRAORDINARIA, DEL 24 DE MARZO DE 2000","NM3":"","NM4":"","SAG":"Instituto Geográfico de Venezuela Simón Bolívar","TXT":"","ARA":107741,"DM_CENT":"25"}},{"type":null,"properties":{"DM_ACC":1,"DM_BST":1,"NAM":"","NGOV":"LA CONSTITUCIÓN DE LA REPÚBLICA BOLIVARIANA DE VENEZUELA 1999, CONFORME A LA GACETA OFICIAL Nº 5453 EXTRAORDINARIA, DEL 24 DE MARZO DE 2000","NM3":"","NM4":"","SAG":"Instituto Geográfico de Venezuela Simón Bolívar","TXT":"","ARA":17676.48,"DM_CENT":"25"}},{"type":null,"properties":{"DM_ACC":1,"DM_BST":1,"NAM":"","NGOV":"LA CONSTITUCIÓN DE LA REPÚBLICA BOLIVARIANA DE VENEZUELA 1999, CONFORME A LA GACETA OFICIAL Nº 5453 EXTRAORDINARIA, DEL 24 DE MARZO DE 2000","NM3":"","NM4":"","SAG":"Instituto Geográfico de Venezuela Simón Bolívar","TXT":"","ARA":6244.16,"DM_CENT":"25"}},{"type":null,"properties":{"DM_ACC":1,"DM_BST":1,"NAM":"","NGOV":"LA CONSTITUCIÓN DE LA REPÚBLICA BOLIVARIANA DE VENEZUELA 1999, CONFORME A LA GACETA OFICIAL Nº 5453 EXTRAORDINARIA, DEL 24 DE MARZO DE 2000","NM3":"","NM4":"","SAG":"Instituto Geográfico de Venezuela Simón Bolívar","TXT":"","ARA":74240.4,"DM_CENT":"25"}},{"type":null,"properties":{"DM_ACC":1,"DM_BST":1,"NAM":"","NGOV":"LA CONSTITUCIÓN DE LA REPÚBLICA BOLIVARIANA DE VENEZUELA 1999, CONFORME A LA GACETA OFICIAL Nº 5453 EXTRAORDINARIA, DEL 24 DE MARZO DE 2000","NM3":"","NM4":"","SAG":"Instituto Geográfico de Venezuela Simón Bolívar","TXT":"","ARA":124891.47,"DM_CENT":"25"}},{"type":null,"properties":{"DM_ACC":1,"DM_BST":1,"NAM":"","NGOV":"LA CONSTITUCIÓN DE LA REPÚBLICA BOLIVARIANA DE VENEZUELA 1999, CONFORME A LA GACETA OFICIAL Nº 5453 EXTRAORDINARIA, DEL 24 DE MARZO DE 2000","NM3":"","NM4":"","SAG":"Instituto Geográfico de Venezuela Simón Bolívar","TXT":"","ARA":28202.51,"DM_CENT":"25"}},{"type":null,"properties":{"DM_ACC":1,"DM_BST":1,"NAM":"","NGOV":"LA CONSTITUCIÓN DE LA REPÚBLICA BOLIVARIANA DE VENEZUELA 1999, CONFORME A LA GACETA OFICIAL Nº 5453 EXTRAORDINARIA, DEL 24 DE MARZO DE 2000","NM3":"","NM4":"","SAG":"Instituto Geográfico de Venezuela Simón Bolívar","TXT":"","ARA":34279.65,"DM_CENT":"25"}},{"type":null,"properties":{"DM_ACC":1,"DM_BST":1,"NAM":"","NGOV":"LA CONSTITUCIÓN DE LA REPÚBLICA BOLIVARIANA DE VENEZUELA 1999, CONFORME A LA GACETA OFICIAL Nº 5453 EXTRAORDINARIA, DEL 24 DE MARZO DE 2000","NM3":"","NM4":"","SAG":"Instituto Geográfico de Venezuela Simón Bolívar","TXT":"","ARA":42153.98,"DM_CENT":"25"}},{"type":null,"properties":{"DM_ACC":1,"DM_BST":1,"NAM":"","NGOV":"LA CONSTITUCIÓN DE LA REPÚBLICA BOLIVARIANA DE VENEZUELA 1999, CONFORME A LA GACETA OFICIAL Nº 5453 EXTRAORDINARIA, DEL 24 DE MARZO DE 2000","NM3":"","NM4":"","SAG":"Instituto Geográfico de Venezuela Simón Bolívar","TXT":"","ARA":90198.24,"DM_CENT":"25"}},{"type":null,"properties":{"DM_ACC":1,"DM_BST":1,"NAM":"","NGOV":"LA CONSTITUCIÓN DE LA REPÚBLICA BOLIVARIANA DE VENEZUELA 1999, CONFORME A LA GACETA OFICIAL Nº 5453 EXTRAORDINARIA, DEL 24 DE MARZO DE 2000","NM3":"","NM4":"","SAG":"Instituto Geográfico de Venezuela Simón Bolívar","TXT":"","ARA":79148.15,"DM_CENT":"25"}},{"type":null,"properties":{"DM_ACC":1,"DM_BST":1,"NAM":"","NGOV":"LA CONSTITUCIÓN DE LA REPÚBLICA BOLIVARIANA DE VENEZUELA 1999, CONFORME A LA GACETA OFICIAL Nº 5453 EXTRAORDINARIA, DEL 24 DE MARZO DE 2000","NM3":"","NM4":"","SAG":"Instituto Geográfico de Venezuela Simón Bolívar","TXT":"","ARA":3265.2,"DM_CENT":"25"}},{"type":null,"properties":{"DM_ACC":1,"DM_BST":1,"NAM":"","NGOV":"LA CONSTITUCIÓN DE LA REPÚBLICA BOLIVARIANA DE VENEZUELA 1999, CONFORME A LA GACETA OFICIAL Nº 5453 EXTRAORDINARIA, DEL 24 DE MARZO DE 2000","NM3":"","NM4":"","SAG":"Instituto Geográfico de Venezuela Simón Bolívar","TXT":"","ARA":20497.8,"DM_CENT":"25"}},{"arcs":[[1378]],"type":"Polygon","properties":{"DM_ACC":1,"DM_BST":1,"NAM":"","NGOV":"LA CONSTITUCIÓN DE LA REPÚBLICA BOLIVARIANA DE VENEZUELA 1999, CONFORME A LA GACETA OFICIAL Nº 5453 EXTRAORDINARIA, DEL 24 DE MARZO DE 2000","NM3":"","NM4":"","SAG":"Instituto Geográfico de Venezuela Simón Bolívar","TXT":"","ARA":1601150.73,"DM_CENT":"25"}},{"arcs":[[1379]],"type":"Polygon","properties":{"DM_ACC":1,"DM_BST":1,"NAM":"","NGOV":"LA CONSTITUCIÓN DE LA REPÚBLICA BOLIVARIANA DE VENEZUELA 1999, CONFORME A LA GACETA OFICIAL Nº 5453 EXTRAORDINARIA, DEL 24 DE MARZO DE 2000","NM3":"","NM4":"","SAG":"Instituto Geográfico de Venezuela Simón Bolívar","TXT":"","ARA":1257157.36,"DM_CENT":"25"}},{"arcs":[[1380]],"type":"Polygon","properties":{"DM_ACC":1,"DM_BST":1,"NAM":"","NGOV":"LA CONSTITUCIÓN DE LA REPÚBLICA BOLIVARIANA DE VENEZUELA 1999, CONFORME A LA GACETA OFICIAL Nº 5453 EXTRAORDINARIA, DEL 24 DE MARZO DE 2000","NM3":"","NM4":"","SAG":"Instituto Geográfico de Venezuela Simón Bolívar","TXT":"","ARA":1262968.2,"DM_CENT":"25"}},{"arcs":[[1381]],"type":"Polygon","properties":{"DM_ACC":1,"DM_BST":1,"NAM":"","NGOV":"LA CONSTITUCIÓN DE LA REPÚBLICA BOLIVARIANA DE VENEZUELA 1999, CONFORME A LA GACETA OFICIAL Nº 5453 EXTRAORDINARIA, DEL 24 DE MARZO DE 2000","NM3":"","NM4":"","SAG":"Instituto Geográfico de Venezuela Simón Bolívar","TXT":"","ARA":991857.71,"DM_CENT":"25"}},{"arcs":[[1382]],"type":"Polygon","properties":{"DM_ACC":1,"DM_BST":1,"NAM":"","NGOV":"LA CONSTITUCIÓN DE LA REPÚBLICA BOLIVARIANA DE VENEZUELA 1999, CONFORME A LA GACETA OFICIAL Nº 5453 EXTRAORDINARIA, DEL 24 DE MARZO DE 2000","NM3":"","NM4":"","SAG":"Instituto Geográfico de Venezuela Simón Bolívar","TXT":"","ARA":3011424.82,"DM_CENT":"25"}},{"arcs":[[1383]],"type":"Polygon","properties":{"DM_ACC":1,"DM_BST":1,"NAM":"","NGOV":"LA CONSTITUCIÓN DE LA REPÚBLICA BOLIVARIANA DE VENEZUELA 1999, CONFORME A LA GACETA OFICIAL Nº 5453 EXTRAORDINARIA, DEL 24 DE MARZO DE 2000","NM3":"","NM4":"","SAG":"Instituto Geográfico de Venezuela Simón Bolívar","TXT":"","ARA":1994126.52,"DM_CENT":"25"}},{"type":null,"properties":{"DM_ACC":1,"DM_BST":1,"NAM":"","NGOV":"LA CONSTITUCIÓN DE LA REPÚBLICA BOLIVARIANA DE VENEZUELA 1999, CONFORME A LA GACETA OFICIAL Nº 5453 EXTRAORDINARIA, DEL 24 DE MARZO DE 2000","NM3":"","NM4":"","SAG":"Instituto Geográfico de Venezuela Simón Bolívar","TXT":"","ARA":63325.52,"DM_CENT":"25"}},{"type":null,"properties":{"DM_ACC":1,"DM_BST":1,"NAM":"","NGOV":"LA CONSTITUCIÓN DE LA REPÚBLICA BOLIVARIANA DE VENEZUELA 1999, CONFORME A LA GACETA OFICIAL Nº 5453 EXTRAORDINARIA, DEL 24 DE MARZO DE 2000","NM3":"","NM4":"","SAG":"Instituto Geográfico de Venezuela Simón Bolívar","TXT":"","ARA":33399.02,"DM_CENT":"25"}},{"type":null,"properties":{"DM_ACC":1,"DM_BST":1,"NAM":"","NGOV":"LA CONSTITUCIÓN DE LA REPÚBLICA BOLIVARIANA DE VENEZUELA 1999, CONFORME A LA GACETA OFICIAL Nº 5453 EXTRAORDINARIA, DEL 24 DE MARZO DE 2000","NM3":"","NM4":"","SAG":"Instituto Geográfico de Venezuela Simón Bolívar","TXT":"","ARA":24922.51,"DM_CENT":"25"}},{"type":null,"properties":{"DM_ACC":1,"DM_BST":1,"NAM":"","NGOV":"LA CONSTITUCIÓN DE LA REPÚBLICA BOLIVARIANA DE VENEZUELA 1999, CONFORME A LA GACETA OFICIAL Nº 5453 EXTRAORDINARIA, DEL 24 DE MARZO DE 2000","NM3":"","NM4":"","SAG":"Instituto Geográfico de Venezuela Simón Bolívar","TXT":"","ARA":88981.95,"DM_CENT":"25"}},{"type":null,"properties":{"DM_ACC":1,"DM_BST":1,"NAM":"","NGOV":"LA CONSTITUCIÓN DE LA REPÚBLICA BOLIVARIANA DE VENEZUELA 1999, CONFORME A LA GACETA OFICIAL Nº 5453 EXTRAORDINARIA, DEL 24 DE MARZO DE 2000","NM3":"","NM4":"","SAG":"Instituto Geográfico de Venezuela Simón Bolívar","TXT":"","ARA":17055.18,"DM_CENT":"25"}},{"type":null,"properties":{"DM_ACC":1,"DM_BST":1,"NAM":"","NGOV":"LA CONSTITUCIÓN DE LA REPÚBLICA BOLIVARIANA DE VENEZUELA 1999, CONFORME A LA GACETA OFICIAL Nº 5453 EXTRAORDINARIA, DEL 24 DE MARZO DE 2000","NM3":"","NM4":"","SAG":"Instituto Geográfico de Venezuela Simón Bolívar","TXT":"","ARA":55126.35,"DM_CENT":"25"}},{"type":null,"properties":{"DM_ACC":1,"DM_BST":1,"NAM":"","NGOV":"LA CONSTITUCIÓN DE LA REPÚBLICA BOLIVARIANA DE VENEZUELA 1999, CONFORME A LA GACETA OFICIAL Nº 5453 EXTRAORDINARIA, DEL 24 DE MARZO DE 2000","NM3":"","NM4":"","SAG":"Instituto Geográfico de Venezuela Simón Bolívar","TXT":"","ARA":31122.49,"DM_CENT":"25"}},{"type":null,"properties":{"DM_ACC":1,"DM_BST":1,"NAM":"","NGOV":"LA CONSTITUCIÓN DE LA REPÚBLICA BOLIVARIANA DE VENEZUELA 1999, CONFORME A LA GACETA OFICIAL Nº 5453 EXTRAORDINARIA, DEL 24 DE MARZO DE 2000","NM3":"","NM4":"","SAG":"Instituto Geográfico de Venezuela Simón Bolívar","TXT":"","ARA":11308.99,"DM_CENT":"25"}},{"arcs":[[[1384]],[[1385]],[[1386]],[[1387]],[[1388]],[[1389]]],"type":"MultiPolygon","properties":{"DM_ACC":1,"DM_BST":1,"NAM":"ISLAS LOS FRAILES","NGOV":"LA CONSTITUCIÓN DE LA REPÚBLICA BOLIVARIANA DE VENEZUELA 1999, CONFORME A LA GACETA OFICIAL Nº 5453 EXTRAORDINARIA, DEL 24 DE MARZO DE 2000","NM3":"","NM4":"","SAG":"Instituto Geográfico de Venezuela Simón Bolívar","TXT":"","ARA":6585758.59,"DM_CENT":"25"}},{"arcs":[[[1390]],[[1391]]],"type":"MultiPolygon","properties":{"DM_ACC":1,"DM_BST":1,"NAM":"DEPENDENCIA FEDERAL LOS TESTIGOS","NGOV":"LA CONSTITUCIÓN DE LA REPÚBLICA BOLIVARIANA DE VENEZUELA 1999, CONFORME A LA GACETA OFICIAL Nº 5453 EXTRAORDINARIA, DEL 24 DE MARZO DE 2000","NM3":"","NM4":"","SAG":"Instituto Geográfico de Venezuela Simón Bolívar","TXT":"","ARA":6768282.11,"DM_CENT":"25"}},{"arcs":[[[1392]],[[1393]],[[1394]],[[1395]],[[1396]]],"type":"MultiPolygon","properties":{"DM_ACC":1,"DM_BST":1,"NAM":"ARCHIPIÉLAGO DE LAS AVES","NGOV":"","NM3":"","NM4":"","SAG":"Instituto Geográfico de Venezuela Simón Bolívar","TXT":"","ARA":43965707.09,"DM_CENT":"25"}},{"arcs":[[[1397]],[[1398]],[[1399]],[[1400]],[[1401]]],"type":"MultiPolygon","properties":{"DM_ACC":1,"DM_BST":1,"NAM":"ISLA LA TORTUGA","NGOV":"","NM3":"","NM4":"","SAG":"Instituto Geográfico de Venezuela Simón Bolívar","TXT":"","ARA":157638382.62,"DM_CENT":"25"}},{"arcs":[[[1402]],[[1403]],[[1404]],[[1405]],[[1406]],[[1407]]],"type":"MultiPolygon","properties":{"DM_ACC":1,"DM_BST":1,"NAM":"ISLAS LOS HERMANOS","NGOV":"","NM3":"","NM4":"","SAG":"Instituto Geográfico de Venezuela Simón Bolívar","TXT":"","ARA":5578532.84,"DM_CENT":"25"}},{"arcs":[[1408]],"type":"Polygon","properties":{"DM_ACC":1,"DM_BST":1,"NAM":"","NGOV":"","NM3":"","NM4":"","SAG":"Instituto Geográfico de Venezuela Simón Bolívar","TXT":"","ARA":454823.1,"DM_CENT":""}},{"type":null,"properties":{"DM_ACC":1,"DM_BST":1,"NAM":"","NGOV":"","NM3":"","NM4":"","SAG":"Instituto Geográfico de Venezuela Simón Bolívar","TXT":"","ARA":58970.39,"DM_CENT":""}},{"type":null,"properties":{"DM_ACC":1,"DM_BST":1,"NAM":"","NGOV":"","NM3":"","NM4":"","SAG":"Instituto Geográfico de Venezuela Simón Bolívar","TXT":"","ARA":31492.4,"DM_CENT":""}},{"arcs":[[1409]],"type":"Polygon","properties":{"DM_ACC":1,"DM_BST":1,"NAM":"","NGOV":"","NM3":"","NM4":"","SAG":"Instituto Geográfico de Venezuela Simón Bolívar","TXT":"","ARA":337898.76,"DM_CENT":""}},{"arcs":[[1410]],"type":"Polygon","properties":{"DM_ACC":1,"DM_BST":1,"NAM":"","NGOV":"","NM3":"","NM4":"","SAG":"Instituto Geográfico de Venezuela Simón Bolívar","TXT":"","ARA":598232.73,"DM_CENT":""}},{"type":null,"properties":{"DM_ACC":1,"DM_BST":1,"NAM":"","NGOV":"","NM3":"","NM4":"","SAG":"Instituto Geográfico de Venezuela Simón Bolívar","TXT":"","ARA":32124.25,"DM_CENT":""}},{"type":null,"properties":{"DM_ACC":1,"DM_BST":1,"NAM":"","NGOV":"","NM3":"","NM4":"","SAG":"Instituto Geográfico de Venezuela Simón Bolívar","TXT":"","ARA":63556.14,"DM_CENT":""}},{"type":null,"properties":{"DM_ACC":1,"DM_BST":1,"NAM":"","NGOV":"","NM3":"","NM4":"","SAG":"Instituto Geográfico de Venezuela Simón Bolívar","TXT":"","ARA":35928.22,"DM_CENT":""}},{"type":null,"properties":{"DM_ACC":1,"DM_BST":1,"NAM":"","NGOV":"","NM3":"","NM4":"","SAG":"Instituto Geográfico de Venezuela Simón Bolívar","TXT":"","ARA":130348.09,"DM_CENT":""}},{"type":null,"properties":{"DM_ACC":1,"DM_BST":1,"NAM":"","NGOV":"","NM3":"","NM4":"","SAG":"Instituto Geográfico de Venezuela Simón Bolívar","TXT":"","ARA":10621.27,"DM_CENT":""}},{"type":null,"properties":{"DM_ACC":1,"DM_BST":1,"NAM":"","NGOV":"","NM3":"","NM4":"","SAG":"Instituto Geográfico de Venezuela Simón Bolívar","TXT":"","ARA":18994.35,"DM_CENT":""}},{"arcs":[[1411]],"type":"Polygon","properties":{"DM_ACC":1,"DM_BST":2,"NAM":"ESTADO GUAYANA ESEQUIBA","NGOV":"GACETA OFICIAL N 6798 EXTRAORDINARIO DEL 03 DE ABRIL DE 2024. LEY ORGÁNICA PARA LA DEFENSA DE LA GUAYANA ESEQUIBA.","NM3":"","NM4":"","SAG":"Instituto Geográfico de Venezuela Simón Bolívar","TXT":"","ARA":143684085724.18,"DM_CENT":"26"}},{"arcs":[[1412,1413,1414,1415,1416,-15,1417,1418,-1204,1419,1420]],"type":"Polygon","properties":{"DM_ACC":1,"DM_BST":1,"NAM":"ESTADO DELTA AMACURO","NGOV":"GACETA OFICIAL DEL ESTADO DELTA AMACURO. Nº Extraordinario del 20 de Julio de 1994.","NM3":"","NM4":"","SAG":"Instituto Geográfico de Venezuela Simón Bolívar","TXT":"","ARA":38676144319.45,"DM_CENT":"10"}}]}}}