{"type":"Topology","arcs":[[[145637,7769],[-4,-22],[10,-55],[48,-4],[48,-41],[-13,-37],[8,-35],[22,-31],[30,4],[26,-44],[44,-39],[3,-27],[35,-8],[-6,-23],[17,-24],[44,-22],[6,-25],[35,-27],[28,-5],[-8,-36],[-40,-12],[8,-29],[-15,-33],[4,-36],[-23,-34],[-11,-95],[-16,-27],[-22,-73],[-59,-68],[-28,-65],[-40,-40],[-17,-41],[-26,-35],[-9,-35],[-81,-96],[-39,-35],[-57,-79],[-28,-87],[22,-116],[-22,-72],[6,-56],[-15,-44],[-2,-65],[-20,-122],[-22,-61],[-118,-399],[-70,14],[-123,67],[-326,285],[-46,49],[-41,69],[-37,148],[-22,218],[-17,102],[-36,65],[-177,171],[-83,20],[-147,13],[-83,25],[-44,37],[-24,84],[-51,67],[-57,51],[-113,31],[-107,41],[-77,47],[-201,46],[-159,-11],[-241,42],[-170,-26],[-130,-66],[-105,6],[-121,-13],[-99,43],[-115,59],[-206,39],[-145,39],[-131,92],[-92,53],[-153,24],[-178,55],[-192,65],[-153,70],[-94,80],[-154,221],[-89,268],[-39,82],[-122,216],[-44,174],[-32,62],[-39,26],[-67,19],[-95,40],[-194,72],[-210,127],[-228,133],[-132,59],[-136,100],[-103,127],[-72,138],[-120,148],[-74,104],[-103,124],[-96,106],[-112,159],[-77,130],[-93,191],[-113,218],[-112,115],[-54,35],[-102,20],[-157,57],[-63,8],[-279,-51],[-120,-17],[-264,-25],[-48,21],[-35,44],[-45,80],[-185,253],[-22,69],[-6,75],[142,339],[99,173],[-8,69],[-132,74],[-193,5],[-184,109],[-135,9],[-189,-82],[-173,28],[-107,77],[-35,81],[66,126],[-15,85],[-37,84],[-16,71],[10,67],[19,44],[27,17],[12,56],[88,92],[-4,54],[7,37],[35,32],[6,34],[19,29],[35,21],[0,89],[17,13],[4,30],[-29,55],[0,42],[25,29],[-6,45],[41,7],[-14,76],[25,35],[-16,22],[-3,59],[39,32],[-6,42],[-34,15],[34,65],[51,6],[37,30],[14,71],[-52,2],[-20,25],[15,15],[-48,29],[15,42],[-24,18],[8,35],[-51,46],[15,49],[-17,35],[-30,32],[0,58],[-25,59],[30,66],[25,-4],[3,49],[24,62],[33,5],[31,29],[20,33],[33,10],[11,27],[-5,50],[-16,44],[28,49],[-30,72],[-33,-7],[-9,17],[35,68],[-25,26],[0,34],[-59,67],[-61,42],[17,44],[0,47],[-38,60],[15,42],[3,44],[26,24],[-28,60],[18,21],[29,5],[-11,61],[32,39],[-3,18],[40,33],[2,29],[30,59],[1,32],[-31,32],[9,54],[-26,78],[15,73],[40,24],[51,10],[8,16],[-29,65],[10,56],[-35,40],[-5,66],[-23,1],[-16,40],[43,61],[21,61],[-45,54],[-55,38],[-37,0],[-24,28],[-9,37],[-36,4],[-38,-13],[-23,-37],[-25,20],[-82,-2],[-101,53],[-53,-41],[-42,-53],[-64,-19],[-8,37],[-58,27],[-39,30],[-20,45],[-45,2],[-9,21],[0,52],[-42,40],[-74,36],[-23,47],[-62,9],[-33,40],[2,45],[-21,25],[-29,-6],[-33,-62],[-62,-23],[-22,10],[14,64],[-24,24],[-70,2],[-22,19],[-3,67],[-51,30],[-42,43],[-49,34],[2,66],[-35,44],[-27,-2],[-66,-78],[-87,41],[-23,40],[-62,21],[13,31],[-7,26],[-31,25],[-7,22],[-27,21],[-23,96],[-23,41],[20,75],[69,31],[19,27],[30,85],[-21,77],[-12,21],[9,30],[66,10],[-6,33],[-62,75],[-26,19],[9,50],[22,15],[4,54],[30,45],[-7,69],[12,29],[-5,26],[-58,44],[-3,25],[36,37],[-1,46],[-51,28],[-7,36],[-27,29],[-64,39],[-10,84],[-26,25],[-48,27],[19,42],[-12,49],[-19,31],[35,39],[-6,26],[-42,45],[-7,36],[-38,43],[-62,49],[0,52],[-49,29],[4,31],[30,31],[52,79],[2,42],[-45,16],[-10,31],[-29,49],[-52,43],[-53,22],[-37,1],[-47,37],[-57,24],[-75,-10],[-18,16],[-6,53],[36,73],[41,32],[40,-18],[29,6],[-6,37],[-29,14],[-31,37],[-4,40],[14,37],[-12,22],[-32,15],[-58,82],[-27,18],[-10,37],[13,33],[25,29],[23,95],[-29,39],[12,42],[-64,89],[-35,6],[-34,24],[-44,56],[-10,49],[18,23],[11,43],[-26,103],[19,146],[-29,52],[5,49],[-8,29],[7,36],[38,53],[5,49],[-4,71],[-30,65],[-13,75],[10,109],[-18,50],[1,28],[32,101],[35,53],[-15,50],[-5,76],[-27,173],[8,53],[-5,49],[41,54],[23,66],[-2,35],[-19,44],[6,27],[33,29],[2,49],[-13,32],[-50,47],[-3,28],[35,29],[76,95],[-1,62],[-13,33],[-31,-1],[-35,44],[38,103],[-16,97],[27,49],[61,50],[57,67],[60,31],[32,26],[8,34],[-13,40],[-30,12],[-15,29],[18,23],[15,50],[26,49],[21,83],[16,18],[31,81],[54,49],[1,43],[-31,34],[-51,34],[-19,27],[-37,24],[-13,21],[13,22],[15,83],[29,43],[41,82],[15,102],[0,59],[-11,59],[-35,93],[-13,51],[13,63],[51,5],[68,19],[46,29],[11,53],[-20,43],[38,67],[50,45],[41,-18],[27,15],[16,68],[0,35],[33,30],[28,-67],[-8,-30],[33,-20],[57,23],[8,67],[-12,54],[-33,34],[-29,3],[-31,-18],[-16,58],[26,52],[17,8],[56,-5],[16,15],[9,36],[-9,27],[-27,18],[-42,-7],[-41,-21],[-17,12],[-4,31],[53,7],[36,-6],[90,6],[31,35],[-5,61],[-56,114],[-15,19],[-49,177],[0,36],[21,53],[20,109],[31,48],[29,16],[31,1],[53,-15],[70,12],[52,43],[56,19],[28,55],[-4,12],[-51,45],[-85,57],[-6,19],[20,23],[73,15],[0,42],[-20,34],[-8,61],[38,48],[43,73],[14,64],[34,22],[80,-18],[19,6],[11,44],[38,93],[23,32],[-16,67],[21,32],[97,34],[4,36],[-12,64],[16,21],[50,15],[26,45],[49,31],[8,46],[-40,87],[-32,90],[24,30],[59,15],[49,-8],[104,-43],[38,15],[23,44],[10,45],[0,87],[-63,72],[-30,137],[-21,58],[-36,58],[-27,121],[52,33],[45,46],[9,39],[-20,30],[-36,17],[-84,-32],[-35,-36],[-62,-13],[-49,15],[-22,30],[12,57],[11,101],[92,99],[36,77],[20,67],[26,32],[30,10],[58,-40],[25,11],[2,38],[-32,63],[-19,9],[-49,-11],[-31,-28],[-30,12],[5,37],[65,39],[56,2],[58,32],[55,16],[12,53],[-19,119],[-30,51],[-53,39],[-15,22],[-42,31],[-58,29],[-86,-14],[-18,9],[-29,43],[-24,20],[-17,76],[-26,48],[-12,41],[13,32],[25,29],[-84,27],[-56,11],[-75,4],[-43,27],[-23,41],[72,64],[-8,32],[-29,23],[-7,25],[59,10],[27,25],[1,54],[49,60],[12,37],[-4,63],[19,18],[60,1],[72,17],[107,64],[50,10],[23,-38],[25,17],[-18,47],[22,37],[52,-38],[67,9],[30,14],[52,5],[57,-29],[27,9],[72,56],[29,17],[58,17],[45,-7],[24,12],[-13,25],[-33,21],[10,15],[51,-7],[38,23],[12,36],[-4,40],[10,36],[26,30],[68,53],[40,50],[40,23],[23,0],[142,24],[26,21],[14,87],[40,31],[44,19],[55,88],[21,8],[49,-8],[61,6],[60,103],[29,-30],[22,-1],[61,36],[41,16],[26,24],[12,55],[39,45],[-1,45],[-66,47],[-22,47],[9,20],[38,27],[30,0],[2,22],[-21,24],[-39,72],[-40,4],[-13,17],[16,25],[7,56],[-29,22],[-25,-11],[-14,27],[52,24],[61,64],[-22,18],[49,69],[4,57],[22,14],[32,-6],[38,36],[52,-4],[51,13],[47,-23],[39,25],[22,66],[42,43],[26,9],[19,-34],[-18,-15],[-34,-4],[-18,-38],[21,-48],[21,-7],[21,22],[24,45],[49,-3],[23,11],[49,114],[23,18],[36,-23],[6,-34],[34,-34],[45,-21],[27,22],[2,58],[16,53],[-15,29],[-35,30],[15,24],[50,-8],[32,25],[19,55],[36,6],[1,-37],[15,-30],[27,-7],[11,22],[1,118],[6,31],[-59,14],[-34,26],[15,36],[-44,85],[-21,65],[27,76],[-8,47],[-16,28],[-29,85],[2,63],[22,20],[83,43],[43,31],[35,36],[-11,37],[7,18],[64,3],[27,44],[2,27],[19,34],[48,6],[88,27],[65,29],[43,31],[11,20],[-28,50],[22,13],[73,-60],[49,-23],[16,9],[29,74],[-28,43],[1,29],[107,66],[-68,48],[-6,20],[35,27],[-63,88],[-6,44],[-41,24],[-54,11],[-43,-6],[-44,16],[-1,60],[-47,-3],[-53,14],[-39,-19],[-11,-35],[-44,-20],[-23,-24],[-5,-50],[-84,38],[-90,-3],[-27,64],[46,57],[35,25],[65,27],[2,20],[-32,62],[-29,18],[-21,63],[-32,14],[-17,-10],[6,-54],[-10,-27],[-46,10],[-36,44],[-32,28],[44,28],[9,29],[-16,47],[1,44],[-28,11],[-59,-81],[-29,-27],[-23,-5],[-31,60],[-32,27],[8,31],[24,-13],[36,-37],[31,2],[25,26],[-18,48],[0,36],[17,41],[-9,11],[-83,25],[-54,26],[-45,35],[5,43],[23,75],[-21,26],[-48,12],[-50,-22],[-18,23],[-22,-1],[-66,69],[-11,44],[-29,21],[-52,-2],[-55,21],[10,25],[30,30],[65,127],[58,69],[23,69],[26,39],[19,56],[64,72],[-1,59],[13,31],[54,45],[-95,59],[-41,9],[-43,37],[-52,16],[-59,10],[-50,16],[-77,-7],[-84,-15],[-49,22],[-57,-3],[-72,25],[-81,45],[-22,6],[-53,64],[-31,0],[-42,22],[-38,35],[-65,13],[-3,28],[-24,25],[-11,32],[-28,31],[-51,21],[10,32],[46,35],[-5,24],[-22,12],[-34,57],[-18,47],[-4,34],[-46,69],[4,30],[23,35],[-3,27],[19,31],[-20,53],[-37,38],[44,73],[32,30],[90,123],[66,69],[45,18],[40,33],[-25,12],[-17,29],[-19,-1],[-50,31],[-25,-12],[-30,-46],[-39,-14],[-31,14],[-24,35],[42,42],[11,31],[-37,33],[45,42],[34,42],[35,31],[26,74],[45,13],[22,24],[38,-19],[40,22],[10,49],[-19,23],[-3,39],[113,126],[28,43],[51,21],[67,49],[29,53],[-14,28],[-4,54],[-42,28],[-4,63],[30,46],[22,-3],[67,28],[16,46],[-43,17],[-51,47],[-48,30],[-29,3],[-27,-13],[-16,-32],[-26,-8],[-128,93],[-39,16],[-33,53],[-41,4],[-39,25],[30,53],[-22,36],[7,21],[-40,20],[-27,-19],[-34,35],[-3,36],[-15,30],[-52,40],[-33,-20],[-49,2],[-56,-19],[-23,9],[-60,70],[-23,42],[-30,11],[-13,28],[-33,24],[-65,25],[-24,39],[-34,32],[-30,15],[-31,-34],[-54,0],[-33,34],[6,84],[16,36],[-15,34],[-77,18],[-25,-21],[-9,-49],[-2,-59],[-22,-36],[-40,-45],[-14,6],[-122,16],[-52,31],[2,61],[-27,0],[-53,-28],[-41,2],[-61,-18],[-21,21],[-31,7],[-44,-34],[-34,-3],[-41,48],[-51,37],[17,55],[15,18],[61,17],[-6,21],[-60,48],[-2,40],[-23,46],[-44,15],[-26,-32],[2,-54],[-11,-29],[-44,4],[-67,23],[-49,-5],[-33,9],[-28,-46],[-15,-55],[-23,-35],[-3,-48],[-54,7],[-46,38],[-4,33],[46,89],[-6,21],[-31,-8],[-48,17],[-77,2],[-35,20],[41,41],[14,41],[-33,20],[-52,8],[-13,18],[-6,46],[-27,3],[-25,-25],[-47,18],[-62,10],[-18,30],[-34,1],[-80,54],[-59,9],[-27,-9],[18,-38],[-12,-99],[-19,-15],[-4,-54],[34,-51],[-28,-14],[-68,64],[-29,-16],[-41,-8],[-65,29],[-74,70],[-59,6],[-24,-12],[-25,-33],[-47,-17],[-51,44],[-22,3],[-87,-35],[-67,9],[-39,30],[-35,-8],[-53,3],[-44,13],[-66,2],[-50,-28],[-19,8],[-1,58],[42,70],[-7,31],[14,62],[31,22],[-26,49],[-41,18],[-77,-3],[-31,-38],[-12,-28],[-45,-4],[42,117],[-20,25],[-34,18],[-37,-4],[-13,-32],[-24,-24],[-59,14],[-29,-7],[-15,-45],[15,-24],[41,-26],[13,-56],[-24,-43],[-35,-14],[-28,-28],[-31,8],[-43,-13],[-32,-22],[-39,2],[-6,39],[-16,15],[-54,9],[-85,64],[-37,-5],[-93,-28],[-50,10],[-30,41],[-20,8],[-2,33],[17,23],[14,51],[1,58],[10,60],[22,15],[13,62],[-26,54],[-33,9],[-19,35],[2,24],[29,32],[22,65],[-9,28],[39,32],[25,0],[10,-46],[29,-47],[78,-8],[30,19],[-27,20],[9,47],[-34,37],[28,25],[41,-9],[56,-48],[47,19],[15,30],[-45,37],[-19,37],[-22,81],[21,51],[50,44],[73,-6],[30,-18],[34,23],[13,28],[35,1],[37,-40],[45,0],[40,30],[32,-11],[40,32],[17,27],[59,30],[19,17],[43,-1],[23,42],[-29,37],[-6,57],[-18,21],[0,45],[44,13],[12,40],[-1,31],[-16,53],[-52,4],[3,41],[60,82],[53,52],[40,54],[0,17],[31,40],[30,6],[9,32],[39,40],[42,27],[28,48],[51,17],[46,24],[31,46],[43,25],[6,19],[-19,44],[-1,31],[-31,1],[-34,35],[-19,53],[-5,73],[29,36],[40,16],[33,52],[15,70],[-7,75],[5,52],[-18,44],[7,44],[20,44],[21,95],[-50,19],[-24,21],[-48,7],[-21,26],[21,74],[-7,31],[30,53],[63,25],[26,22],[-2,21],[-51,40],[0,30],[32,76],[-3,40],[75,48],[41,68],[2,50],[22,43],[3,39],[14,32],[5,50],[-14,26],[1,49],[35,39],[19,68],[-24,42],[21,37],[-8,18],[22,92],[30,41],[-18,28],[9,78],[27,11],[8,22],[-1,62],[9,44],[40,30],[14,38],[-20,14],[-13,34],[13,36],[-3,28],[17,18],[31,-1],[-4,46],[-21,48],[0,29],[-20,26],[63,89],[9,49],[-38,48],[2,27],[34,36],[-14,46],[7,32],[-19,34],[15,47],[25,1],[5,52],[-6,66],[40,-22],[35,22],[13,83],[12,14],[2,39],[-23,20],[6,126],[27,24],[-28,28],[-5,22],[52,49],[19,33],[-9,118],[-38,48],[-48,12],[-28,26],[-44,19],[-35,2],[-18,24],[-57,-31],[-56,3],[-32,25],[-56,18],[-12,19],[-31,-11],[-11,35],[-48,10],[-30,32],[-17,34],[-55,46],[-36,63],[-50,-42],[-11,4],[-27,55],[-34,-5],[1,27],[-29,34],[3,46],[-33,4],[-33,18],[-59,66],[-45,-8],[-71,4],[-81,-2],[-33,9],[-14,18],[-60,118],[-43,129],[-7,54],[12,69],[-5,34],[-26,87],[-9,74],[-10,36],[-46,56],[-41,71],[-28,118],[2,41],[-12,49],[-49,55],[-40,10],[-24,17],[-32,67],[-29,12],[-107,62],[-20,22],[-119,97],[-26,13],[-96,31],[-59,36],[-38,6],[-46,-19],[-70,-72],[-46,-29],[-77,-63],[-82,-53],[-51,-16],[-115,-20],[-75,-20],[-112,-22],[-36,-25],[-96,-109],[-44,-25],[-54,-9],[-123,-2],[-63,4],[-53,-4],[-43,-20],[-58,-54],[-60,-31],[-49,-13],[-159,-1],[-34,-17],[-98,-72],[-53,-29],[-56,-20],[-70,-16],[-55,-24],[-108,-61],[-57,-18],[-184,-24],[-138,-25],[-246,-51],[-134,-20],[-56,0],[-60,27],[-41,36],[-40,6],[-62,-11],[-99,56],[-55,13],[-81,3],[-33,8],[-228,-18],[-52,0],[-118,10],[-54,44],[-38,76],[-18,22],[-51,21],[-118,33],[-130,27],[-252,33],[-130,12],[-121,18],[-91,2],[-83,17],[-107,7],[-74,-4],[-62,-14],[-83,-27],[-109,-2],[-70,-6],[-46,-11],[-101,-39],[-87,-50],[40,-3],[60,-21],[58,-3],[57,-37],[36,-5],[107,-1],[35,-8],[79,5],[27,-44],[8,-37],[-23,-63],[76,-104],[86,-96],[40,-60],[9,-60],[-7,-85],[6,-114],[9,-46],[18,-43],[31,-38],[87,-23],[9,-13],[-7,-47],[1,-61],[-21,-62],[1,-36],[17,-22],[11,-75],[-21,-95],[0,-116],[11,-26],[24,-15],[42,1],[36,-16],[62,-44],[60,-17],[49,-35],[20,-59],[5,-82],[0,-84],[-7,-78],[-37,-76],[4,-20],[31,-20],[30,-4],[53,11],[54,-35],[41,-45],[52,-94],[-17,-29],[54,-31],[9,-45],[10,-126],[48,-41],[-13,-39],[-69,-45],[-14,-17],[26,-148],[-16,-33],[-87,-81],[-33,-65],[-48,-28],[-69,-10],[-24,-16],[-14,-37],[-4,-43],[-51,-24],[-12,-83],[-27,-37],[-31,-13],[-113,-15],[-45,-15],[-76,7],[-13,-39],[7,-21],[42,-27],[15,-22],[9,-62],[-23,-8],[3,-54],[-56,17],[-22,-32],[-16,-60],[-4,-44],[-50,-43],[-16,-25],[-54,-6],[-24,-34],[4,-33],[18,-35],[-16,-34],[-38,3],[-25,-25],[-49,-14],[-24,-34],[-3,-47],[-37,-5],[-44,-61],[-97,-15],[-62,-37],[-23,-31],[-30,-20],[-42,-62],[-20,-7],[-35,-36],[20,-59],[27,-11],[13,-48],[-40,-23],[-8,-18],[-48,-16],[-31,9],[-61,-29],[4,-14],[-51,-90],[-23,1],[-30,-21],[-15,-38],[-61,2],[-37,38],[-46,4],[-72,-49],[-76,-8],[-53,16],[-29,-9],[-26,-44],[-28,-10],[-64,29],[-31,-25],[-39,-1],[-31,-88],[-27,-28],[-6,-44],[-19,-41],[-39,-27],[-66,6],[-33,21],[-59,-4],[13,-50],[-39,-27],[1,-30],[-22,-36],[-63,-16],[-20,-22],[2,-27],[-30,-37],[-38,3],[-65,32],[-30,0],[-38,25],[-31,7],[-34,41],[-25,16],[-24,-3],[-14,-27],[-27,-5],[-32,31],[-61,20],[-29,-10],[-35,18],[-40,-35],[-9,-32],[-32,-23],[-19,-50],[-37,-51],[13,-83],[16,-18],[-27,-36],[3,-54],[-24,-47],[-9,-42],[-42,-76],[-27,-11],[-82,-2],[-30,-54],[-126,-10],[-21,-21],[9,-38],[-37,-56],[15,-27],[-8,-35],[52,-10],[16,-15],[52,-13],[-9,-40],[64,-131],[-23,-47],[-10,-46],[8,-17],[-25,-29],[7,-58],[12,-16],[25,-104],[-42,-43],[-120,-6],[-25,25],[-42,-9],[-6,-35],[27,-49],[-5,-47],[6,-44],[17,-35],[-11,-27],[-34,-17],[-16,-73],[12,-38],[-84,-23],[-32,7],[-37,-12],[-58,-7],[-60,10],[-15,-47],[-2,-36],[-16,-25],[-62,9]],[[123722,38874],[-26,-43],[3,-34],[27,-8],[9,-35],[-51,-52],[-37,23],[-54,7],[-38,-3],[-28,-38],[-33,4],[-15,35],[-42,18],[-101,-1],[-7,14],[-42,-5],[-28,16],[-118,12],[-17,-14],[-46,14],[-63,-6],[-25,-11],[-15,-25],[-56,-20],[-41,7],[-29,-7],[-42,6],[-29,17],[-7,31],[-47,-2],[-25,-61],[-52,5],[-27,-52],[-31,-16],[-42,3],[-29,-20],[-32,-3],[-15,-24],[-62,-3],[0,-31],[-19,-36],[-39,-7],[-19,-17],[-12,-43],[-71,-50],[-22,-37]],[[122227,38382],[-17,-35],[-38,31],[-12,51],[1,31],[-13,44],[-41,-12],[-35,18],[-14,-13],[-27,15]],[[122031,38512],[-10,48],[-31,14],[-25,-22],[-10,37],[-21,13],[-29,57],[-104,44],[-5,16]],[[121796,38719],[-23,25],[-33,9],[-25,-6]],[[121715,38747],[-13,-27],[-24,-16],[-27,0],[-42,40],[-7,22],[-25,3],[-29,45],[-19,2],[-40,62],[-41,-55]],[[121448,38823],[21,-48],[-19,-12],[-47,34],[-63,12],[-15,15],[-44,-9],[-31,50],[-30,12],[-28,-5],[-22,-26],[-22,-45],[-28,28],[-3,43],[-24,37],[-57,11],[-50,-4],[-64,-93],[-27,13],[-44,58],[-31,26],[-54,-27],[-53,11],[-50,-3],[-55,41],[-9,-25],[-28,-20],[-68,-24],[-58,12],[-28,-17],[-10,-91],[-20,-72],[31,-46],[36,-23],[-15,-30],[3,-33],[45,-15],[21,15],[35,1],[51,-53],[14,-27],[43,-22],[48,-14],[29,-69],[-2,-35],[47,-42],[76,11],[28,-42],[6,-55],[-60,-35],[-13,-27],[-25,-7],[3,-50],[-11,-7],[-57,20],[-51,-1],[-28,-9],[-25,19],[-40,-2],[-44,-24],[-10,-37],[-20,-26],[-55,-37],[-29,-47],[40,-60],[10,-51],[-57,-1],[-12,-11],[-62,-11],[-52,-19],[-14,-55],[-50,-27],[-36,12],[-85,12],[-25,16],[-47,8],[-49,19],[-43,31],[-43,-21],[-21,15],[-127,-35],[-45,15],[-74,-2],[-44,71],[-99,5],[-28,12],[-34,-29],[-40,-46],[-35,0],[-84,-14],[-36,23],[8,15],[62,24],[14,24],[-23,23],[-69,-5],[-39,37],[-27,5],[-35,-27],[-61,-2],[-14,-15],[5,-75],[-20,-18],[-53,-21],[-52,-13],[-10,-36],[-64,-35],[-39,-34],[-44,-13],[-47,6],[-26,-22],[-78,-4],[-63,-20],[-20,-23],[-13,-48],[20,-46],[-9,-32],[-68,-66],[29,-67],[-9,-29],[-37,-60],[37,-33],[39,-18],[5,-41],[-5,-48],[23,-55],[-15,-18],[-74,-27],[-27,-63],[19,-47],[5,-51],[16,-31],[103,-30],[37,-30],[-28,-43],[-20,-47],[-43,-31],[-17,-61],[-25,-28],[-51,-14],[-24,-16],[53,-76],[-65,-28],[-43,-9],[-25,-50],[-46,-16],[-33,-63],[-48,-30],[-19,-24],[-4,-32],[-33,-72],[-37,-11],[-10,-28],[-69,9],[-86,-19],[-20,-31],[-32,0],[-49,-15],[-55,-33],[-60,38],[-37,6],[-36,90],[-58,42],[-44,-19],[-64,-74],[-24,-2],[-42,19],[-29,-69],[-13,-6],[-15,-42],[-53,-35],[-51,8],[-21,78],[7,30],[-22,28],[-3,58],[-9,9],[-58,-29],[-13,64],[-58,-5],[-73,11],[-59,-5],[-15,-35],[-46,-52],[-20,0],[-63,26],[-55,-37],[-30,16],[-64,6],[-27,-10],[-68,-52],[-40,-7],[-73,-41],[-25,10],[-7,53],[-20,46],[40,32],[20,38],[1,38],[-21,23],[-40,-7],[-78,-48],[-4,-53],[-22,-14],[-53,0],[-27,-14],[-73,2],[-36,-28],[-74,-2],[-23,-20],[-85,-21],[32,-32],[30,-63],[30,-20],[4,-34],[-10,-31],[-23,-19],[-127,-42],[-40,13],[-11,24],[-38,27],[-54,-4],[-12,-33],[-26,-7],[-20,-53],[27,-15],[-50,-73],[-27,-19],[-22,-54],[-4,-33],[-28,-3],[-26,28],[-64,-52],[22,-18],[36,-60],[-37,-105],[30,-85],[-5,-48],[-38,0],[-9,-23],[-31,9],[-53,-22],[-14,-26],[-47,-2],[-61,20],[-98,77],[-67,17],[-84,46],[-67,-67],[6,-60],[22,-35],[5,-59],[-35,-43],[-38,8],[-19,31],[-31,13],[-31,-25],[-32,49],[-77,47],[-29,2],[-31,-14],[-27,-42],[-39,5],[-36,17],[-58,-17],[-40,13],[-23,-34],[20,-29],[18,-52],[-9,-40],[9,-31],[-42,-54],[-2,-69],[-19,-36],[10,-40],[-35,-22],[-27,-1],[-22,22],[-34,105],[-25,15],[-55,-3],[-29,6],[-56,61],[-18,49],[-26,30],[-14,33],[-8,52],[-54,16],[-26,46],[-70,5],[-31,29],[-6,47],[-27,63],[-2,28],[-37,15],[-41,-17],[-49,-52],[-6,-30],[-24,-41],[-47,-27],[-47,-42],[-40,-22],[-74,-9],[-21,-22],[-33,-14],[-44,4],[-28,63],[-84,3],[-32,-24],[-4,-24],[-38,-23],[-70,6],[-61,46],[-61,9],[-60,-35],[19,-25],[-8,-138],[16,-85],[-17,-54],[-29,-19],[-80,-3],[-44,29],[-23,0],[-18,21],[-70,10],[4,-72],[-56,-52],[-41,-1],[-25,18],[-63,10],[-13,-9],[5,-61],[-5,-75],[24,-19],[6,-31],[39,-44],[-2,-23],[-72,-49],[-62,16],[-27,-38],[-49,-8],[-18,8],[-56,-11],[-18,-21],[-4,-46],[-11,-14],[-44,6],[-61,72],[-64,38],[-61,29],[-101,32],[-62,5],[-60,24],[-23,26],[-26,63],[-4,45],[-46,40],[-45,-6],[-20,-26],[-45,6],[-20,-11],[-81,9],[-20,45],[-44,-10],[-28,19],[-66,27],[-73,-23],[-24,11],[-24,78],[-14,15],[-42,14],[-30,-15],[-88,24],[-52,26],[-82,-21],[-81,41],[-46,69],[-44,8],[-45,-44],[-17,-6],[-58,13],[-28,-15],[-73,5],[-16,25],[-49,-27],[-44,-13],[-33,2],[-48,20],[-26,72],[-64,43],[-57,22],[-6,39],[-27,44],[-4,52],[-45,24],[-44,45],[-27,-30],[4,-48],[-55,5],[-45,16],[-60,56],[-35,44],[-48,22],[-31,-25],[-38,-12],[-20,11],[-27,41],[-41,-4],[-41,13],[-54,-4],[-28,6],[-33,22],[-56,-6],[-62,2],[-27,11],[-38,-22],[-34,-2],[-23,-15],[-29,2],[-1,-34],[-24,-18],[-129,39],[-24,-27],[17,-35],[-17,-41],[-4,-38],[84,-43],[5,-18],[-28,-42],[-29,-21],[-12,-49],[14,-47],[-17,-25],[-49,-22],[-36,-26],[-65,-16],[-71,10],[-46,41],[-65,46],[-74,29],[-48,-27],[-14,-39],[34,-47],[-25,-47],[-52,8],[-15,-12],[-60,11],[-58,-12],[-27,34],[-36,30],[-34,-5],[-3,-52],[-25,-41],[-4,-34],[11,-18],[45,-28],[20,-37],[-14,-31],[-43,3],[-46,-31],[-26,36],[-17,-10],[-18,-121],[19,-23],[-25,-23],[4,-24],[-18,-18],[-45,-111],[34,-24],[44,-4],[51,15],[26,19],[16,-38],[-30,-100],[-2,-37],[20,-59],[53,-24],[25,-50],[-31,-70],[-38,-23],[-45,46],[-33,5],[-73,-36],[-28,-33],[-41,-3],[6,-47],[21,-62],[-4,-18],[26,-34],[31,-13],[-4,-24],[-26,-18],[-52,2],[-119,-22],[-58,43],[-6,72],[-58,18],[0,31],[-73,44],[-63,5],[-87,84],[-40,-21],[-85,1],[-49,-17],[-46,0],[-49,29],[-20,43],[-16,13],[-49,12],[-46,-8],[-47,-42],[-15,0],[-23,-45],[-4,-39],[-39,-20],[-27,17],[-50,-15],[-85,40],[-27,-1],[-92,-55],[-17,-15],[-45,14],[-69,-25],[-30,31],[-57,17],[-92,4],[-29,15],[-55,-4],[-46,25],[-74,-17],[-28,-32],[-67,-9],[-17,-33],[-2,-38],[30,-37],[-39,-44],[-104,-37],[-40,-62],[3,-61],[12,-39],[48,-90],[-11,-37],[23,-36],[59,-15],[26,1],[42,-35],[5,-54],[-27,-38],[-22,-70],[-25,-26],[-30,-57],[-15,-52],[-15,-11],[-23,-52],[-53,-27],[-56,-44],[-38,9],[-62,-16],[-8,-82],[18,-92],[-29,-41],[-30,-84],[-4,-108],[26,-17],[15,-43],[38,-23],[14,-22],[33,-15],[-9,-48],[34,-39],[134,-111],[40,-29],[6,-67],[8,-22],[-15,-33],[-40,-30],[-38,-10],[-41,-27],[-59,-7],[2,-31],[21,-13],[136,-120],[59,-30],[38,-5],[69,-69],[135,-40],[14,-34],[-9,-41],[-91,-116],[15,-24],[4,-82],[-9,-27],[-37,-55],[-9,-163],[15,-52],[39,-66],[28,-34],[-13,-58],[3,-71],[23,-207],[-31,-58],[-18,-67],[-81,-43],[-13,-59],[14,-55],[-4,-22],[-28,-13],[-41,14],[-98,75],[-97,80],[-36,21],[-54,49],[-46,15],[-38,38],[-42,92],[-12,77],[-26,43],[-42,31],[-38,15],[-68,1],[-86,36],[-53,38],[-86,22],[-39,-4],[-20,-18],[-36,-99],[-65,-56],[-22,-72],[-21,-18],[-173,-81],[-94,-89],[-28,-54],[-60,-95],[-60,-40],[-68,-31],[-57,-11],[-66,47],[-45,3],[-32,-22],[-4,-66],[20,-127],[-16,-42],[-55,-70],[-9,-60],[-15,-39],[-32,-11],[-21,-34],[-80,-65],[-23,-64],[-41,-18],[-14,-29],[-56,13],[-29,-10],[-19,30],[-53,3],[-60,-14],[-29,15],[-53,10],[-34,-5],[-71,30],[-169,135],[-31,65],[-21,28],[-49,45],[-44,26],[-45,39],[-25,63],[4,91],[-35,31],[-52,-14],[-72,14],[-148,116],[-77,21],[-51,24],[-40,83],[30,38],[63,4],[18,19],[13,61],[-32,33],[-5,34],[35,84],[8,121],[44,63],[-45,63],[-54,3],[-27,30],[-47,137],[21,29],[-12,31],[-24,-10],[-105,10],[6,64],[-47,83],[-17,14],[-15,47],[-34,32],[-92,20],[-137,81],[-25,5],[-42,-23],[-89,-8],[-77,22],[-59,-2],[-55,28],[-105,-13],[-18,7],[-59,51],[-95,42],[-20,15],[-78,2],[-47,-29],[-43,-2],[-25,13],[-76,115],[-30,20],[-27,32],[-42,12],[-38,1],[-14,17],[5,69],[30,48],[-19,40],[1,81],[10,26],[-21,39],[6,55],[-50,49],[-13,37],[6,35],[26,58],[74,104],[68,164],[-14,22],[-69,12],[-44,-20],[-80,-19],[-83,12],[-25,21],[-14,44],[-25,19],[-52,-5],[-49,3],[-12,-16],[-44,-2],[-24,23],[-40,-10],[-31,-28],[-22,3],[-22,34],[-41,9],[-65,-51],[-21,-2],[-96,11],[-27,31],[-38,14],[-11,62],[-75,4],[-59,44],[-20,45],[-42,55],[-3,38],[-26,23],[-99,35],[-58,0],[-57,29],[-65,17],[-200,110],[-20,22],[-85,51],[-56,14],[-41,-5],[-56,-32],[-70,-4],[-35,8],[-76,-4],[-52,-18],[-28,-19],[-78,-95],[-92,-27],[-4,-52],[16,-29],[39,-11],[33,-33],[26,-41],[79,-69],[38,3],[101,-30],[11,-43],[-20,-66],[6,-24],[55,-66],[-18,-82],[-6,-50],[-16,-19],[-50,-17],[-20,-19],[-73,-38],[-60,-61],[4,-20],[30,-43],[-28,-84],[-42,-45],[-37,-1],[-69,-82],[-77,-2],[-41,28],[-3,104],[-33,23],[-27,-19],[-29,-1],[-26,20],[-6,45],[-39,59],[-50,3],[-111,-89],[3,-29],[19,-21],[-28,-14],[-22,11],[-33,-3],[-31,-54],[-5,-68],[73,-59],[8,-43],[-5,-69],[-30,14],[-22,68],[-34,12],[-34,-20],[-40,-2],[-68,68],[-26,9],[-70,-10],[-52,50],[-29,57],[-33,-17],[-94,0],[-46,115],[8,76],[-33,46],[-27,10],[-54,-11],[-44,16],[-117,99],[-80,14],[-58,44],[49,65],[46,0],[10,33],[-8,29],[-76,54],[-91,132],[-14,41],[-48,42],[-45,77],[-22,54],[-29,51],[-225,187],[-26,-32],[26,-81],[-12,-70],[45,-64],[-18,-42],[-58,-16],[-117,-113],[-56,-154],[-5,-113],[-28,-28],[-177,-28],[-92,47],[-270,21],[-49,22],[-55,-23],[-61,4],[-46,36],[-9,43],[32,62],[-50,63],[-78,45],[-97,37],[-31,-55],[-60,3],[-20,15],[-38,-13],[-24,-33],[-73,15],[-51,-25],[-96,4],[-29,19],[-37,-1],[-35,36],[-33,4],[-40,-23],[-48,23],[-66,1],[-36,11],[-46,40],[-121,34],[-112,-9],[-48,-16],[-11,-42],[-38,-73],[-42,26],[-62,-18],[9,-41],[-25,-7],[-12,40],[-20,5],[-44,-15],[-25,-28],[-42,-14],[-98,98],[-39,-7],[-38,-41],[-35,-5],[-24,-49],[-55,-17],[-69,-49],[-32,-109],[-32,-71],[-1,-32],[-30,1],[-4,-27],[-34,-22],[-11,-32],[-34,-32],[-43,-17],[-29,-25],[-10,-38],[40,-30],[-18,-24],[-53,-6],[-36,-58],[-12,4],[-4,66],[-12,42],[-51,49],[-10,58],[-21,64],[-50,17],[-25,-31],[-74,30],[-51,42],[-8,69],[-16,-2],[-9,78],[0,45],[-59,73],[-33,8],[6,33],[-11,118],[-37,66],[-31,30],[3,50],[-29,61],[-4,35],[-51,57],[-124,7],[-31,-52],[-11,-40],[-33,-26],[-2,-40],[-12,-13],[-28,40],[-3,86],[-27,29],[-43,13],[-2,35],[-37,73],[-12,41],[-30,40],[-7,33],[-31,52],[-36,41],[-27,84],[6,44],[-11,17],[-34,1],[-32,22],[-31,36],[-18,2],[-20,46],[-73,71],[-21,70],[-29,30],[17,88],[-23,33],[-45,-9],[-18,10],[16,30],[-4,28],[-24,17],[-88,12],[-28,-2],[-37,33],[-8,30],[-27,41],[0,56],[-11,47],[-29,20],[6,88],[-32,38],[-66,10],[-13,-21],[-4,-39],[-17,-26],[-36,-26],[-42,23],[-47,-17],[-36,28],[-28,-6],[-8,-32],[-35,-24],[-24,29],[-43,-26],[-35,6],[-27,47],[-39,31],[-62,18],[-30,34],[-54,7],[-76,55],[-134,77],[-106,29],[-208,88],[-72,53],[-23,95],[-62,12],[-72,6],[-212,124],[-39,32],[-17,37],[-30,-14],[-14,-23],[10,-112],[-9,-48],[-67,-144],[-48,-21],[-89,-15],[-34,-39],[-42,1],[-57,-9],[-29,13],[-16,31],[23,44],[4,77],[-15,27],[-54,-12],[-41,18],[-29,-27],[-35,1],[-22,-44],[-32,-3],[-35,11],[-37,28],[-98,-2],[-4,-39],[-26,-25],[-58,-4],[-53,9],[-90,-23],[-91,-5],[-46,42],[6,35],[-38,24],[-22,-5],[-9,-34],[-23,-39],[-13,-52],[-38,-15],[0,-39],[-27,-29],[-32,-63],[-69,0],[-24,22],[-77,23],[-17,27],[19,33],[-8,16],[-42,16],[-40,32],[-45,-30],[-23,27],[-19,64],[-42,8],[-28,44],[-21,11],[-38,0],[-49,34],[-53,16],[-25,-10],[-54,-103],[-124,-50],[-39,0],[-90,-62],[-7,-28],[14,-54],[-68,-18],[-85,-52],[-66,-22],[-90,-67],[-74,-21],[-28,31],[-85,12],[-21,25],[-20,46],[-43,20],[-63,-1],[-27,16],[-58,-5],[-130,-53],[-46,27],[-156,44],[-8,55],[13,114],[-18,30],[-89,25],[-24,26],[33,31],[35,136],[-32,8],[-38,-32],[-74,7],[-123,83],[-15,38],[24,53],[-113,52],[-24,37],[5,60],[-52,112],[1,148],[22,83],[54,49],[22,59],[-1,30],[-28,118],[-68,-39],[-40,21],[14,50],[-56,16],[-99,18],[-43,-32],[-26,-53],[-42,-30],[-86,13],[-84,49],[-145,178],[-94,47],[-25,-51],[-98,-31],[-265,106],[-139,7],[-33,-52],[-34,-36],[-79,-66],[-27,5],[-5,-32],[17,-37],[47,-7],[-14,-96],[18,-15],[-83,-100],[8,-30],[-26,-52],[6,-199],[-46,-57],[-1,-45],[35,-20],[161,79],[54,-5],[-3,-30],[-39,-40],[33,-67],[45,-30],[58,16],[33,-8],[-10,-44],[-90,-104],[-38,-29],[-33,-2],[-52,-51],[15,-88],[292,3],[1,-61],[28,-57],[48,-12],[44,21],[45,-93],[4,-118],[-22,-72],[-47,-8],[3,-36],[45,-17],[11,-26],[-64,-128],[27,-54],[-14,-64],[61,-115],[-62,-33],[-5,-38],[26,-30],[97,19],[67,-5],[283,66],[30,-10],[-12,-36],[-99,-49],[22,-43],[91,2],[54,35],[189,9],[33,38],[39,9],[43,-15],[-24,-70],[2,-91],[40,-78],[10,-61],[-11,-33],[51,-17],[30,-29],[22,-101],[7,-147],[21,-68],[39,-27],[0,-29],[-22,-92],[30,-76],[72,-13],[39,5],[116,70],[43,10],[95,-42],[64,-23],[91,7],[5,-61],[-24,-33],[9,-34],[-46,-13],[-18,-28],[-2,-36],[81,-48],[-2,-44],[60,-2],[38,19],[34,-5],[-8,-53],[17,-29],[114,-11],[20,-35],[71,-15],[119,-73],[18,30],[48,26],[88,8],[26,-14],[-75,-145],[-65,-59],[-12,-68],[52,-20],[79,-68],[21,-37],[-48,-11],[-35,-24],[-6,-49],[15,-36],[31,-24],[6,-32],[52,-26],[82,27],[50,46],[38,0],[36,-62],[9,-48],[28,-81],[30,-37],[47,-13],[46,-43],[17,-67],[70,-7],[43,-13],[113,-68],[75,-1],[0,36],[20,26],[26,7],[22,-51],[31,-105],[31,-30],[41,-73],[17,-41],[3,-67],[11,-29],[6,-53],[24,-25],[7,-60],[19,-17],[87,-13],[19,-27],[47,-32],[29,-5],[125,42],[48,32],[51,14],[46,-64],[1,-42],[43,-51],[29,-3],[53,16],[30,-17],[74,0],[20,-32],[-3,-64],[13,-18],[76,-16],[71,-56],[66,-31],[15,-25],[24,-9],[32,-35],[36,-57],[33,-3],[31,-32],[13,-44],[46,-28],[17,-24],[0,-28],[41,-65],[53,-1],[21,-13],[28,59],[11,7],[55,-7],[60,-115],[43,-38],[-25,-14],[6,-40],[52,-37],[31,-65],[-12,-18],[-11,-52],[-13,-19],[-32,0],[-20,-26],[26,-48],[44,-39],[70,-26],[45,-52],[42,6],[45,-38],[64,1],[95,-7],[34,4],[55,33],[70,34],[26,44],[30,8],[26,-16],[29,-36],[28,-57],[-9,-58],[-53,-53],[-65,-44],[-2,-28],[38,-18],[16,-21],[12,-46],[49,23],[55,44],[42,3],[45,-10],[26,-25],[-19,-42],[-24,-10],[-28,-30],[3,-32],[46,-15],[51,28],[5,-26],[-39,-52],[4,-27],[51,-32],[-43,-16],[7,-34],[50,2],[23,38],[40,6],[11,-26],[28,19],[41,2],[41,19],[-22,-81],[25,-12],[-11,-53],[3,-35],[-21,-58],[32,-12],[14,-25],[23,-8],[12,28],[27,17],[33,-25],[4,-46],[-13,-30],[8,-27],[48,-33],[21,-36],[11,-48],[-6,-20],[32,-28],[17,-31],[34,4],[-16,-82],[-21,-16],[-11,-32],[-58,-34],[-31,-38],[-48,-13],[22,-26],[64,-19],[-19,-22],[50,-6],[16,-42],[-41,-21],[33,-30],[28,-2],[-27,-47],[0,-27],[70,-14],[16,-15],[40,18],[13,-11],[-11,-44],[46,-52],[41,-29],[24,18],[15,35],[19,4],[14,-71],[75,-3],[54,15],[15,-12],[-8,-46],[63,-11],[-5,-19],[14,-84],[17,-14],[59,-15],[-4,-28],[-27,-11],[5,-39],[-14,-24],[1,-36],[-25,-27],[25,-32],[-66,-36],[0,-46],[64,-36],[-30,-43],[9,-25],[52,-74],[17,-14],[-3,-58],[-36,-37],[-6,-33],[18,-56],[-21,-15],[-42,-76],[2,-29],[-23,-12],[-58,-3],[-60,-61],[-52,2],[-15,-30],[9,-27],[-25,-27],[28,-71],[-4,-35],[39,-36],[53,15],[37,2],[12,-21],[-11,-95],[3,-59],[63,-12],[3,-28],[23,-49],[32,16],[24,-2],[36,-28],[10,-38],[-24,-53],[0,-21],[-22,-28],[-4,-30],[42,-44],[-23,-84],[-5,-62],[-14,-38],[-37,-36],[60,-67],[8,-25],[-8,-48],[-13,-14],[-33,3],[-35,-14],[-39,-3],[-12,-37],[-62,-11],[-26,-17],[-6,-61],[-46,-31],[-34,-9],[-21,-27],[-7,-37],[4,-42],[-75,-28],[-7,-58],[19,-14],[-4,-37],[24,-27],[1,-99],[-14,-73],[-19,-26],[-12,-50],[-21,-15],[-61,-7],[-15,-12],[-20,-59],[-10,-59],[-43,-45],[-12,-101],[-42,-64],[0,-55],[-22,-17],[-80,-29],[-42,-5],[-29,14],[-57,-9],[-30,-37],[-58,-13],[-54,-21],[-49,-66],[-21,-67],[-41,7],[-20,-35],[33,-26],[16,-31],[-4,-43],[19,-13],[4,-43],[40,-31],[1,-43],[24,-15],[-16,-22],[-4,-65],[40,-32],[-4,-27],[-45,-48],[24,-36],[27,2],[24,-15],[26,-44],[0,-18],[49,-24],[76,15],[10,-23],[-7,-28],[24,-24],[62,-26],[49,-40],[37,-18],[26,-28],[45,-4],[-19,-36],[-49,-51],[22,-30],[111,-7],[40,-10],[22,-20],[29,1],[-13,-53],[32,-27],[42,-14],[45,-3],[2,-33],[27,3],[30,-62],[-36,-33],[0,-54],[-40,-25],[19,-65],[-28,-23],[-10,-49],[-30,-40],[-47,-15],[-9,-18],[12,-40],[-28,-51],[12,-23],[66,-10],[55,19],[34,0],[13,36],[48,21],[21,-2],[20,-40],[35,-6],[27,-22],[28,30],[21,6],[34,-23],[33,-66],[40,-3],[44,8],[9,-35],[34,-23],[-25,-33],[6,-28],[-26,-16],[-14,-75],[19,-43],[84,-34],[24,-50],[-3,-31],[32,-20],[-9,-51],[37,-41],[30,6],[35,-11],[22,-39],[32,-26],[67,-25],[22,-41],[-1,-23],[-32,-48],[-31,2],[9,-44],[-19,-19],[6,-25],[32,-7],[14,17],[32,-22],[-14,-40],[44,-40],[-50,-79],[-65,-20],[-29,-33],[-3,-32],[43,-36],[17,-27],[43,3],[20,-15],[59,3],[10,-51],[50,-23],[24,-50],[16,-15],[3,-57],[32,-7],[21,-24],[27,-69],[8,-38],[18,-15],[-17,-26],[5,-31],[74,15],[30,-9],[-1,-40],[35,2],[59,-13],[0,-27],[26,-41],[7,-28],[43,-44],[1,-74],[-14,-45],[-20,-29],[24,-60],[29,-38],[-22,-42],[8,-22],[-12,-31],[10,-18],[52,-20],[54,10],[73,-34],[8,-62],[-21,-31],[-40,-10],[-9,-42],[0,-77],[26,-23],[-14,-38],[8,-27],[42,-43],[47,-19],[38,3],[70,-62],[16,-62],[-17,-28],[-46,-29],[-39,3],[-37,-33],[10,-31],[-43,1],[-29,-12],[-33,4],[-27,-32],[52,-38],[8,-53],[49,-54],[66,-12],[22,-11],[9,-26],[-21,-45],[-8,-76],[-22,-21],[13,-78],[32,-13],[-6,-47],[8,-29],[-17,-25],[25,-38],[-12,-20],[-39,-14],[4,-49],[-49,-63],[-61,-38],[-26,1],[-25,-27],[-16,-70],[-32,-42],[-4,-22],[22,-64],[-3,-39],[-13,-23],[-50,-25],[-34,-65],[-61,-26],[-15,-23],[6,-69],[-7,-28],[-41,-7],[-44,-21],[-13,42],[-33,4],[-44,-22],[0,-38],[-23,-55],[-18,-18],[15,-31],[14,-61],[21,-34],[-41,-27],[-10,-27],[35,-39],[-7,-40],[21,-62],[-13,-35],[14,-27],[-63,-58],[-65,-117],[-40,-56],[-4,-28],[53,-63],[68,14],[19,-19],[25,8],[51,-66],[-5,-34],[19,-21],[34,3],[28,-34],[-5,-72],[16,-13],[46,3],[12,-35],[29,-48],[27,-17],[24,21],[-13,26],[32,31],[16,60],[66,31],[52,-1],[27,-37],[48,-13],[46,-32],[48,-8],[14,-45],[60,-9],[17,-16],[21,40],[29,-15],[11,18],[33,4],[-3,34],[30,16],[42,4],[-5,-31],[21,-24],[-10,-17],[51,-45],[23,-10],[48,15],[29,-35],[26,27],[40,-14],[0,-33],[21,-3]],[[94319,18116],[37,24],[14,28],[41,29],[-9,55],[13,18],[65,5],[37,-17],[27,18],[29,-3],[56,-26],[51,-6],[30,-36],[44,4],[48,24],[62,1],[21,21],[0,37],[50,27],[4,27],[20,18],[81,38],[43,10],[27,17],[21,33],[51,20],[26,-16],[40,9],[24,-31],[26,-2],[3,-35],[72,15],[30,12],[31,34],[13,-13],[-18,-37],[48,1],[39,-21],[-18,-60],[7,-58],[98,20],[13,19],[41,27],[50,-18],[-10,-42],[6,-46],[-13,-52],[57,-52],[24,15],[45,-57]],[[95816,18094],[39,16],[49,-15],[35,-19],[-11,-54],[58,-57],[23,-5],[41,12],[23,29],[20,6],[54,-29],[15,6],[26,-31],[39,21],[44,12],[54,38],[-22,23],[18,24],[29,14],[69,-20],[26,-26],[-3,-32],[35,-27],[36,30],[23,-1],[22,23],[8,48],[51,10],[12,28],[45,25],[28,-29],[62,8],[7,-25],[24,-26],[-11,-26],[0,-41],[34,-3],[-1,-26],[48,-16],[26,21],[41,17],[36,-6],[15,15],[30,-21],[-8,-45],[28,-1],[1,35],[52,10],[38,-18],[28,2],[4,-26],[38,34],[27,37],[60,-6],[18,-27],[-6,-22],[21,-16],[43,22],[12,25],[29,19],[61,22],[28,2],[10,-23],[-28,-32],[18,-12],[44,26],[15,34],[23,17],[40,-21],[27,17],[17,64],[22,18],[29,-16],[22,13],[32,-9],[3,-37],[45,8],[71,-17],[24,-23],[69,-34],[9,30],[59,-28],[17,11],[1,38],[39,-1],[30,-41],[-4,-35],[13,-51],[-1,-37],[15,-55],[-32,-28],[19,-45],[29,38],[51,27],[40,-9],[23,-20],[55,20],[11,-24],[25,2],[24,-21],[73,-3],[28,-16],[15,34],[56,11],[25,14],[48,54],[34,-18],[-6,-23],[17,-21],[38,64],[0,19],[49,20],[46,-20],[-22,-20],[-3,-40],[16,-14],[27,15],[46,46],[15,-30],[8,-43],[35,-23],[21,4],[15,-39],[-16,-24],[-4,-45],[9,-42],[24,19],[19,-16],[15,-65],[20,-9],[44,24],[25,-20],[21,3],[7,37],[-18,61],[30,21],[35,-15],[32,3],[-8,42],[52,-5],[0,52],[-19,42],[20,17],[10,38],[35,28],[20,29],[-12,42],[23,22],[25,5],[24,24],[23,4],[34,-30],[25,21],[17,62],[41,20],[19,-20],[13,-55],[-12,-30],[11,-31],[27,-8],[40,7],[-1,-28],[-27,-29],[54,-2],[7,-42],[13,-16],[76,2],[13,-27],[28,1],[17,53],[28,-8],[32,-52],[25,16],[73,-15],[-5,-58],[2,-57],[16,-10],[61,55],[6,-30],[-43,-47],[15,-52],[-6,-43],[26,-41],[-15,-17],[-6,-57],[25,-48],[38,29],[39,-14],[-6,-79],[-29,-25],[-22,-34],[-50,-28],[4,-37],[-53,-58],[-23,24],[-22,-13],[10,-26],[-14,-43],[0,-52],[12,-70],[-9,-24],[13,-24],[58,-30],[31,-42],[39,-29],[-7,-48],[6,-45],[-28,-7],[-27,-64],[48,-24],[-10,-28],[29,-21],[2,-37],[-48,-44],[-2,-36],[-31,-26],[26,-38],[3,-62],[28,9],[28,-29],[-19,-14],[23,-64],[-34,-30],[-15,-28],[-29,-14],[1,-18],[29,-19],[3,-36],[-22,1],[-27,-68],[19,-61],[-20,-16],[-52,-5],[-6,-30],[-22,-20],[-56,12],[-31,-12],[1,-23],[55,-15],[-7,-31],[45,-29],[22,-64],[-16,-16],[10,-38],[26,-29],[-22,-22],[-35,2],[-40,-12],[-23,-62],[-64,12],[-30,-3],[-34,-27],[-20,-38],[6,-63],[41,-24],[43,-36],[6,-16],[-21,-40],[14,-67],[-51,-27],[-4,-27],[15,-32],[-10,-75],[23,-33],[-26,-43],[-33,-2],[-16,-15],[4,-29],[-45,-23],[-28,0],[-38,-17],[-63,-50],[-13,-23],[-59,16],[-12,41],[-45,-10],[-17,-96],[-15,-20],[-43,-23],[-85,26],[-29,27],[-42,9],[-24,35],[-47,14],[-16,29],[-50,43],[-49,8],[-40,-39],[8,-143],[-24,-10],[-71,-3],[-26,-24],[-7,-25],[-31,-19],[-37,-38],[-29,31],[-82,-17],[-44,-27],[-17,10],[-49,71],[-9,50],[-49,21],[-26,-22],[-20,24],[-33,14],[-35,57],[-36,-5],[-63,-38],[-9,45],[-32,-16],[-44,-41],[-54,29],[-32,33],[-21,3],[-24,-50],[-21,-20],[-22,-47],[-19,-14],[-39,32],[-38,-16],[-29,-46],[-47,25],[-7,24],[-37,7],[-16,-39],[-30,2],[-22,-21],[-36,-8],[10,-22],[-14,-21],[-24,-3],[-29,-49],[-50,19],[-52,-55],[-12,-34],[47,-17],[-21,-62],[-29,-9],[-50,-36],[-37,-17],[-35,-45],[-1,-25],[16,-28],[-8,-33],[-73,-44],[-18,11],[-66,-23],[-46,30],[-32,7],[-36,-25],[-26,-59],[-5,-45],[8,-46],[-17,-35],[12,-32],[24,-14],[0,-45],[-25,-44],[1,-111],[-6,-27],[-24,-37],[-53,12],[-14,28],[-24,17],[-24,-25],[-76,19],[-68,-8],[0,55],[46,20],[1,26],[-22,14],[16,34],[-38,6],[-18,54],[-33,-12],[-7,47],[-41,4],[-4,-45],[-54,-34],[-46,3],[-78,-44],[-19,-45],[-74,-16],[-17,-13],[-16,-90],[-20,-26],[-56,17],[-18,-10],[-10,-52],[-30,-5],[2,-30],[31,1],[0,-45],[19,-31],[-12,-20],[-34,4],[-48,-32],[-32,-2],[-29,-25],[6,-73],[-16,-16],[-335,-47],[-38,-1],[-71,23],[-55,53],[-32,14],[-121,153],[-28,-27],[8,-26],[-40,-100],[-58,-60],[-73,-121],[-47,-31],[-69,4],[-37,-12],[-43,10],[-16,59],[-31,25],[-85,-6],[-84,71],[-126,34],[-51,10],[-38,-7],[-176,-76],[-66,11],[-102,66],[-83,-6],[-180,38],[-108,-1],[-64,-50],[-45,-55],[-260,-206],[-70,-21],[-17,-58],[-21,-37],[-24,-20],[-41,-13],[-28,-39],[-53,-24],[-26,-58],[-79,-17],[-120,-16],[-29,-47],[16,-16],[-6,-48],[-15,-19],[-40,32],[-81,7],[-34,-10],[-66,13],[-58,-39],[-10,-23],[11,-46],[-61,-67],[-88,-37],[0,-62],[-48,-15],[-5,-34],[23,-34],[-63,-49],[2,-53],[17,-39],[43,-37],[70,-29],[118,-170],[36,-29],[38,-16],[7,-21],[225,-194],[10,-24],[28,-23],[9,-75],[-40,-64],[-80,-88],[-57,-42],[-5,-121],[13,-22],[46,-26],[-7,-35],[-78,-37],[-85,-108],[16,-44],[-3,-46],[27,-22],[4,-98],[34,-27],[41,0],[24,-20],[8,-36],[20,-157],[26,-24],[13,-29],[38,-128],[-1,-41],[37,-48],[-6,-116],[-33,-9],[-15,-23],[-44,-33],[-12,-19],[-54,-2],[-27,-37],[-12,-105],[-19,-18],[-107,1],[-14,-19],[-8,-53],[-45,-83],[2,-27],[-32,-53],[5,-60],[-44,-79],[-69,10],[-35,-25],[-28,-74],[0,-68],[-36,-70],[-50,-7],[-42,-75],[-36,-26],[-24,2],[-18,22],[-177,4],[-33,-11],[-115,14],[-35,-19],[-3,-32],[-36,-57],[-2,-34],[-19,-31],[-64,-49],[-7,-43],[26,-79],[-2,-47],[-29,-66],[-14,-15],[-29,6],[-59,-39],[-12,-37],[-3,-49],[-40,-18],[-48,2],[-61,-45],[-13,-29],[-46,-47],[-23,-14],[-76,14],[-142,10],[-20,-4],[-19,-33],[-84,-39],[-22,-18],[-33,15],[-37,-3],[-25,-156],[-29,-28],[-13,-27],[-24,-12],[-58,8],[-10,-11],[4,-74],[-74,-61],[-30,-90],[-69,-49],[-24,2],[-5,-60],[-21,-10],[-28,12],[-104,-5],[-21,-21],[13,-159],[-33,-65],[7,-101],[-55,-25],[0,-66],[-43,-53],[-72,-24],[0,-46],[-64,-7],[-9,-23],[4,-44],[48,-51],[4,-70],[-6,-38],[-72,-59],[-19,-24],[-61,50],[-43,13],[-68,88],[-37,100],[-32,36],[-54,-49],[-47,-12],[-59,11],[-44,-16],[-13,36],[-2,42],[29,23],[35,9],[49,86],[-24,88],[-4,98],[-13,31],[-28,17],[-56,11],[-100,7],[-2,31],[46,47],[49,24],[28,50],[-8,55],[14,20],[1,54],[20,10],[52,-8],[34,-32],[36,0],[19,26],[2,58],[-47,24],[-8,56],[40,33],[20,44],[70,35],[31,34],[41,18],[76,86],[33,64],[-1,84],[-20,33],[2,32],[17,13],[15,42],[-6,19],[-81,35],[-48,-4],[-44,-16],[-35,0],[-3,47],[-44,8],[-111,-45],[-128,-143],[-83,23],[-42,-10],[-24,-46],[-112,-126],[-24,-61],[-4,-34],[-50,-39],[-14,-22],[-42,-33],[-101,1],[-25,31],[-66,-15],[-71,-40],[-44,4],[-23,19],[-38,-10],[-45,-36],[-43,-22],[-35,-33],[18,-41],[-13,-27],[-65,-33],[-28,-23],[-57,3],[-29,14],[-103,-20],[-101,-54],[-9,-20],[-4,-79],[10,-55],[-15,-26],[-42,-30],[-66,-25],[-89,-25],[-72,-9],[-31,-43],[-46,-23],[-21,-53],[-38,-29],[-10,-37],[-21,-11],[-11,-36],[-38,-68],[-4,-45],[-51,-34],[-9,-16],[12,-39],[-22,-64],[-12,-60],[29,-11],[33,-29],[-36,-150],[-55,-6],[-43,-24],[-119,29],[-61,-4],[-20,-24],[4,-72],[-26,-52],[-56,-4],[-133,-37],[-22,-20],[-10,-41],[-67,-44],[-14,-35],[-45,-65],[-32,-12],[-50,-46],[-79,4],[-37,-14],[-77,-64],[-30,-13],[-52,0],[-36,-16],[-57,-45],[-50,-10],[-47,-26],[-35,-30],[-24,-41],[-39,-40],[-17,-91],[-28,-32],[-47,-35],[-17,-33],[-6,-69],[-33,-18],[-134,-13],[-50,-88],[-36,-2],[-85,37],[-31,51],[-26,58],[-120,150],[-144,62],[-30,117],[32,9],[36,57],[-17,79],[10,28],[-8,60],[-34,24],[-28,-1],[-29,30],[-20,59],[-48,43],[-16,-3],[-68,-81],[-45,-32],[-82,-94],[-45,1],[-36,-43],[-49,-7],[-83,-43],[-9,-52],[10,-114],[-5,-34],[-37,-24],[-29,2],[-52,-65],[-41,-40],[2,-50],[-9,-35],[-44,-53],[-1,-66],[-30,-27],[-68,-12],[-24,-40],[3,-19],[-23,-32],[-60,12],[-45,-15],[-30,37],[-36,-7],[-31,26],[-10,132],[-30,19],[-64,-14],[-35,-50],[-25,-115],[-18,-37],[-57,-35],[-64,-15],[-21,4],[-145,-43],[0,-35],[-29,-36],[-76,-33],[-59,22],[-54,-5],[-63,-38],[-7,-50],[30,-49],[14,-64],[-34,-63],[-6,-72],[-25,-45],[-68,-33],[-23,-25],[-46,-122],[-4,-46],[-111,-71],[-28,-2],[-18,-17],[-12,-114],[-32,-79],[-37,-21],[-69,7],[-25,61],[-72,27],[-98,1],[-67,33],[-57,43],[25,93],[-13,46],[-146,56],[-15,61],[-48,17],[-35,-10],[-45,-50],[-34,18],[-24,-38],[-36,-96],[-42,-21],[-25,53],[-64,44],[24,134],[-23,30],[-178,-143],[-19,-25],[-12,-52],[-52,-69],[-48,-31],[-243,-13],[-16,-85],[-104,-63],[-18,-136],[31,-22],[54,21],[54,-6],[-10,-108],[33,-73],[9,-192],[-12,-21],[3,-56],[-53,-34],[-14,-109],[-1,-62],[-72,-59],[-25,-41],[5,-71],[45,4],[183,-85],[5,-20],[-23,-26],[-32,-63],[-12,-69],[-73,-37],[-47,-50],[-7,-100],[-63,-257],[-125,-119],[-73,-117],[-38,-19],[-47,16],[-22,38],[6,49],[-41,49],[-44,10],[-49,47],[-10,41],[-18,12],[-34,-9],[-28,-43],[-35,-20],[-95,-21],[-53,-69],[-138,-11],[-101,-84],[-73,17],[-48,39],[-16,55],[-3,39],[-27,48],[-139,59],[-86,-48],[-37,-3],[-50,-18],[1,-41],[-14,-10],[-70,-7],[-31,-26],[-28,0],[-20,-25],[2,-35],[25,-25],[21,-87],[-48,-16],[-16,-67],[-48,-51],[-1,-28],[-22,-19],[-64,-30],[-20,-19],[-34,-117],[-70,-30],[-41,-68],[-45,-44],[-44,-29],[-38,-42],[9,-44],[-11,-35],[-25,-20],[-43,-14],[-23,8],[-52,-17],[-23,-27],[30,-69],[-32,6],[-46,-14],[24,-53],[-46,-25],[-30,-227],[15,-46],[-25,-50],[9,-31],[33,-21],[19,-41],[-18,-19],[-1,-38],[27,-50],[22,-57],[3,-58],[-25,-49],[7,-30],[-28,-23],[-26,-46],[-20,-16],[-38,-4],[-49,-41],[-18,-46],[-47,-27],[16,-38],[-16,-19],[-18,-96],[-36,-30],[-39,9],[-36,-150],[-59,14],[-25,-29],[6,-38],[-26,-41],[-47,4],[-20,36],[-32,-44],[-9,-33],[-56,-21],[-38,9],[-157,6],[-53,-19],[-10,-40],[-46,-12],[-35,-20],[-36,7],[-41,-31],[-12,-42],[-50,-24],[-176,8],[-38,-6],[-31,-41],[-44,-30],[-12,-82],[-47,-82],[-39,32],[-19,32],[-41,7],[-31,22],[-16,52],[11,74],[-51,9],[-25,43],[-36,16],[-12,58],[-35,16],[-10,35],[-22,7],[-100,8],[-51,10],[-88,34],[-23,22],[-41,156],[2,74],[-16,48],[19,35],[-4,43],[49,38],[22,36],[2,66],[15,43],[32,8],[67,-59],[20,-9],[30,23],[42,75],[-5,22],[7,74],[44,36],[28,-1],[43,59],[20,72],[43,33],[29,9],[43,29],[8,41],[33,38],[19,47],[50,45],[31,-2],[43,12],[39,56],[-2,69],[38,12],[9,48],[-20,39],[4,19],[39,15],[91,14],[92,39],[6,16],[83,36],[17,46],[32,63],[-34,61],[-60,6],[-40,29],[-3,20],[22,49],[38,35],[21,37],[-59,71],[-60,23],[-37,89],[21,67],[31,54],[2,28],[-47,47],[-37,17],[10,82],[-20,23],[-6,45],[-99,50],[-25,43],[-22,15],[-5,71],[-28,55],[-67,49],[-17,56],[9,77],[-42,10],[18,25],[-10,25],[-27,3],[27,54],[-20,31],[-104,18],[-46,-14],[-26,10],[-119,0],[-122,90],[-171,36],[18,169],[-11,21],[-30,2],[-33,-17],[-50,-47],[-75,-127],[-33,-94],[-18,-3],[-51,25],[-54,91],[-106,87],[-133,-3],[-52,-16],[-80,-77],[-3,-33],[-28,-20],[-22,-86],[-31,-35],[-50,0],[-20,31],[35,23],[7,48],[-53,79],[-102,23],[-64,-18],[-66,4],[-91,-14],[-100,2],[-62,-14],[-28,-23],[-53,-129],[-1,-45],[-133,-64],[-52,-10],[-73,-43],[-30,-10],[-73,-4],[-54,-33],[-49,-58],[-222,-102],[-86,36],[-27,0],[-36,-42],[-181,-96],[-119,-3],[-83,6],[-51,-3],[-31,8],[10,-57],[-52,-154],[-27,2],[-33,-89],[-62,-16],[-65,-44],[-102,-112],[-28,3],[10,104],[-25,-21],[-111,-56],[-107,10],[-31,-14],[-14,-71],[15,-65],[23,-32],[26,-15],[-48,-43],[-31,-67],[40,-119],[57,-73],[-4,-53],[-34,-61],[-13,-134],[-83,-67],[0,-58],[-38,-29],[-29,0],[-26,-20],[-90,116],[-77,44],[-41,41],[-46,-1],[-34,-40],[-47,-14],[-57,2],[-25,-23],[1,-33],[-26,-35],[-31,-1],[-14,-39],[-45,-4],[-38,12],[-24,25],[-19,43],[-34,35],[-64,7],[-34,-20],[-34,10],[-13,34],[-66,-37],[-15,-32],[-42,20],[-69,-49],[-47,5],[-34,-19],[1,-55],[-27,-16],[-12,-43],[-64,-75],[-13,-156],[20,-31],[-6,-45],[-19,-25],[-71,-4],[-63,-17],[-35,5],[-19,37],[-20,14],[-103,-6],[-31,-14],[-50,-64],[-25,-55],[-43,-34],[-47,8],[-30,-24],[-39,16],[-108,0],[-31,26],[-44,22],[-42,65],[-52,5],[-59,33],[-17,18],[-59,-12],[-21,-15],[-21,36],[-43,141],[-48,17],[-41,-16],[-34,22],[-192,-56],[-559,-189],[-382,-130],[-6,5],[-2677,2371],[-2681,2373],[-38,31],[3,37],[-9,52],[-38,60],[-28,62],[-62,77],[-48,36],[-76,98],[-29,60],[-27,139],[-1,26],[19,77],[28,63],[76,76],[30,14],[137,37],[39,42],[16,34],[5,73],[-3,44],[-40,116],[-22,116],[-8,96],[-14,55],[-100,118],[-29,76],[-33,47],[-44,33],[-172,53],[-66,39],[-45,36],[-61,71],[-20,82],[-7,157],[9,116],[6,187],[11,62],[22,39],[-7,122],[-20,56],[-42,81],[-22,75],[-12,79],[-15,57],[-37,82],[-77,123],[-9,63],[-113,197],[-24,33],[-47,32],[-60,8],[-36,21],[-31,49],[-19,70],[42,48],[-2,77],[17,168],[-10,77],[-22,29],[-64,136],[-21,37],[-96,130],[-32,28],[-48,56],[-15,57],[-7,98],[-20,94],[-41,60],[-14,63],[-39,107],[-35,64],[-58,66],[-23,62],[-1,94],[-6,44],[-35,71],[-20,61],[-18,30],[-106,94],[-30,109],[-1,83],[-26,76],[-5,45],[32,294],[-8,26],[-80,75],[-74,194],[-20,66],[-40,110],[-22,79],[-9,86],[-44,100],[-11,41],[-41,58],[-4,57],[-17,26],[-81,76],[-43,-16],[-24,26],[-33,62],[-37,27],[-61,17],[-28,24],[-28,61],[-51,69],[-27,48],[-90,19],[5,178],[18,39],[31,36],[26,104],[7,106],[55,66],[22,57],[91,164],[1,90],[-12,103],[-35,94],[-37,124],[-10,61],[13,56],[-7,62],[-23,80],[-71,152],[-32,25],[-66,10],[-34,-8],[-85,-42],[-33,-27],[-47,-19],[-90,30],[-34,-15],[-48,46],[-39,66],[-62,65],[-41,51],[-32,71],[-63,98],[-17,38],[-45,69],[-27,61],[-18,129],[-27,86],[-30,61],[3,65],[-22,69],[-51,58],[-19,39],[-61,75],[-48,84],[-3,36],[15,63],[37,48],[11,71],[20,69],[-9,71],[-35,47],[2,77],[16,54],[54,58],[122,82],[33,47],[16,40],[45,85],[30,35],[-2,66],[-11,27],[-57,66],[-85,85],[-36,51],[-12,32],[-42,49],[-27,43],[-16,79],[-64,81],[-46,36],[-117,57],[-51,30],[-95,89],[-39,57],[-53,49],[-59,0],[-72,-9],[-51,21],[-39,25],[-51,43],[-58,15],[-20,16],[-38,63],[-15,57],[1,62],[-13,23],[-37,31],[-37,20],[-15,32],[2,42],[-98,72],[-32,15],[-39,31],[-36,73],[-25,25],[-10,51],[5,75],[-9,46],[-23,44],[-55,65],[-67,43],[-38,17],[-72,6],[5,26],[-80,34],[-57,48],[-65,16],[-29,14],[-21,88],[2,70],[-18,68],[-34,55],[-36,29],[-83,18],[-80,46],[-49,21],[-32,40],[-55,49],[-28,12],[-40,37],[-20,31],[-87,97],[-43,30],[-50,46],[-66,5],[-60,-13],[-21,5],[-34,28],[-24,79],[-12,64],[-92,222],[-5,52],[-20,34],[-35,19],[-80,-18],[-84,2],[-56,13],[-31,23],[-80,34],[-87,-29],[-53,-12],[-46,-25],[-95,-69],[-26,-53],[-21,-14],[-51,6],[-20,16],[-59,91],[-14,75],[0,105],[14,78],[24,65],[-1,97],[21,68],[5,105],[-21,38],[-44,32],[-33,39],[-81,52],[-38,43],[-7,24],[-6,150],[23,81],[-19,72],[-73,107],[-90,97],[-95,83],[-13,49],[-34,24],[-50,14],[-90,-19],[-100,-30],[-22,-19],[-55,-75],[-46,-31],[-36,-5],[-82,19],[-67,25],[-169,22],[-61,20],[-88,20],[-118,38],[-93,22],[-126,46],[-18,45],[5,37],[26,40],[0,35],[-16,31],[-39,18],[-96,-5],[-42,-13],[-57,-31],[-132,-33],[-88,-32],[-60,-1],[-118,16],[-110,39],[-26,1],[-86,-46],[-32,-31],[-33,-47],[-42,-102],[3,-37],[-35,-98],[-45,-43],[-58,3],[-68,-4],[-43,-42],[-22,-10],[-3,784],[4252,3835],[534,-2],[1,46],[-29,91],[3,66],[22,84],[3,36],[-6,79],[9,58],[53,65],[33,20],[34,-1],[38,28],[101,47],[38,68],[73,63],[53,70],[51,51],[-3,35],[9,41],[76,125],[-10,43],[16,45],[24,23],[60,36],[43,40],[11,26],[-16,85],[2,76],[-48,74],[-17,59],[-36,72],[-74,116],[-29,127],[-38,90],[-24,37],[-61,35],[-95,29],[-75,40],[-41,37],[-42,25],[-47,8],[-20,13],[-72,9],[-71,1],[-74,49],[-13,22],[-36,95],[-10,14],[-24,120],[-4,138],[-8,80],[-11,38],[-7,85],[-19,55],[-76,98],[-28,24],[-28,44],[-36,35],[-20,36],[3,88],[-4,24],[-49,60],[-76,40],[-10,76],[-10,25],[-10,70],[-24,28],[10,19],[-6,45],[45,54],[15,114],[20,68],[-8,50],[8,34],[-17,37],[-29,5],[-42,30],[-40,67],[14,61],[31,60],[7,83],[-51,51],[-103,7],[-27,16],[-58,110],[-55,68],[-53,101],[-7,59],[-23,54],[-1,39],[9,83],[-3,41],[-25,52],[-32,46],[-104,178],[-77,35],[-78,43],[-43,1],[-47,-29],[-83,-98],[-36,-48],[-17,-11],[-67,-17],[-36,1],[-48,19],[-182,-35],[-73,-5],[-140,-21],[-93,6],[-62,26],[-36,35],[0,15],[-39,54],[-23,61],[-26,33],[-8,43],[-29,29],[-41,19],[-34,-15],[-23,31],[9,41],[-15,55],[-40,106],[-25,37],[-23,75],[5,43],[-11,47],[-1,53],[13,78],[-6,36],[-34,67],[17,27],[-4,45],[-26,45],[-26,82],[-27,37],[-48,85],[-28,79],[-6,56],[-24,38],[-17,7],[-52,48],[-9,32],[-94,104],[-7,75],[-68,88],[-4,36],[4,64],[-14,139],[-15,17],[-21,68],[-39,227],[-7,70],[5,55],[-2,141],[-5,81],[-20,104],[-25,89],[-92,104],[-38,69],[-13,40],[0,144],[-53,103],[-24,122],[-94,278],[-100,179],[-218,191],[-36,37],[-49,37],[-20,37],[-29,95],[-21,172],[-26,56],[-45,67],[-62,125],[-21,78],[-5,85],[13,136],[-5,38],[46,85],[11,99],[-15,83],[-32,80],[-43,77],[-39,106],[-10,67],[52,115],[43,35],[52,24],[47,7],[138,-13],[43,14],[44,40],[6,72],[-23,149],[-28,56],[-33,37],[-67,107],[-9,53],[50,146],[2,78],[-7,34],[-23,41],[-30,29],[-86,25],[-55,50],[-35,52],[-6,51],[6,71],[35,145],[-57,133],[-5,103],[-14,22],[-41,25],[-90,8],[-179,88],[-79,32],[-69,38],[-78,75],[-34,60],[-10,51],[29,130],[17,38],[43,50],[48,46],[23,39],[5,40],[-32,202],[-7,141],[-7,61],[3,48],[17,39],[4,70],[-14,74],[-26,85],[-12,80],[8,70],[19,33],[33,29],[30,54],[21,67],[63,101],[61,132],[56,177],[22,96],[-39,114],[-15,215],[-27,109],[14,85],[-14,133],[2,84],[16,110],[0,152],[-5,87],[14,59],[-69,296],[-21,48],[-19,115],[-8,352],[-34,247],[8,95],[84,95],[29,45],[49,196],[-2,78],[7,62],[18,38],[-7,131],[14,145],[39,45],[75,120],[3,72],[-10,43],[-31,45],[-102,39],[-112,27],[-27,33],[-8,36],[13,19],[51,11],[55,51],[13,54],[-68,71],[-10,43],[-30,65],[-172,242],[-36,70],[19,72],[23,32],[31,77],[35,67],[40,57],[22,123],[11,26],[52,44],[33,13],[25,29],[-10,138],[-9,54],[-68,132],[-37,32],[-27,71],[11,31],[-14,109],[-73,36],[-79,53],[-17,103],[-18,71],[44,23],[17,19],[30,78],[7,163],[33,93],[142,150],[144,92],[83,130],[79,81],[107,58],[165,103],[242,189],[98,53],[137,56],[165,164],[200,127],[207,65],[114,84],[101,118],[134,101],[127,127],[20,128],[0,121],[25,111],[10,25],[67,65],[74,37],[36,55],[14,64],[0,52],[-46,86],[-89,69],[-53,65],[-15,62],[3,58],[-18,31],[15,48],[-24,76],[-41,63],[-3,110],[-77,116],[17,82],[-19,61],[-51,107],[-2,53],[20,179],[27,124],[14,126],[-4,157],[48,225],[102,169],[86,296],[24,133],[53,93],[3,186],[29,92],[72,102],[113,108],[92,25],[67,55],[75,90],[69,123],[160,194],[78,63],[90,49],[210,24],[65,28],[168,147],[47,62],[41,90],[89,102],[87,80],[167,96],[226,82],[37,35],[9,36],[-14,58],[7,71],[-35,58],[-127,109],[-36,22],[-27,43],[-9,95],[-299,267],[-102,135],[-33,147],[-55,59],[-92,59],[-96,138],[-46,167],[-8,100],[23,122],[25,64],[206,159],[32,58],[148,110],[-450,355],[-207,158],[-185,196],[-119,10],[-174,-43],[-163,0],[-109,98],[-271,173],[-217,0],[-380,22],[-293,54],[-337,-22],[-228,0],[-195,163],[-152,141],[-261,-33],[-152,-108],[-239,-240],[-271,-152],[-141,-119],[-130,-142],[-207,-145],[-129,-94],[-98,-109],[-240,-22],[-140,-22],[-184,-98],[-185,33],[-163,141],[-119,119],[-261,43],[-280,-87],[-228,-76],[-304,-1],[-217,-76],[-401,-98],[-239,-77],[-195,-119],[-152,-109],[-119,-66],[-141,0],[-141,119],[-120,65],[-119,11],[-174,65],[-402,-1],[-163,22],[-195,-44],[-401,-1],[-185,-44],[-43,-163],[-184,-141],[-185,21],[-152,119],[-130,22],[-174,-44],[-162,-109],[-174,-88],[-173,-54],[-250,-12],[-163,98],[-130,75],[-174,33],[-391,-1],[-249,-110],[-87,22],[-131,152],[-43,86],[-163,76],[-142,10],[-271,-87],[-206,32],[-261,32],[-152,-1],[-152,109],[-174,64],[-162,11],[-337,-1],[-120,140],[-87,98],[-174,21],[-260,-66],[-184,-153],[-217,-55],[-108,-119],[-143,-218],[-108,-142],[-173,-11],[-174,-142],[-173,-163],[-183,-262],[-217,-207],[-86,-76],[-217,21],[-207,119],[-98,162],[-88,206],[-283,282],[-206,-77],[-217,-66],[-162,-44],[-97,-109],[-93,-82],[-105,95],[-6840,8702],[-70,-2],[-75,-39],[-70,16],[-58,33],[-4,31],[-44,11],[-55,-32],[-55,-2],[-57,-29],[-26,7],[-50,-19],[-57,25],[-33,-23],[-44,18],[-50,-21],[-24,22],[-33,-7],[-26,-19],[-54,20],[-46,-32],[-51,11],[-37,-13],[-37,2],[-16,-28],[-32,-9],[1,-39],[-11,-17],[-68,-31],[-26,0],[-61,-34],[-42,-2],[-13,-15],[17,-33],[-43,-22],[-31,-52],[-47,-20],[-48,-36],[-65,0],[-57,-35],[-29,25],[-41,6],[-25,-34],[-68,-35],[-71,38],[-68,2],[-38,-24],[-109,-3],[-45,53],[-42,0],[-67,42],[-55,-4],[-39,46],[-7,35],[-39,-11],[-13,20],[26,22],[-23,16],[-75,-6],[-12,59],[13,37],[-18,15],[-34,-2],[-14,24],[-41,27],[5,81],[-26,7],[-54,-5],[-60,47],[-26,0],[-98,-37],[-50,66],[-20,-2],[-11,-28],[-53,-4],[-33,-35],[-37,11],[-45,38],[-9,42],[-43,42],[5,39],[-20,26],[-19,64],[-59,-15],[10,-46],[-21,0],[0,53],[-18,11],[-41,-50],[-29,-4],[-31,15],[-45,-4],[-7,13],[51,19],[-5,29],[-41,24],[-22,-11],[-11,-54],[-18,-35],[-63,9],[-13,-24],[-81,9],[-94,52],[-59,22],[-17,-4],[-3,-38],[-26,14],[-66,-6],[-21,17],[0,24],[-48,47],[0,37],[-43,18],[-17,22],[41,30],[0,26],[-35,11],[-19,22],[-94,64],[-26,44],[-63,-21],[-39,20],[55,30],[-5,27],[-67,-17],[-9,39],[35,13],[20,35],[-19,39],[-35,24],[-11,53],[-24,35],[-43,42],[-59,14],[-10,35],[-75,-13],[-50,38],[-39,-11],[-22,-44],[-42,-4],[-33,16],[-50,-30],[21,-38],[-13,-17],[-52,-2],[-64,-23],[-111,-19],[-68,37],[-26,-4],[-41,11],[-18,16],[-50,-8],[-53,7],[-61,0],[-45,50],[-57,32],[-100,33],[-50,29],[-72,24],[-33,27],[-34,51],[-39,30],[-48,21],[-51,7],[-53,-48],[-59,-13],[-104,3],[-141,-32],[-92,-16],[-90,15],[-122,58],[-52,3],[-16,-17],[2,-49],[-61,-28],[-29,-72],[-29,-26],[-30,-1],[-55,48],[-146,5],[-66,-21],[-24,-15],[-74,-2],[-20,-15],[-7,-32],[-53,-49],[-125,73],[-35,-1],[-58,-30],[-75,15],[-24,-20],[23,-51],[76,23],[9,-11],[-54,-87],[-21,-80],[-42,-5],[-55,52],[-59,4],[-64,36],[-124,2],[-76,-41],[-34,-58],[-3,-105],[45,-77],[-34,-5],[-58,38],[-28,-11],[-24,-27],[-3,-71],[-43,-28],[-26,2],[-45,57],[-27,6],[-31,-96],[-177,-53],[-88,-13],[-32,29],[-7,66],[-25,11],[-26,-9],[-12,-27],[5,-59],[-124,-53],[-30,-103],[-48,-55],[-31,-78],[-33,-28],[-35,-78],[-262,-102],[-166,82],[-96,18],[-103,-6],[-71,20],[-63,-17],[-69,23],[-49,-22],[-59,34],[-61,-12],[-29,43],[-27,12],[-168,42],[-3,37],[62,60],[-34,34],[-24,70],[15,9],[41,-64],[18,-2],[26,23],[-3,56],[-40,20],[-95,-2],[-48,32],[-10,36],[15,48],[-33,78],[-47,25],[-65,-16],[-54,21],[-29,-13],[-19,-51],[-74,3],[-173,-18],[-48,-16],[-57,-29],[-48,0],[-44,-17],[-43,47],[-47,11],[-81,-57],[-31,-2],[-65,26],[-55,52],[-69,-5],[-27,-27],[-34,-90],[-31,-29],[-48,14],[-33,48],[-29,11],[-65,7],[-48,92],[-10,28],[-32,7],[-89,-59],[-81,-21],[-147,48],[-56,-25],[-42,-27],[-137,-41],[-123,-23],[-125,2],[-125,13],[-57,-36],[-64,-6],[-57,12],[-39,32],[-57,124],[-55,43],[-50,5],[-156,-15],[-136,21],[-51,-35],[-43,-83],[-91,-9],[-40,1],[-27,-115],[-17,-44],[-43,22],[-14,31],[9,111],[18,72],[-48,85],[-74,7],[-38,-60],[23,-153],[-71,-51],[-91,14],[-45,82],[-16,55],[-35,41],[-48,12],[-35,-26],[-36,-62],[-79,-45],[-86,72],[-75,58],[-125,-19],[-56,-23],[-117,-35],[-137,-30],[-102,-50],[-54,24],[0,99],[12,29],[9,61],[44,85],[-33,51],[-71,-24],[-51,-56],[-122,-28],[-54,-9],[-58,15],[-39,49],[-59,41],[-107,9],[-59,-23],[-57,-63],[-32,-78],[4,-33],[90,-108],[-1,-40],[-43,-14],[-59,15],[-38,28],[-39,101],[-57,39],[-168,-3],[-122,51],[-72,-9],[-62,-28],[-13,27],[5,63],[-46,216],[-47,26],[-73,-11],[-26,-86],[-43,-63],[-65,-9],[-42,36],[-38,1],[-8,35],[60,33],[40,46],[20,69],[-26,28],[-62,-19],[-75,71],[-34,7],[-16,-22],[6,-37],[36,-58],[-11,-34],[-47,-41],[-60,-23],[-48,-49],[-132,26],[-35,87],[-39,-4],[-20,-66],[-29,-25],[-229,-74],[-24,-55],[32,-91],[-2,-46],[-24,-40],[-86,-62],[-94,-26],[-115,-2],[-70,-34],[-66,13],[-135,-36],[-45,7],[-360,-30],[-261,3],[-118,-22],[-207,7],[-129,-19],[-61,16],[-50,44],[-96,33],[-46,69],[-210,127],[-86,42],[-1194,2095],[-16,36],[-27,14],[-9,25],[18,22],[-5,24],[23,20],[-10,21],[34,26],[-9,33],[18,39],[-21,23],[5,53],[-17,16],[1,39],[19,39],[30,86],[27,19],[38,72],[2,28],[-17,28],[15,33],[18,7],[31,66],[-34,51],[-33,13],[-8,29],[-32,12],[-34,45],[-44,24],[-43,60],[-3,19],[-33,20],[-16,51],[-14,15],[-8,45],[-31,33],[-1,39],[-37,18],[-41,47],[7,44],[-51,15],[-26,-9],[-77,39],[-16,30],[-107,19],[-51,-4],[-22,-22],[-39,-17],[-32,-2],[-48,13],[-71,-54],[-32,-62],[-35,-3],[-76,17],[-32,30],[-35,-19],[-19,11],[-60,0],[-33,21],[-50,13],[-7,21],[-126,23],[-65,-18],[-51,-47],[-5,-41],[-41,0],[-34,-29],[-63,-20],[-19,10],[-8,29],[-33,11],[-52,45],[-20,30],[-19,0],[-54,49],[-96,36],[-34,-24],[-59,2],[-61,12],[-9,19],[-32,8],[-52,-2],[-48,-32],[-48,-2],[-482,76],[-2,33],[14,43],[-50,118],[-2,55],[13,50],[-24,42],[12,85],[-22,27],[-15,42],[-8,84],[-19,40],[-73,66],[5,27],[-25,24],[-15,42],[-29,24],[-24,-5],[-54,13],[-11,20],[-30,6],[-22,33],[17,21],[-3,24],[17,27],[-1,45],[-12,19],[3,44],[11,11],[2,128],[20,6],[-11,33],[46,37],[-3,33],[34,54],[35,12],[24,57],[30,34],[2,72],[24,18],[-3,43],[9,26],[-18,122],[-14,12],[-32,88],[-20,41],[-45,29],[3,38],[-18,25],[9,36],[-30,53],[-1,51],[-14,56],[-27,77],[-17,11],[-17,46],[7,57],[20,36],[-29,43],[20,27],[-9,69],[15,64],[-5,57],[21,35],[-15,16],[-1,46],[-18,37],[18,95],[-12,23],[6,48],[20,18],[23,76],[-16,33],[4,97],[-14,11],[15,50],[8,62],[-13,102],[-1,49],[-19,12],[1,99],[33,45],[-5,40],[24,71],[-6,42],[11,34],[-16,29],[15,31],[-12,29],[6,34],[24,46],[39,7],[56,60],[18,41],[-6,18],[32,45],[0,17],[27,55],[28,40],[-31,36],[7,25],[-18,21],[-3,42],[21,19],[10,55],[-23,47],[44,19],[8,104],[-35,22],[11,42],[-11,30],[-25,13],[0,28],[-17,26],[-38,9],[-15,92],[35,40],[-6,29],[-28,-11],[-7,43],[-21,43],[4,37],[18,28],[-29,26],[-26,50],[-35,-4],[-7,21],[17,34],[-37,17],[-36,-10],[-22,57],[-51,2],[-19,19],[-65,7],[11,60],[18,20],[36,6],[-15,52],[10,27],[44,42],[37,47],[24,19],[18,34],[19,7],[61,-6],[72,31],[79,-31],[10,19],[-12,44],[47,39],[1,23],[40,26],[-25,39],[25,25],[29,61],[52,6],[18,-23],[47,2],[28,35],[39,24],[0,35],[-12,52],[-19,28],[51,44],[-12,28],[20,42],[42,30],[-17,66],[-31,17],[4,36],[62,3],[41,16],[30,-8],[71,-47],[25,49],[25,4],[70,-16],[65,-44],[-9,-20],[28,-42],[2,-28],[46,10],[52,-33],[23,-75],[42,-16],[65,-48],[26,1],[-2,30],[22,121],[-65,109],[2,17],[48,20],[25,39],[-13,31],[9,17],[-17,174],[-11,11],[-1,44],[-24,70],[-4,59],[13,55],[-25,35],[-38,5],[-12,16],[-74,15],[-45,37],[-24,64],[3,83],[25,51],[47,50],[54,15],[-25,57],[-25,97],[36,35],[-45,4],[-4,25],[23,38],[0,37],[50,6],[1,21],[42,15],[5,41],[-5,60],[-37,69],[-19,5],[13,36],[-5,26],[-45,39],[11,99],[-33,-19],[-32,9],[26,28],[-24,28],[7,44],[-56,33],[-23,55],[20,47],[-7,19],[-41,26],[19,15],[2,27],[-23,8],[-17,53],[-22,31],[2,35],[-28,52],[27,32],[-27,29],[-10,48],[-35,18],[-15,26],[16,34],[17,94],[42,88],[-36,24],[22,26],[-18,20],[-6,46],[27,47],[-6,48],[24,24],[-21,26],[47,8],[-6,118],[-33,0],[-36,41],[-38,3],[-25,65],[31,3],[-29,66],[27,44],[-25,28],[9,32],[56,1],[-1,34],[-18,20],[-36,10],[23,41],[-24,38],[-47,19],[-51,-39],[-1,35],[-26,22],[33,20],[-44,22],[-31,-30],[-33,-6],[-23,37],[78,42],[3,18],[-27,40],[-52,36],[-75,28],[-43,-20],[-125,142],[-1703,1924],[-56,51],[-17,24],[-51,6],[-47,16],[-40,-8],[-8,26],[54,10],[10,18],[-22,32],[-41,14],[-49,-43],[-3,36],[-17,19],[-32,-1],[-50,25],[-26,23],[-48,16],[-13,71],[-1070,4550],[14,57],[-21,25],[-47,-11],[-39,16],[-2,32],[23,18],[28,-3],[46,29],[-23,51],[-31,5],[-52,-24],[-20,11],[-6,61],[-10,15],[5,66],[-16,25],[-75,8],[-26,-21],[-30,-76],[-34,-25],[-20,7],[-20,44],[25,52],[0,28],[-31,51],[-46,12],[-52,-31],[-25,4],[-1,27],[46,28],[0,27],[-24,25],[-5,35],[-15,13],[-59,17],[-13,28],[-27,16],[-28,-22],[-2,-36],[13,-66],[20,-33],[-16,-34],[-68,-9],[-36,3],[-40,17],[-78,69],[-50,1],[-129,-13],[-72,8],[-84,34],[-31,-7],[-21,-29],[-17,-92],[6,-24],[-20,-31],[31,-28],[-31,-84],[-30,-6],[-38,8],[-25,-54],[-44,-12],[-73,4],[-42,-32],[-45,-13],[-33,8],[-9,-48],[-18,-18],[-34,-9],[-53,-30],[-23,-3],[-30,22],[-5,43],[-47,18],[-73,16],[-24,41],[44,53],[-5,29],[-20,16],[-44,3],[-65,68],[-7,32],[-39,65],[-4,20],[-44,32],[-16,59],[-11,13],[-48,12],[-21,20],[-72,29],[-4,30],[43,17],[68,56],[55,30],[39,-4],[17,17],[18,101],[1,46],[10,19],[40,25],[19,35],[-6,18],[-32,10],[-23,24],[-17,70],[-5,80],[-55,89],[-7,42],[-48,13],[-42,20],[-40,55],[-45,16],[-67,-30],[-22,32],[19,41],[56,7],[15,16],[1,105],[-15,39],[36,58],[4,31],[-19,18],[-39,-3],[-40,18],[-23,42],[29,38],[2,75],[-19,19],[-75,0],[-30,23],[32,73],[0,35],[-51,43],[-26,6],[-30,-27],[-48,-2],[-64,-32],[-5,-48],[-37,2],[-3,36],[-64,-25],[-31,-47],[3,-44],[-23,-33],[-28,-11],[16,-34],[-2,-25],[-22,-15],[-29,3],[-26,-31],[-20,-2],[-57,50],[-23,8],[-29,-10],[-20,-26],[-55,30],[-33,-8],[-26,-42],[-9,-107],[37,-37],[-22,-25],[-41,-19],[-34,-1],[-22,-51],[-30,-39],[-3,-46],[-72,13],[-30,-4],[-59,46],[-29,-27],[-19,11],[-43,-7],[-23,25],[-51,-32],[-39,-4],[-49,8],[-29,-63],[1,-32],[-31,-16],[-3,-17],[-51,-30],[-56,-6],[-8,-29],[-39,12],[-7,-56],[13,-31],[-28,-52],[-36,-14],[-10,-35]],[[2075,85461],[-27,10],[-42,-49],[-24,-12],[-14,-27],[-26,-12],[6,-23],[-51,-36],[-40,8],[-10,-13],[-46,-9],[-18,11],[-43,-22],[-33,31],[-77,23],[-12,-19]],[[1618,85322],[-25,5],[-61,36],[-20,-22],[-38,9],[-71,-58],[-25,11],[-41,-3],[-26,-14],[-27,-55],[-18,-17],[-30,9],[-28,-55],[-38,-27],[-59,5],[-24,29],[-50,-20],[-29,32],[-69,6],[-41,-8],[-15,-26],[-25,19],[-62,16],[-62,41],[-112,23],[-75,3],[-67,-37],[-29,35],[-53,-18],[-61,15],[-61,27],[-21,1],[-19,-25],[-37,21],[-71,-24],[-120,-3],[-5,6],[-3,113],[46,82],[2,21],[-27,16],[-7,29],[35,31],[32,61],[11,82],[55,31],[54,-7],[50,-28],[83,-8],[11,56],[22,2],[19,81],[59,50],[7,51],[43,48],[1,59],[54,58],[39,89],[28,26],[60,20],[9,77],[-6,50],[20,60],[25,39],[-3,43],[10,44],[30,17],[11,21],[-12,40],[17,23],[4,66],[25,18],[12,47],[41,18],[29,-1],[38,-18],[27,7],[56,42],[10,50],[30,25],[-9,43],[9,39],[26,31],[-25,30],[-5,65],[-15,18],[23,135],[23,18],[4,38],[74,1],[42,42],[8,42],[21,15],[30,70],[-16,28],[7,70],[104,69],[81,79],[15,33],[-1,42],[66,1],[46,-17],[29,9],[16,34],[46,23],[-6,50],[61,43],[29,42],[-20,69],[8,31],[-14,59],[-47,35],[-25,0],[-1,67],[42,22],[27,50],[14,-22],[96,10],[10,12],[71,6],[29,10],[20,24],[-6,101],[-25,24],[-7,26],[5,58],[18,28],[64,49],[25,39],[7,40],[54,15],[75,122],[-3,27],[58,39],[7,51],[37,9],[24,23],[19,46],[42,0],[67,57],[101,-28],[70,4],[65,25],[118,-6],[56,3],[9,42],[-26,58],[13,55],[-7,25],[45,40],[-4,56],[39,45],[35,116],[7,59],[-43,45],[3,60],[25,49],[14,73],[19,5],[66,72],[6,47],[26,36],[9,30],[33,32],[-33,77],[25,38],[31,74],[8,91],[15,40],[73,40],[19,45],[-6,21],[61,58],[34,21],[17,46],[1,39],[16,38],[45,0],[1,56],[28,46],[43,29],[14,49],[33,31],[52,8],[24,34],[26,16],[-1,78],[20,68],[33,34],[-2,99],[16,23],[37,82],[18,57],[93,127],[49,13],[61,74],[42,80],[30,19],[11,27],[33,1],[11,21],[44,24],[-6,33],[28,34],[32,9],[0,46],[50,19],[11,42],[-48,73],[-36,22],[-39,2],[-125,33],[-22,35],[6,84],[-11,21],[-64,5],[-46,39],[-78,16],[-23,17],[-2,29],[39,36],[41,3],[60,35],[21,20],[-2,21],[-66,25],[-22,24],[-18,63],[20,107],[-42,43],[-49,34],[-46,10],[-3,73],[13,42],[48,9],[21,48],[35,32],[-6,60],[24,69],[30,33],[38,26],[1,30],[-53,42],[-7,45],[70,99],[16,64],[32,58],[43,21],[33,3],[23,67],[27,44],[1,64],[-21,37],[59,37],[8,25],[36,29],[-1,101],[-5,18],[-73,69],[10,39],[23,27],[15,46],[17,91],[41,13],[26,28],[30,10],[44,112],[34,-4],[34,13],[24,54],[61,29],[-1,83],[38,89],[-1,13],[75,2],[36,33],[-31,37],[-76,182],[31,173],[-9,48],[36,83],[29,20],[5,38],[30,28],[-1,52],[8,91],[-17,154],[9,20],[51,21],[39,3],[24,103],[-10,31],[-46,60],[10,35],[-15,73],[19,100],[-13,22],[-17,65],[-28,32],[-1,69],[17,39],[3,51],[18,36],[-22,56],[32,49],[48,221],[-48,47],[-33,43],[-11,33],[22,108],[-14,20]],[[4602,96923],[-16,62],[12,92],[52,78],[29,23],[43,-1],[24,88],[-7,25],[65,98],[-23,111],[-74,15],[-39,32],[22,80],[32,18],[-20,63],[14,18],[-14,124],[-44,38],[4,29],[32,42],[0,69],[55,-6],[56,61],[72,26],[14,16],[37,3],[18,16],[39,5],[9,19],[46,16],[17,37],[-2,54],[26,15],[38,0],[9,65],[47,39],[32,4],[13,19],[-19,68],[34,60],[-9,69],[65,40],[15,106],[-29,70],[5,31],[-40,76],[44,-3],[48,28],[26,46],[44,14],[14,30],[-9,53],[21,21],[-17,52],[38,35],[6,36],[36,9],[16,26],[51,24],[10,31],[20,-4],[26,25],[34,15],[61,8],[24,45],[20,7],[-12,51],[4,68],[15,42],[47,48],[13,58],[69,7],[52,27],[44,37],[35,5],[73,90],[35,27],[42,58],[-5,9],[0,101],[100,15],[26,41],[-30,41],[5,90],[40,48],[6,53],[14,16],[1,36],[21,31],[-5,22],[23,55],[50,25],[2,33],[35,17],[35,70],[4,51],[-26,49],[50,140],[-30,49],[32,16],[20,59],[0,25],[19,50],[22,34],[30,-1],[93,11],[27,-18],[42,1],[89,63],[-21,34],[-4,37],[25,64],[-4,23],[19,35],[-38,130],[60,84],[17,51],[3,54],[-16,37],[28,25],[51,15],[-2,72],[12,23],[43,41],[-4,16],[28,93],[27,60],[-6,46],[33,5],[40,59],[17,44],[10,63],[-11,14],[19,48],[107,36],[88,3],[107,14],[40,-36],[23,20],[10,30],[23,3],[-2,42],[42,65],[39,14],[65,58],[108,39],[25,27],[25,9],[30,28],[17,56],[14,18],[45,17],[43,33],[18,30],[-6,21],[82,69],[1,39],[16,13],[1,36],[23,37],[40,90],[33,42],[25,58],[16,6],[12,111],[-11,29],[10,19],[30,7],[66,73],[17,88],[0,64],[37,14],[28,-6],[10,54],[102,60],[-4,34],[8,65],[28,42],[55,25],[57,74],[45,32],[75,24],[36,24],[-6,54],[-74,14],[-73,115],[-8,59],[-19,-3],[-14,60],[29,22],[-6,16],[-42,14],[0,36],[122,22],[26,22],[79,38],[94,79],[49,29],[46,15],[3,41],[55,29],[48,37],[34,-5],[43,-75],[22,-12],[83,72],[32,14],[90,21],[31,-13],[82,8],[172,68],[42,-4],[70,36],[18,-12],[60,30],[12,19],[85,26],[16,40],[64,23],[13,17],[43,1],[113,-25],[23,15],[38,-6],[18,-41],[46,18],[21,-24],[65,-17],[61,-1],[45,12],[37,-7],[10,-16],[51,22],[81,-19],[17,-24],[35,4],[31,-17],[47,-1],[104,12],[66,3],[45,24],[45,11],[1,15],[672,1227],[2062,3761],[1887,538],[4052,1143],[-43,17],[-33,0],[-23,49],[1,94],[19,26],[42,-9],[28,32],[31,-11],[60,5],[49,76],[32,7],[22,-28],[24,1],[49,26],[51,18],[-2,21],[46,43],[65,17],[38,0],[78,-20],[14,-18],[-6,-117],[-72,52],[-45,-16],[-42,-58],[-33,-104],[-9,-44],[2,-65],[13,-84],[20,-63],[24,-22],[-38,-24],[-32,-39],[-18,-1],[-31,-42],[-41,-7],[-27,-16],[-43,-3],[-56,-19],[-29,-30],[-46,-17],[-21,-20],[2,-34],[-13,-39],[-27,-28],[-22,-104],[-21,-26],[-33,6],[-91,-17],[-25,8],[-78,-77],[-7,16],[-34,0],[-38,29],[-30,-1],[-54,-20],[-35,-29],[-37,-63],[-21,-72],[-15,3],[-57,-83],[-49,7],[-55,-9],[-78,-21],[-52,-30],[-63,2],[-33,8],[-130,-54],[-78,1],[-81,-26],[-75,-4],[-98,-15],[-49,6],[-57,-13],[-37,-17],[-52,-35],[-108,-8],[-52,-26],[-54,0],[-160,-21],[-29,15],[-42,-1],[-83,-27],[-168,-21],[-23,-11],[-85,-7],[-55,23],[-58,-33],[-82,-20],[-62,-30],[-71,-7],[-72,0],[-85,-22],[-67,-31],[-53,-15],[-63,-39],[-50,-19],[-26,0],[-141,-51],[-77,-11],[-63,-26],[-58,4],[-37,-8],[-59,9],[-46,-1],[-33,-10],[-68,6],[-79,-24],[-49,-27],[-27,-6],[-81,-40],[-68,-12],[-40,-19],[-96,-2],[-29,-8],[-98,-6],[-34,-12],[-64,-65],[-68,14],[-60,-20],[-53,-9],[-54,-46],[-25,-3],[-28,-23],[-58,-5],[-46,-27],[-83,-22],[-84,-5],[-59,-20],[-117,-71],[-56,-60],[-51,-6],[-103,-43],[-79,-5],[-114,-17],[-73,8],[-31,-10],[-80,-72],[-51,-76],[-37,-75],[-29,-88],[-2,-24],[-32,-138],[-29,-244],[-4,-115],[7,-243],[6,-45],[7,-130],[12,-83],[21,-194],[11,-79],[-8,-33],[14,-19],[6,-58],[20,-72],[20,-122],[34,-128],[28,-141],[-4,-62],[37,-26],[37,-91],[26,-80],[22,-52],[49,-148],[25,-59],[34,-104],[29,-69],[34,-66],[18,-50],[54,-114],[175,-355],[72,-135],[109,-179],[43,-78],[199,-303],[137,-185],[172,-198],[101,-127],[31,-33],[12,-29],[46,-28],[120,-132],[69,-67],[40,-31],[27,-33],[83,-71],[104,-103],[81,-67],[66,-44],[76,-58],[149,-94],[173,-87],[31,-8],[40,-25],[92,-32],[146,-44],[74,-29],[90,-57],[120,-99],[48,-21],[37,-37],[65,-42],[73,-89],[111,-105],[62,-32],[-13,-18],[-65,15],[-7,36],[-49,34],[-52,-28],[-17,-27],[-64,-66],[-55,22],[-38,-4],[-34,58],[-48,9],[-2,-78],[-29,-23],[-50,-17],[-15,-14],[-64,35],[-49,-17],[-14,30],[36,26],[35,53],[-3,52],[16,31],[-58,-15],[-27,4],[-42,24],[-179,-6],[-69,45],[-9,20],[-69,19],[-126,62],[-91,52],[-78,20],[-136,-45],[-37,-23],[-60,12],[-25,-68],[-37,-44],[-21,-13],[-45,20],[-18,-12],[-6,-54],[81,-50],[51,4],[49,15],[63,-19],[96,-141],[42,-36],[17,-33],[32,-34],[59,-36],[50,-58],[22,-7],[26,-36],[12,-46],[32,-53],[25,-58],[-27,-43],[2,-33],[-33,-35],[0,-43],[24,-41],[-24,-48],[32,-147],[-2,-83],[45,-123],[27,-87],[8,-52],[15,-40],[56,-121],[19,-56],[74,-136],[48,-98],[49,-83],[28,-38],[17,-42],[-15,-14],[13,-40],[36,-68],[5,-36],[39,-59],[-1,-11],[58,-78],[34,-31],[42,-56],[65,-54],[36,-45],[65,-62],[37,-27],[75,-78],[87,-30],[-3,-40],[95,-60],[115,-94],[40,-14],[-3,-22],[24,-21],[127,-74],[-27,-18],[-54,12],[-25,-5],[-12,-49],[-60,-50],[64,-93],[25,-80],[-27,-80],[9,-25],[-38,-52],[-17,-73],[-55,-57],[7,-35],[-18,-49],[-107,23],[-29,-13],[-1,-40],[23,-28],[37,-103],[21,-21],[30,-50],[-6,-33],[-28,-30],[-6,-53],[-47,-20],[-21,-39],[20,-28],[-17,-19],[-1,-36],[12,-26],[30,-21],[3,-91],[-29,-53],[2,-27],[-13,-44],[-27,-40],[5,-48],[-5,-67],[-27,-31],[-37,-61],[-13,-52],[-17,-10],[-42,-102],[-15,-59],[18,-39],[-29,-72],[6,-33],[-2,-130],[14,-56],[-18,-15],[-21,-53],[-3,-32],[14,-69],[38,-68],[-17,-57],[7,-57],[38,-80],[-61,0],[1,20],[-48,7],[-73,-38],[-64,-17],[-69,-40],[-101,-74],[-20,-6],[-66,-59],[-22,-12],[-67,-76],[-97,-90],[-54,-43],[-67,-38],[-59,-18],[-71,-47],[-94,-36],[-65,-51],[-20,-25],[-41,-29],[-51,-46],[-46,-60],[-86,-63],[-31,-52],[-56,-41],[-11,-17],[-74,-48],[-14,-27],[-74,-71],[-57,-100],[-8,-35],[-30,-71],[-11,-43],[-22,-37],[-20,-58],[0,-44],[-14,-13],[-23,-58],[-72,-53],[-37,-45],[-33,-81],[-12,-58],[-19,-18],[-22,-109],[-25,-19],[-13,-32],[-3,-42],[-17,-31],[-44,-46],[-11,-35],[5,-56],[-18,-75],[-50,-58],[-71,-41],[-22,-27],[-33,-14],[-28,-43],[-22,-66],[1,-26],[-18,-59],[-36,-28],[-37,-61],[-6,-42],[-31,-18],[-42,1],[-46,-39],[-86,-150],[-28,-31],[-16,-70],[-18,-27],[-4,-49],[-38,-59],[-112,-68],[-85,-30],[-64,-14],[-48,-30],[-39,0],[-13,-17],[-85,-3],[-27,-30],[-44,9],[-31,-37],[-47,-33],[-66,-31],[-50,-52],[-37,-5],[-19,-26],[-109,-110],[-21,-73],[-57,-170],[-7,-33],[-5,-116],[-29,-86],[-18,-74],[-20,-10],[-18,-101],[-37,-44],[-5,-35],[-17,-11],[-17,-42],[-4,-42],[-40,-103],[-37,-17],[-20,-39],[-9,-50],[-16,-16],[-16,-69],[-11,-9],[-13,-72],[-27,-53],[-15,-67],[-13,-18],[-34,-84],[-23,-26],[-40,-67],[-36,-77],[-72,-74],[-51,-64],[-77,-120],[-18,-2],[-23,-61],[-26,-13],[-27,-89],[-41,-66],[-76,-53],[-19,-24],[-30,-13],[-62,-49],[-51,-62],[-5,-74],[-54,-16],[-42,22],[-69,-13],[-20,-31],[2,-75],[25,-34],[-19,-40],[-24,-12],[-34,-39],[8,-78],[84,-82],[36,-16],[102,-191],[207,-294],[81,-97],[27,-25],[43,-56],[27,-25],[123,-132],[159,-192],[19,-47],[93,-104],[73,-66],[38,-57],[84,-100],[74,-105],[25,-18],[139,-162],[60,-98],[78,-118],[74,-167],[12,-50],[6,-75],[-22,-55],[18,-140],[33,-82],[63,-102],[77,-97],[151,-176],[17,-34],[59,-82],[55,-85],[66,-75],[59,-91],[77,-74],[82,-72],[127,-79],[290,-127],[173,-97],[57,-26],[29,-25],[21,-37],[37,-16],[38,-42],[64,-54],[42,-55],[42,-32],[7,-34],[31,-31],[47,-62],[36,-72],[97,-124],[24,-19],[33,-63],[66,-48],[91,-16],[83,39],[36,62],[-2,21],[31,50],[30,18],[95,27],[59,43],[15,23],[55,23],[1,-32],[-38,-11],[-32,-54],[-45,-41],[0,-41],[11,-42],[-30,-29],[-31,6],[-40,-31],[-28,-61],[21,-30],[37,-29],[47,-15],[28,33],[11,-26],[24,-16],[40,12],[1,-42],[-44,-35],[-21,1],[-32,46],[-97,15],[-36,-15],[2,-51],[-48,-39],[68,-67],[49,-18],[36,-101],[-2,-48],[-12,-15],[-3,-55],[10,-51],[26,-53],[2,-67],[-46,21],[-69,-1],[-11,-27],[37,-92],[23,-43],[-27,-20],[-27,-4],[-40,43],[-28,17],[-26,56],[-27,37],[-59,30],[-28,-12],[-23,40],[-30,16],[-20,-50],[-26,14],[-40,-7],[53,-69],[-7,-32],[2,-54],[12,-81],[-24,-64],[-12,-9],[-52,4],[-54,-8],[-11,-10],[-97,-28],[-21,-20],[-52,-21],[-42,-3],[-6,-19],[-45,-45],[-16,-2],[-11,-45],[-17,-16],[-50,-71],[8,-37],[45,-18],[10,-20],[61,6],[15,-15],[65,48],[1,28],[65,92],[24,24],[24,-2],[45,-36],[36,-65],[41,-96],[69,-69],[27,-51],[-3,83],[-62,67],[36,34],[61,2],[30,23],[12,25],[33,12],[31,57],[41,-19],[7,-14],[-14,-56],[36,-15],[-51,-56],[-14,-62],[16,-65],[-4,-30],[-24,-58],[-38,-11],[52,-55],[-24,-27],[-7,-37],[23,-29],[92,-144],[21,-23],[37,-73],[-12,-35],[4,-39],[-13,-46],[-49,-46],[-18,-26],[-13,-72],[-24,-35],[-28,12],[-22,-8],[7,-55],[-40,-39],[-3,-50],[-15,-62],[47,21],[8,29],[31,20],[39,-53],[21,-64],[35,-49],[24,-21],[107,-56],[28,1],[39,-15],[43,-3],[55,38],[12,-24],[-29,-31],[-34,-84],[34,-42],[72,-72],[20,-37],[73,-69],[116,-57],[64,-14],[49,-1],[40,17],[50,-15],[19,-35],[30,-22],[99,-26],[173,-32],[109,-15],[99,-9],[162,-21],[100,-3],[195,8],[101,1],[130,6],[192,22],[201,33],[100,24],[95,30],[42,5],[182,47],[70,27],[93,25],[241,83],[130,35],[20,13],[168,44],[105,42],[46,8],[131,7],[77,20],[188,77],[62,36],[40,37],[146,98],[30,25],[93,54],[65,47],[75,48],[23,34],[108,-11],[76,25],[88,61],[5,24],[28,16],[18,-7],[76,46],[88,71],[64,69],[60,73],[29,58],[1,31],[-37,21],[19,61],[-9,51],[27,56],[-5,40],[13,17],[34,-4],[42,34],[50,76],[89,108],[64,90],[52,55],[97,79],[31,4],[88,57],[95,74],[21,23],[129,101],[36,39],[37,8],[74,58],[69,15],[80,28],[73,34],[95,72],[53,55],[47,12],[23,20],[89,44],[28,3],[34,20],[54,58],[28,47],[44,123],[8,68],[9,13],[-9,41],[-4,76],[-61,139],[-46,44],[-33,2],[-21,-17],[-2,57],[-28,124],[-4,46],[-1,211],[4,19],[-1,120],[11,50],[12,167],[14,101],[1,57],[-8,51],[6,34],[-4,88],[-11,73],[-46,31],[-43,-9],[-57,-69],[-40,-2],[-17,12],[58,60],[38,53],[28,5],[21,55],[-41,87],[-32,95],[-35,63],[-7,44],[4,96],[15,43],[23,21],[14,89],[29,35],[12,29],[70,73],[46,99],[11,55],[23,21],[8,51],[24,68],[3,53],[-21,111],[3,78],[74,83],[23,97],[0,88],[9,78],[22,28],[29,69],[7,32],[-24,30],[-12,54],[-22,62],[10,64],[19,40],[17,59],[22,-2],[43,39],[29,54],[57,-23],[46,10],[-52,182],[-23,64],[-53,87],[-79,67],[-41,24],[-17,61],[-44,70],[-80,93],[-66,97],[-55,65],[-26,44],[-52,67],[-50,100],[2,85],[38,74],[26,-13],[-21,-25],[15,-36],[47,15],[12,22],[-6,40],[18,54],[-19,62],[-4,42],[-64,150],[-81,149],[-71,113],[-6,19],[-50,77],[-47,49],[-76,108],[-37,42],[-43,62],[-81,92],[-35,45],[-8,30],[-32,25],[-90,95],[6,8],[-154,122],[-149,69],[-97,17],[-75,-13],[-16,8],[-37,-23],[-50,44],[-37,4],[-7,55],[-21,52],[2,42],[-27,136],[-51,117],[-57,25],[28,30],[-27,49],[-35,37],[-55,93],[-3,60],[12,40],[-1,57],[-22,159],[-25,72],[-44,98],[-82,216],[-41,87],[-48,71],[-13,38],[-25,36],[-13,40],[-24,19],[-31,47],[-28,58],[-96,143],[-72,77],[-55,31],[-9,17],[-41,20],[-11,17],[-41,3],[-74,73],[-104,74],[-121,69],[-28,-22],[-19,15],[5,42],[-39,32],[-24,2],[-46,54],[-47,18],[-12,50],[-72,86],[-26,114],[-8,98],[-27,71],[-8,40],[-46,96],[-85,112],[-42,20],[-42,46],[-50,96],[-14,-4],[-38,57],[-48,54],[-14,37],[-37,48],[-15,38],[-18,133],[-19,16],[-15,68],[-90,123],[-44,76],[-74,66],[-52,33],[-53,45],[-27,-21],[-32,40],[-12,51],[-20,16],[-116,61],[-62,20],[3,21],[30,39],[64,132],[22,69],[-8,40],[2,42],[38,64],[44,38],[58,93],[16,49],[7,65],[-11,61],[-51,108],[4,59],[-12,45],[-23,49],[-48,59],[-37,33],[-74,43],[-49,12],[-26,20],[-107,45],[-55,36],[-56,22],[-63,64],[-84,122],[-16,39],[-31,34],[-49,30],[-85,24],[-21,30],[39,22],[29,30],[27,44],[5,42],[-16,53],[-2,49],[-41,0],[-1,27],[40,1],[24,67],[-8,33],[57,59],[88,33],[76,44],[28,-1],[86,23],[20,45],[-45,94],[-77,67],[-89,48],[-85,22],[-56,25],[2,40],[27,20],[19,49],[42,55],[10,33],[-3,46],[-115,104],[28,86],[-5,45],[70,82],[19,56],[-5,30],[-36,36],[-36,19],[-13,26],[55,106],[18,49],[-8,39],[-21,33],[-90,108],[-10,85],[7,53],[-14,40],[-66,40],[-55,9],[-33,-35],[-19,10],[9,31],[-65,-1],[-24,14],[-1,93],[-34,36],[-55,31],[-97,26],[-44,7],[-71,34],[20,24],[-17,29],[68,54],[58,-35],[61,-12],[38,0],[33,17],[67,18],[68,-16],[58,23],[70,-9],[16,10],[61,-6],[79,17],[31,-6],[50,5],[26,11],[52,-10],[79,8],[132,-23],[38,11],[176,-44],[71,-10],[66,-15],[103,8],[69,22],[30,16],[1,93],[10,16],[-15,34],[-2,121],[-19,80],[-29,82],[-64,151],[-8,51],[-18,56],[-8,50],[7,96],[24,22],[31,0],[45,26],[69,-5],[52,12],[79,93],[-6,29],[15,74],[39,18],[23,37],[-31,3],[-58,-21],[-76,-65],[-95,5],[-35,33],[-24,40],[-59,26],[-68,51],[-48,47],[-53,37],[-44,49],[-18,40],[-46,61],[-33,80],[-43,21],[-40,-28],[-31,-6],[-13,23],[-27,-9],[-42,-33],[-23,-1],[11,39],[24,21],[95,31],[81,11],[40,15],[71,2],[137,32],[111,46],[73,26],[80,0],[90,19],[142,7],[50,-1],[59,7],[64,-4],[130,-22],[88,-3],[88,-32],[53,-11],[50,-2],[64,-13],[53,1],[163,-12],[43,45],[73,11],[95,35],[43,32],[74,24],[125,52],[97,15],[69,18],[40,19],[139,49],[52,4],[55,14],[130,-3],[92,47],[17,22],[65,52],[9,17],[63,12],[51,20],[74,43],[56,38],[57,12],[85,34],[85,40],[59,41],[58,67],[63,36],[18,21],[61,6],[44,37],[53,30],[85,16],[61,33],[53,6],[75,26],[129,20],[56,42],[-15,12],[-47,-28],[10,53],[61,52],[77,38],[61,15],[56,21],[62,62],[21,14],[96,32],[34,16],[80,65],[79,23],[30,23],[29,38],[31,5],[88,40],[56,37],[60,16],[62,36],[165,68],[23,15],[94,31],[54,44],[14,30],[80,66],[38,4],[97,72],[51,25],[10,15],[57,36],[62,24],[27,21],[62,29],[15,18],[55,19],[52,45],[71,39],[89,39],[54,31],[52,15],[15,30],[68,29],[85,19],[69,-1],[112,7],[42,8],[124,38],[109,-1],[68,5],[122,29],[90,45],[39,37],[105,11],[48,14],[23,-2],[63,25],[40,0],[36,23],[53,11],[32,21],[37,9],[22,20],[140,-20],[55,4],[43,27],[38,-8],[78,-5],[53,6],[86,39],[37,-4],[67,-23],[72,-17],[33,-2],[111,-19],[81,-5],[70,1],[67,8],[59,16],[34,-1],[52,29],[114,32],[140,-7],[60,-15],[97,-12],[48,1],[80,14],[112,7],[75,25],[57,25],[55,39],[-22,72],[9,15],[-13,62],[20,29],[-17,31],[10,50],[40,34],[133,56],[21,34],[28,11],[26,43],[56,20],[65,13],[32,-14],[18,-23],[30,13],[46,2],[104,-35],[99,-24],[91,-8],[105,14],[50,17],[53,33],[42,50],[80,33],[40,53],[63,54],[131,42],[74,1],[93,7],[47,22],[45,36],[87,9],[85,23],[59,43],[66,24],[65,13],[22,12],[70,83],[72,40],[45,14],[70,33],[34,28],[-3,18],[49,28],[42,8],[63,-11],[26,-19],[87,-47],[115,-36],[58,2],[45,20],[256,87],[12,27],[37,12],[60,1],[41,8],[53,40],[27,0],[53,27],[17,26],[-6,32],[32,74],[18,16],[44,10],[39,66],[1,25],[42,143],[0,51],[26,15],[23,-22],[33,-3],[27,34],[31,12],[13,65],[24,20],[-34,74],[13,28],[30,22],[35,48],[39,21],[-14,19],[-40,-47],[-33,-17],[-13,33],[14,14],[5,60],[30,56],[44,17],[-33,22],[-22,37],[30,27],[10,50],[-25,2],[-23,-17],[-36,-2],[-19,45],[128,-22],[64,-84],[52,-52],[56,-75],[98,-101],[58,-72],[38,-29],[31,-10],[49,32],[30,56],[58,68],[7,21],[-27,38],[-36,26],[101,14],[36,16],[32,-7],[93,24],[24,-54],[76,-89],[30,-22],[30,-6],[12,19],[2,39],[30,48],[49,36],[37,95],[-13,86],[-76,10],[-40,-10],[-11,-23],[-38,-11],[-31,15],[6,36],[21,18],[-6,28],[19,27],[32,7],[51,-39],[22,33],[37,6],[47,-19],[56,-40],[24,-6],[54,-45],[0,48],[13,30],[-28,18],[8,57],[-24,15],[27,23],[-10,27],[-58,-8],[-34,23],[2,23],[-111,0],[-71,-35],[-17,4],[20,74],[1,54],[19,69],[-54,23],[-30,1],[-12,19],[-85,-4],[-13,-8],[-73,3],[-54,-67],[-28,4],[-4,41],[48,24],[20,35],[44,12],[-2,24],[-103,-40],[-21,-38],[-45,-1],[-6,20],[41,58],[-30,10],[-42,-21],[-62,-5],[-42,17],[-110,-24],[-54,15],[-17,20],[-2,29],[-27,25],[6,24],[39,17],[111,-8],[18,-18],[50,17],[56,-11],[52,3],[67,18],[-12,15],[-49,-10],[-89,37],[-47,47],[-30,13],[-76,-1],[-73,59],[-2,41],[-112,51],[-69,66],[-1,37],[107,-37],[49,-29],[116,-104],[28,-29],[108,-66],[196,-72],[57,-45],[74,-51],[10,-18],[52,-28],[32,-29],[77,-43],[56,-9],[98,16],[28,-2],[112,47],[40,-9],[87,28],[35,-43],[33,-17],[50,20],[40,-84],[37,-88],[37,-38],[8,-25],[48,5],[40,25],[13,-40],[42,-49],[31,-6],[51,16],[15,17],[45,-10],[66,35],[93,22],[27,23],[-3,33],[25,40],[40,27],[33,4],[38,19],[35,-46],[-11,-66],[22,-21],[47,3],[42,28],[27,33],[30,16],[32,54],[24,12],[29,-5],[30,-31],[-6,-42],[32,-27],[8,-30],[-15,-57],[-33,-29],[-32,-72],[1,-107],[-26,-80],[2,-57],[86,-111],[27,-28],[66,-51],[65,-37],[60,-11],[38,-14],[44,0],[58,-25],[44,-33],[42,-13],[17,8],[34,-14],[52,22],[40,-17],[31,13],[86,-37],[26,9],[39,-3],[89,66],[40,5],[62,-16],[23,31],[41,35],[0,19],[-32,17],[3,50],[29,34],[20,-2],[26,35],[33,2],[9,23],[79,28],[34,21],[56,48],[88,26],[28,27],[39,20],[-22,18],[34,30],[73,40],[7,19],[-45,38],[125,58],[25,27],[0,39],[-36,10],[-40,26],[52,58],[-38,3],[13,38],[47,37],[-90,21],[-26,13],[-40,64],[-51,34],[16,53],[-18,28],[-45,27],[-50,47],[16,51],[37,54],[-17,42],[12,36],[-8,23],[-29,-1],[-48,20],[0,15],[-31,29],[-3,41],[-34,34],[2,30],[34,32],[3,71],[9,32],[-20,33],[-9,53],[-18,53],[1,59],[-18,25],[-49,34],[9,32],[-28,18],[-47,82],[15,44],[-20,27],[7,30],[-32,33],[-37,25],[11,29],[-4,31],[-56,45],[-30,78],[-1,35],[-61,69],[16,59],[-51,40],[20,37],[-10,19],[-47,34],[-40,-37],[-35,-52],[-7,-28],[-37,-28],[-36,-13],[-41,6],[-36,55],[-32,2],[3,52],[-31,6],[-46,35],[-44,-22],[-10,-26],[-60,-45],[-11,6],[-59,-9],[-55,-47],[-20,-65],[6,-11],[-45,-74],[-29,34],[-58,-12],[-49,13],[-120,2],[-19,13],[62,43],[-70,-4],[-8,-39],[-36,-14],[-30,-55],[-59,5],[-30,-30],[-69,-101],[-32,-16],[-54,59],[-53,11],[-26,-5],[-34,12],[-58,54],[146,28],[-97,65],[-73,-24],[-21,-34],[-47,-7],[-21,32],[-29,-3],[-26,-52],[-25,-7],[-28,24],[-15,-10],[-59,-11],[-26,-31],[-53,3],[-16,-10],[-77,12],[-48,-6],[-45,-35],[-63,-35],[-74,-21],[-63,-32],[-64,-6],[-42,-23],[-63,-21],[-20,7],[-46,-15],[-33,-20],[-26,9],[-47,-26],[-100,-17],[-13,-11],[-56,-10],[-106,-44],[-19,5],[-38,-20],[-64,-21],[-57,-6],[-88,-34],[-76,-9],[-105,-26],[-47,9],[-50,-6],[-29,11],[-25,-18],[-30,-4],[-62,-33],[-42,7],[-30,-15],[-41,1],[-161,-50],[-17,-18],[-53,12],[-48,-20],[-56,-3],[-39,7],[-56,-3],[-66,27],[-55,-5],[-8,15],[-39,13],[3,64],[-11,28],[-35,6],[-17,42],[-59,90],[38,95],[49,45],[14,28],[13,74],[26,30],[15,44],[32,9],[35,31],[11,77],[-16,6],[-21,42],[-24,73],[4,47],[-21,25],[81,36],[25,54],[1,65],[-24,58],[-33,28],[-22,-7],[-20,-39],[-20,3],[-6,71],[-26,10],[-5,65],[-20,35],[-33,2],[-29,44],[18,24],[23,-3],[27,19],[5,-46],[38,-78],[24,-18],[22,5],[64,64],[21,-81],[48,13],[33,34],[10,31],[-1,60],[-14,18],[-36,10],[-61,42],[76,82],[-6,74],[-22,53],[-52,81],[-22,23],[-36,0],[-80,33],[-110,-42],[-13,-81],[61,-33],[8,-39],[-13,-19],[-29,-5],[-26,-23],[-4,67],[-17,64],[-22,32],[-22,-3],[-13,49],[-38,108],[-21,22],[-18,94],[-30,104],[-26,53],[-20,24],[-33,14],[-79,-3],[-36,-53],[1,74],[-6,51],[-51,91],[6,60],[10,25],[5,74],[-15,40],[-22,31],[-47,25],[-36,0],[-32,-20],[-37,-58],[-6,33],[68,82],[43,73],[-21,74],[0,54],[-11,89],[13,53],[-6,24],[19,53],[23,26],[27,50],[30,107],[58,53],[27,38],[6,27],[26,20],[-6,44],[33,45],[29,25],[63,93],[10,50],[-16,7],[-9,47],[8,93],[57,80],[28,59],[43,76],[5,23],[43,72],[1,24],[44,83],[105,143],[50,58],[48,70],[5,47],[26,83],[32,68],[-2,71],[-32,40],[-60,32],[46,82],[-15,19],[41,22],[15,35],[37,11],[14,17],[67,25],[55,6],[40,15],[99,-28],[79,-2],[116,24],[61,-1],[42,13],[36,32],[3,26],[59,14],[105,57],[75,66],[12,64],[41,32],[19,30],[114,57],[36,53],[39,28],[28,3],[48,34],[44,42],[43,13],[31,25],[44,17],[30,21],[6,25],[-21,37],[84,-2],[36,15],[38,52],[27,5],[35,25],[42,18],[63,16],[17,29],[68,15],[28,15],[20,40],[63,7],[42,-7],[58,-21],[51,21],[45,-32],[92,-96],[52,-42],[29,-7],[67,-31],[26,-20],[72,-12],[25,22],[67,5],[47,-4],[54,8],[70,-52],[24,-5],[13,23],[118,-90],[122,-111],[30,-12],[35,-36],[46,-32],[60,-81],[24,-75],[39,-92],[19,-78],[27,-38],[-14,-21],[23,-57],[41,-11],[17,-63],[34,-19],[-26,-38],[2,-18],[37,-18],[34,2],[13,-22],[-1,-32],[22,-8],[61,-86],[19,-41],[18,-67],[15,-3],[9,-46],[-1,-68],[9,-20],[29,-7],[24,-24],[5,-49],[46,-7],[43,-61],[-7,-53],[18,-26],[28,-14],[-13,-34],[3,-47],[28,-30],[16,-42],[24,6],[36,-27],[0,-14],[32,-46],[-22,-33],[30,-84],[3,-50],[-7,-80],[9,-60],[34,-92],[60,-111],[22,-19],[60,-3],[5,-28],[-48,-23],[-30,-47],[-14,-36],[-34,-159],[-5,-128],[4,-88],[18,-124],[47,-225],[2,-36],[22,-120],[25,-95],[15,-85],[39,-142],[0,-11],[46,-183],[59,-200],[63,-178],[41,-99],[46,-141],[17,-38],[117,-341],[40,-91],[49,-127],[86,-202],[34,-96],[19,-35],[34,-96],[35,-86],[64,-144],[29,-79],[80,-147],[80,-137],[166,-272],[55,-75],[105,-160],[143,-171],[19,-34],[63,-70],[101,-102],[95,-80],[85,-50],[62,-30],[93,-34],[100,-30],[95,-11],[62,4],[49,11],[22,19],[18,72],[34,84],[59,61],[47,31],[39,35],[96,59],[29,11],[23,32],[49,24],[55,38],[110,28],[32,0],[91,-18],[32,17],[89,-10],[84,-27],[39,6],[32,-11],[121,6],[46,-7],[89,-30],[44,-25],[67,-16],[49,-5],[24,9],[108,-16],[69,-29],[74,-12],[91,-39],[67,-7],[21,12],[96,-24],[106,2],[20,12],[49,6],[45,27],[24,36],[57,16],[61,37],[26,2],[41,32],[66,31],[22,37],[45,27],[29,27],[63,29],[36,3],[58,38],[44,18],[57,47],[76,13],[45,77],[66,-11],[40,2],[53,14],[89,-56],[36,-16],[70,-72],[144,-96],[64,-20],[24,-1],[23,22],[60,-36],[75,-30],[66,-10],[32,24],[13,41],[118,6],[8,8],[63,-22],[78,-79],[79,-61],[91,-30],[25,8],[84,-27],[79,11],[62,-42],[80,-26],[51,0],[31,23],[-6,48],[29,21],[26,-7],[33,-38],[33,-12],[36,-35],[90,-123],[62,-69],[87,-110],[107,-96],[70,-44],[46,-10],[31,19],[54,14],[53,-33],[88,-39],[64,-4],[32,36],[59,17],[12,20],[29,0],[84,-48],[54,-23],[68,-18],[33,36],[51,17],[70,-15],[28,2],[6,32],[51,16],[48,41],[39,1],[70,30],[25,-2],[90,-44],[49,-8],[19,10],[81,-10],[73,13],[53,19],[113,-50],[46,-13],[46,2],[24,13],[7,33],[20,28],[76,-33],[71,40],[63,-5],[31,12],[27,-16],[42,-43],[53,-39],[56,-21],[43,3],[19,34],[50,13],[38,-54],[114,-149],[166,-206],[86,-88],[23,-7],[51,-36],[19,-23],[65,-51],[68,-77],[37,-23],[23,1],[86,-60],[45,8],[46,-18],[53,-56],[98,-79],[77,-50],[74,-35],[92,-23],[70,0],[58,27],[9,27],[-7,79],[10,10],[49,-13],[40,-23],[57,-21],[46,-27],[29,-2],[26,17],[27,-6],[65,-54],[32,-20],[42,-57],[65,-78],[34,-27],[35,-41],[69,-99],[104,-121],[136,-137],[52,-38],[68,16],[79,-74],[41,8],[28,-5],[41,-27],[58,8],[51,16],[42,-5],[95,-73],[42,-21],[36,2],[20,30],[49,-29],[25,-3],[77,-88],[55,-37],[19,-44],[54,-55],[4,-39],[104,-132],[82,-85],[32,-40],[90,-89],[90,-62],[54,-50],[89,-99],[90,-69],[51,-16],[83,-7],[117,-16],[75,7],[46,33],[30,67],[-7,37],[-21,25],[20,19],[27,-14],[53,-63],[24,-5],[40,-38],[13,-30],[60,-62],[5,-20],[66,-67],[-24,-15],[-45,28],[-51,-31],[-15,-33],[-6,-46],[10,-65],[15,-40],[58,-90],[27,-60],[91,-172],[24,-29],[33,-59],[41,-61],[110,-152],[45,-53],[56,-81],[14,-43],[164,-411],[55,-141],[53,-118],[80,-137],[74,-102],[25,-29],[58,-84],[88,-136],[28,-29],[60,-46],[22,-26],[6,-32],[26,-43],[94,-63],[38,-14],[69,-53],[-7,-23],[-35,-27],[21,-63],[34,-9],[1,-28],[18,-43],[26,-31],[44,-35],[38,-14],[76,5],[15,-32],[-32,-12],[2,-43],[16,-12],[30,-54],[4,-25],[-32,-9],[-16,11],[-36,-35],[24,-25],[25,9],[19,33],[42,-20],[-17,-75],[-29,-9],[-29,18],[-8,-62],[-78,-7],[-40,-16],[-17,36],[22,13],[29,-9],[1,31],[-42,-13],[-33,-42],[-35,-1],[-35,36],[-43,-11],[-61,-28],[-31,35],[-19,-4],[-43,-56],[-30,1],[7,-31],[-69,20],[22,16],[19,40],[-57,42],[-23,-19],[-24,21],[-54,3],[-9,-11],[-57,12],[-51,-28],[14,-50],[84,-63],[44,15],[-14,-37],[-66,3],[-33,45],[-79,63],[12,-56],[-51,10],[-15,61],[-38,10],[21,-47],[-47,9],[-14,25],[-29,-35],[37,-28],[72,-23],[-11,-34],[28,0],[34,16],[6,-46],[75,-3],[27,-48],[45,-50],[-4,-56],[-30,-20],[-44,15],[-33,44],[-62,24],[-61,67],[-38,-31],[-63,-12],[10,-23],[81,19],[23,-38],[3,-71],[17,-40],[-50,-2],[-1,20],[-26,18],[-16,28],[-21,-53],[-1,-82],[17,-51],[75,-132],[-50,-40],[-34,-67],[-8,-79],[7,-88],[29,-131],[49,-149],[46,-118],[16,-55],[49,-120],[16,-55],[55,-157],[105,-267],[21,-33],[56,-117],[43,-82],[79,-139],[133,-196],[2,-7],[111,-150],[42,-62],[66,-81],[18,-30],[124,-154],[65,-75],[81,-85],[65,-83],[25,-22],[112,-119],[54,-53],[32,-22],[64,-64],[75,-46],[19,2],[23,34],[76,-59],[114,-82],[56,-28],[55,0],[31,43],[72,-51],[67,-32],[56,11],[12,20],[43,29],[80,81],[23,8],[70,-26],[18,4],[24,42],[45,11],[39,-22],[56,21],[42,-12],[24,-27],[101,-48],[68,-63],[71,-46],[76,-32],[89,-9],[37,15],[10,60],[-11,31],[16,55],[16,8],[45,-11],[38,2],[22,14],[41,-5],[61,-28],[21,-28],[43,5],[-28,41],[47,-11],[60,-33],[2,-26],[24,-8],[30,-36],[92,-61],[38,-56],[54,-54],[34,-2],[33,33],[36,7],[59,49],[20,-18],[9,-51],[33,-79],[31,-15],[43,0],[25,56],[23,-2],[67,90],[73,53],[22,-26],[29,-9],[25,-34],[76,76],[20,-39],[47,13],[24,16],[8,43],[32,-4],[37,-34],[28,8],[25,32],[58,-13],[16,-40],[25,-17],[11,-86],[-30,-57],[6,-46],[-19,-66],[30,-10],[83,-7],[36,-13],[0,-36],[50,-3],[5,51],[-34,0],[-36,18],[9,47],[-11,46],[23,44],[10,45],[20,30],[-5,42],[17,61],[16,16],[6,34],[37,-5],[12,-16],[47,3],[18,13],[10,42],[59,-7],[5,-29],[65,-20],[0,-53],[-43,1],[-2,-36],[13,-45],[26,-13],[32,45],[31,2],[-8,36],[-23,33],[13,35],[24,30],[4,36],[18,14],[52,4],[65,-21],[56,30],[39,9],[47,-18],[59,-13],[58,10],[14,53],[54,21],[50,28],[62,-3],[16,-44],[46,-18],[25,1],[38,29],[8,24],[92,-3],[86,12],[8,20],[53,22],[66,0],[16,-10],[48,-3],[70,-44],[28,-3],[12,21],[64,-5],[93,10],[13,-14],[54,-11],[35,24],[133,32],[80,-18],[17,16],[120,-6],[62,10],[19,31],[35,6],[37,35],[47,26],[44,0],[1,-32],[39,-27],[32,9],[41,-4],[24,15],[80,10],[15,25],[28,7],[38,39],[46,0],[11,-13],[38,4],[37,60],[42,0],[57,-22],[27,-1],[14,44],[33,20],[44,8],[14,-16],[68,-24],[78,6],[51,-16],[48,51],[34,-13],[34,7],[27,43],[51,-5],[28,16],[26,-11],[29,19],[37,5],[61,22],[24,-13],[44,35],[49,-15],[47,-42],[63,6],[87,-10],[19,31],[26,-17],[41,10],[34,-4],[67,5],[44,16],[65,-1],[100,-16],[43,6],[10,-44],[35,27],[49,11],[27,-5],[59,12],[46,-5],[48,15],[13,15],[90,11],[97,25],[34,26],[35,1],[23,-43],[14,-1],[23,45],[71,9],[30,-5],[4,-20],[69,1],[28,-18],[55,6],[34,-6],[18,11],[69,9],[81,19],[17,17],[48,10],[25,-8],[49,12],[51,3],[24,-18],[63,11],[27,-8],[63,4],[22,8],[27,30],[52,-16],[47,21],[37,1],[0,34],[15,11],[30,-32],[53,5],[18,-16],[85,-5],[65,4],[26,47],[58,6],[46,-13],[28,5],[37,-11],[79,2],[36,18],[109,35],[69,-10],[32,2],[53,45],[34,-3],[34,23],[48,-1],[26,28],[41,6],[32,-6],[31,16],[52,6],[47,16],[40,23],[59,6],[25,22],[24,-3],[49,31],[45,-21],[38,6],[33,25],[65,23],[-5,37],[71,-13],[15,21],[33,0],[112,20],[28,19],[21,-4],[144,76],[22,32],[11,40],[67,34],[23,-3],[43,30],[28,3],[137,-18],[47,-18],[41,23],[22,-4],[32,17],[40,4],[72,-35],[35,-26],[54,11],[20,-5],[33,-30],[49,-29],[47,-12],[23,13],[74,3],[40,-29],[74,4],[20,36],[72,-4],[33,16],[48,7],[31,16],[75,-34],[24,-3],[20,21],[51,18],[52,6],[56,43],[29,13],[74,-31],[39,2],[37,20],[74,11],[43,42],[28,17],[54,11],[69,-8],[14,17],[38,-32],[57,-33],[36,-7],[63,5],[30,-27],[79,2],[65,-15],[24,17],[81,-6],[73,16],[25,-2],[37,16],[41,-9],[93,13],[26,22],[88,-16],[108,16],[49,74],[19,12],[106,-51],[67,-11],[18,5],[50,47],[31,-4],[36,-22],[89,7],[37,-5],[40,17],[57,-12],[54,13],[149,-23],[15,7],[73,-1],[54,20],[38,-10],[40,12],[149,11],[54,7],[54,-7],[116,-7],[47,18],[51,8],[47,-6],[35,15],[55,-14],[72,2],[23,16],[26,-10],[24,15],[67,-28],[33,10],[24,-6],[79,16],[27,-4],[48,12],[81,-6],[63,2],[75,23],[39,5],[41,-12],[157,11],[107,-2],[48,-18],[56,-2],[35,21],[25,3],[69,-24],[43,-7],[33,20],[43,-5],[44,-25],[87,-17],[24,22],[36,6],[88,-12],[50,17],[15,21],[73,-13],[45,-33],[148,-52],[85,-16],[13,-17],[80,-49],[63,-28],[40,-5],[34,-16],[25,2],[69,-18],[25,20],[77,13],[91,33],[17,13],[76,9],[60,30],[-3,32],[34,29],[30,52],[26,15],[-1,30],[36,46],[78,15],[71,40],[37,12],[42,-6],[22,16],[43,-5],[31,16],[36,-9],[33,21],[31,4],[57,-14],[69,15],[41,-13],[61,8],[180,-97],[142,-115],[47,-28],[26,-26],[60,-41],[92,-54],[33,-13],[44,-30],[32,13],[58,-25],[31,7],[44,-16],[50,-30],[78,-23],[16,3],[59,-17],[9,-11],[68,20],[26,-12],[75,-59],[29,-15],[30,5],[28,-23],[32,8],[53,-21],[16,-22],[61,-13],[50,-24],[74,-48],[63,-24],[80,-6],[38,17],[29,32],[-26,48],[38,10],[19,-22],[25,1],[30,-53],[20,4],[25,-21],[14,-60],[-12,-26],[-29,-3],[-33,-27],[-32,-78],[-36,-69],[-45,-34],[-54,-17],[-83,-4],[-28,-11],[-25,-47],[-39,-39],[-33,-8],[-12,16],[-33,-7],[-12,-34],[-23,-22],[-28,17],[-12,27],[4,28],[-46,71],[-59,-4],[-18,-30],[-34,-7],[-52,12],[-21,-41],[42,-11],[18,-16],[75,4],[14,-24],[-35,-33],[-17,-73],[15,-110],[37,-101],[63,-98],[66,-43],[12,-81],[53,-64],[14,-26],[113,-118],[38,-44],[83,-81],[67,-56],[28,-36],[136,-108],[138,-91],[132,-80],[115,-65],[90,-63],[42,-19],[18,-23],[48,-28],[94,-92],[80,-66],[25,-27],[44,-26],[36,-31],[52,-30],[28,-29],[32,-18],[38,-37],[126,-88],[71,-61],[8,-14],[134,-88],[164,-114],[144,-88],[32,-27],[394,-213],[109,-56],[217,-101],[37,-14],[172,-82],[86,-32],[100,-48],[81,-30],[73,-34],[185,-73],[262,-100],[99,-41],[82,-26],[69,-30],[71,-23],[58,-26],[97,-33],[59,-15],[27,-17],[109,-35],[50,-23],[114,-37],[52,-13],[173,-62],[222,-67],[40,-18],[82,-22],[74,-26],[212,-64],[110,-28],[36,-15],[126,-36],[46,-8],[65,-36],[12,6],[111,-35],[54,-10],[98,-30],[209,-51],[32,-13],[138,-29],[300,-78],[348,-75],[180,-29],[213,-44],[84,-3],[131,-23],[78,-4],[92,-10],[70,-14],[183,-22],[131,-21],[79,-7],[138,-28],[47,-4],[63,-15],[136,-26],[62,-21],[66,-11],[70,-31],[56,-18],[84,-41],[185,-71],[97,-31],[151,-44],[35,-14],[105,-26],[34,-4],[63,-21],[38,-4],[105,-24],[139,-20],[79,-7],[127,-1],[50,9],[37,41],[27,9],[97,10],[38,24],[204,38],[108,24],[90,33],[139,59],[74,40],[118,71],[44,13],[83,-1],[97,-24],[90,-37],[33,-7],[43,10],[83,-23],[89,-11],[30,-11],[118,-9],[78,-14],[107,-4],[59,-6],[109,-4],[131,1],[195,15],[148,34],[143,37],[62,20],[136,34],[126,52],[157,89],[119,85],[67,67],[33,52],[22,68],[49,110],[8,58],[-5,54],[-45,58],[37,27],[3,18],[37,13],[43,48],[5,23],[34,67],[18,103],[-20,43],[-86,44],[-38,-10],[-22,66],[26,19],[4,56],[24,47],[18,-3],[-4,-42],[15,-18],[-11,-113],[110,-38],[79,-6],[139,12],[64,21],[22,23],[68,9],[20,20],[34,7],[64,27],[45,32],[7,24],[59,56],[21,45],[2,46],[-26,27],[4,25],[36,14],[108,14],[42,-7],[26,7],[9,50],[37,-4],[9,28],[-30,23],[-64,-9],[-15,-26],[-47,17],[1,39],[64,7],[31,-16],[16,8],[46,-10],[29,5],[4,34],[65,-3],[9,-32],[-41,-64],[23,-15],[72,0],[27,-33],[26,6],[3,24],[-27,21],[-1,33],[-28,5],[10,34],[64,5],[6,13],[42,3],[24,-20],[-23,-47],[-2,-35],[-26,-3],[34,-57],[24,-27],[35,15],[29,-12],[10,31],[53,5],[24,-16],[52,38],[-6,64],[63,5],[40,25],[16,-34],[-17,-25],[9,-58],[61,-47],[25,21],[10,38],[28,-4],[58,16],[6,24],[-41,19],[-13,25],[16,23],[40,-3],[46,-20],[82,1],[56,-31],[70,-13],[78,-43],[127,13],[75,60],[67,12],[43,44],[34,-12],[39,34],[-22,52],[40,18],[71,3],[-12,34],[35,23],[7,31],[-46,14],[11,20],[82,11],[21,44],[31,-16],[51,5],[31,15],[36,36],[86,4],[76,-34],[35,0],[19,14],[11,61],[48,1],[27,23],[31,8],[81,47],[30,52],[38,-21],[85,-1],[15,14],[-11,89],[-39,3],[6,54],[-98,37],[-12,-20],[-91,-9],[-31,-14],[-20,-26],[-46,41],[-23,-8],[2,-34],[-40,20],[-24,-8],[-3,-39],[-45,39],[-31,4],[-3,-27],[-32,-32],[-27,81],[-98,-8],[-34,-15],[-66,-16],[-13,-29],[-31,28],[6,29],[-45,21],[-24,-7],[-12,-24],[-37,1],[1,86],[-14,24],[-36,12],[-15,30],[52,29],[41,-77],[26,5],[37,-42],[35,36],[25,9],[-6,-63],[38,-31],[108,15],[57,51],[2,52],[35,-8],[22,34],[44,-9],[11,28],[36,-5],[26,15],[42,-32],[41,32],[14,34],[47,-25],[55,21],[41,-10],[27,35],[-10,21],[24,15],[-3,47],[-65,11],[-20,23],[33,37],[-24,11],[-38,-3],[-33,51],[13,17],[32,0],[37,14],[45,2],[-7,40],[-32,23],[-27,-6],[-86,45],[-26,46],[28,26],[61,3],[58,49],[12,54],[32,-9],[8,-49],[-9,-24],[41,-11],[-4,35],[87,48],[9,20],[-40,9],[23,31],[107,-13],[-47,-27],[30,-45],[41,-41],[26,26],[8,-64],[-11,-20],[1,-37],[28,-35],[-54,-57],[18,-36],[-12,-18],[-37,-17],[-50,-2],[-13,-40],[27,-17],[-28,-38],[-27,-14],[-66,-6],[-2,-40],[29,-10],[-18,-24],[39,-60],[14,-2],[62,54],[11,25],[24,-7],[48,17],[-1,29],[23,12],[63,-3],[30,29],[-15,39],[-25,13],[27,34],[-51,27],[24,77],[31,-30],[24,4],[-29,43],[26,16],[-15,24],[-68,54],[29,32],[60,-44],[16,28],[40,16],[-12,17],[-37,-7],[-31,8],[-23,41],[59,32],[2,27],[26,18],[2,28],[21,22],[34,-16],[55,-13],[35,36],[5,44],[31,-8],[35,37],[125,2],[20,-14],[-28,-45],[13,-16],[38,12],[46,68],[51,-13],[20,25],[37,18],[56,-4],[36,12],[51,-11],[67,1],[19,-14],[49,18],[44,7],[22,-17],[38,3],[33,15],[24,-12],[49,10],[73,25],[71,47],[71,71],[32,46],[57,55],[44,69],[45,101],[5,46],[-17,12],[0,101],[56,45],[59,17],[54,24],[87,-18],[42,-2],[70,-26],[16,-16],[36,-9],[61,9],[57,-14],[46,8],[39,30],[41,-14],[46,-4],[34,-25],[26,45],[27,21],[37,-80],[34,-50],[101,-77],[52,-80],[52,-13],[56,-22],[91,-23],[24,2],[48,-21],[22,2],[45,-18],[29,5],[107,-5],[42,-20],[6,44],[27,18],[53,-11],[21,-38],[-1,-28],[26,-16],[31,14],[16,38],[44,6],[28,-12],[21,26],[65,16],[65,2],[38,-13],[26,22],[44,3],[26,-24],[39,20],[11,22],[40,-34],[25,-10],[17,31],[36,1],[48,24],[39,41],[55,6],[31,-26],[18,14],[21,-18],[24,12],[81,-38],[45,3],[52,21],[57,-15],[66,-4],[12,31],[27,23],[47,8],[67,-39],[25,-29],[42,-24],[36,13],[44,-30],[33,1],[25,-13],[64,-11],[21,16],[61,-10],[23,6],[53,-14],[45,37],[61,24],[43,7],[28,-7],[42,-74],[33,-4],[44,14],[34,-22],[45,10],[16,46],[24,8],[30,-12],[17,-25],[111,-11],[68,24],[16,-4],[63,21],[64,51],[41,-4],[50,23],[18,-3],[95,22],[16,59],[41,-9],[33,19],[14,-16],[44,2],[-4,29],[44,19],[30,-15],[8,37],[49,-7],[31,-28],[41,-10],[69,17],[14,14],[36,-4],[39,41],[17,-1],[55,-30],[41,26],[47,-14],[76,37],[29,-16],[51,31],[37,0],[27,26],[87,16],[28,40],[-39,5],[33,30],[-25,16],[11,27],[30,3],[44,20],[67,-13],[9,20],[-16,22],[-65,32],[-37,0],[-167,-52],[-32,-28],[-51,-23],[-42,-8],[-51,-33],[-142,-23],[-8,90],[-14,20],[-40,16],[-80,3],[-26,23],[-57,15],[-50,-6],[-37,11],[-33,-24],[-29,84],[-45,44],[-26,40],[-52,25],[-26,39],[-89,69],[-73,3],[-23,17],[-94,11],[-54,-4],[-34,44],[-99,58],[-29,53],[-47,8],[-69,60],[-62,16],[-38,-8],[-17,13],[-41,-13],[-32,23],[-52,3],[-28,-7],[-18,15],[-59,2],[-27,-22],[-33,21],[-55,8],[-34,-18],[-18,6],[-99,-7],[-27,-21],[-36,3],[-30,25],[-40,-14],[-95,14],[-102,9],[-89,46],[-20,23],[-101,64],[-19,-3],[-16,34],[-70,37],[-43,10],[4,41],[-20,-1],[-91,16],[-116,-18],[-16,10],[-32,-14],[-70,-9],[-18,-14],[-39,1],[-30,15],[-54,0],[-34,-8],[-64,6],[-45,14],[-89,-16],[-12,-13],[-68,0],[-43,16],[-52,-23],[-67,2],[-47,16],[-44,4],[-29,-15],[-67,-5],[-109,-26],[-22,21],[10,41],[-59,-34],[-57,-53],[-69,1],[-79,-31],[-50,1],[-131,-29],[51,38],[-24,13],[-38,-13],[-54,30],[-3,34],[23,6],[-6,35],[-49,-3],[-33,-12],[-48,-5],[-19,-14],[-50,1],[-34,-21],[-136,-24],[-46,0],[-25,-41],[-55,-26],[-13,-24],[-68,-46],[-59,2],[-36,-18],[-52,4],[-79,-35],[-29,-89],[-37,-8],[-16,-20],[-9,-64],[0,-95],[-26,-81],[-109,-93],[-38,-47],[-21,7],[-12,45],[-25,22],[-43,9],[-37,31],[-55,86],[-6,36],[-43,64],[-28,8],[-23,35],[-31,67],[-2,25],[21,73],[12,110],[-13,15],[26,51],[-23,40],[-44,8],[-62,39],[-36,71],[-20,55],[-26,15],[-32,37],[-17,98],[-55,145],[-45,68],[-19,16],[1,36],[32,45],[56,-7],[44,56],[23,0],[29,34],[48,10],[60,48],[12,39],[-25,22],[10,21],[51,34],[21,0],[31,-55],[109,-156],[55,-52],[20,-5],[56,27],[167,-15],[17,18],[44,-4],[53,17],[33,-8],[37,8],[18,-17],[45,0],[74,-105],[42,-36],[36,0],[15,19],[51,12],[63,-18],[94,-87],[29,-8],[32,29],[24,1],[53,-51],[26,-7],[51,26],[10,23],[42,-16],[41,16],[46,6],[20,12],[7,29],[26,14],[17,34],[67,45],[53,8],[49,-9],[49,15],[40,-7],[57,15],[32,18],[51,15],[37,51],[-7,27],[56,-2],[21,26],[25,-5],[31,15],[23,-9],[27,10],[59,-14],[79,-130],[34,-28],[44,-14],[59,16],[80,-43],[29,-6],[40,16],[51,39],[30,-7],[44,-24],[50,11],[13,26],[58,-47],[76,-8],[38,6],[64,-22],[17,2],[85,37],[9,18],[90,7],[54,-31],[21,7],[70,-53],[42,-17],[39,-3],[25,9],[44,-11],[55,33],[43,-3],[31,10],[14,33],[31,-17],[90,0],[56,11],[13,25],[123,11],[91,26],[21,15],[89,5],[102,31],[66,40],[32,51],[32,2],[12,-21],[26,53],[-4,102],[21,46],[-19,56],[33,13],[-3,32],[48,53],[12,29],[0,116],[20,16],[4,35],[31,12],[130,-143],[159,-167],[78,-67],[84,-91],[34,-9],[57,12],[45,-18],[39,-25],[36,2],[73,-28],[132,6],[39,9],[47,27],[38,-7],[50,-34],[49,-43],[59,-28],[40,-29],[99,-12],[27,-10],[70,-1],[64,5],[23,-10],[94,-10],[59,-19],[41,12],[53,-17],[27,-21],[116,5],[72,-17],[46,16],[36,-13],[95,-23],[12,-10],[59,-8],[25,5],[16,23],[42,24],[67,-26],[45,-28],[38,-2],[95,28],[40,-20],[171,-24],[56,-1],[16,11],[52,3],[60,21],[188,30],[19,18],[19,41],[22,11],[10,35],[-3,43],[-24,-2],[-43,22],[-30,-4],[-11,16],[51,16],[38,26],[36,-7],[5,-26],[41,-25],[69,0],[42,-18],[43,0],[26,42],[13,54],[26,49],[24,-19],[31,-5],[18,17],[22,-28],[25,27],[27,-13],[31,8],[19,-71],[31,-20],[36,4],[45,24],[8,26],[-13,30],[-26,18],[13,48],[47,-12],[33,-47],[48,-9],[31,3],[74,38],[18,-15],[37,7],[-6,24],[35,20],[13,32],[-21,26],[31,48],[-4,36],[25,7],[1,-56],[41,-2],[31,64],[22,22],[7,45],[28,-9],[23,-42],[73,-44],[38,-3],[24,-19],[17,14],[42,9],[33,23],[34,-28],[2,-18],[42,-36],[62,-32],[77,-30],[64,-8],[49,7],[11,13],[-4,50],[29,28],[13,30],[49,-23],[21,-1],[38,-50],[45,-2],[13,-21],[53,-25],[101,-39],[103,-19],[41,6],[39,27],[-13,66],[48,37],[42,-36],[66,-21],[75,-10],[15,23],[54,-9],[26,34],[62,-3],[44,23],[6,30],[26,27],[-15,45],[22,25],[32,-7],[35,31],[29,0],[43,33],[57,4],[36,27],[23,-2],[26,23],[89,28],[47,33],[34,4],[59,26],[46,-1],[44,16],[28,32],[31,1],[24,47],[3,27],[-31,15],[-7,35],[59,-1],[23,18],[38,-45],[-50,4],[-11,-29],[9,-51],[63,-60],[35,-25],[52,-5],[79,-43],[31,11],[25,-16],[90,-18],[35,4],[0,35],[24,20],[109,28],[46,-3],[36,20],[60,11],[32,-25],[70,-9],[15,23],[48,6],[18,23],[38,8],[48,-10],[62,19],[26,27],[91,-70],[119,-34],[22,18],[108,5],[33,8],[30,34],[-9,18],[21,41],[45,4],[36,32],[25,-39],[47,-16],[3,-40],[64,-50],[72,4],[82,-63],[62,-35],[90,9],[28,-17],[26,7],[43,-6],[16,-14],[56,-16],[30,19],[71,6],[23,-10],[153,-28],[48,-33],[60,-2],[3,25],[34,6],[5,26],[55,48],[38,0],[53,-26],[90,-11],[39,20],[9,34],[31,4],[82,55],[16,-11],[51,-3],[34,15],[14,19],[41,5],[46,-8],[104,47],[47,36],[82,-8],[14,16],[55,4],[45,66],[34,-3],[57,15],[36,23],[29,1],[83,30],[82,-10],[46,23],[48,0],[81,36],[38,40],[29,56],[50,8],[46,21],[66,68],[25,-5],[117,50],[7,14],[53,7],[19,-37],[49,-4],[-16,-29],[12,-19],[65,-65],[65,-45],[32,4],[46,-9],[58,9],[22,-27],[43,-12],[65,-6],[40,22],[43,-3],[48,-14],[33,22],[16,-11],[63,-9],[48,23],[153,-30],[92,9],[45,-22],[35,-8],[77,17],[20,-2],[21,-26],[73,-33],[46,26],[43,-10],[24,22],[22,-20],[39,8],[34,-31],[39,24],[59,-16],[29,-27],[61,14],[28,-7],[23,15],[39,-29],[54,24],[51,-8],[38,-19],[29,-34],[24,13],[30,-10],[15,17],[64,-14],[121,-19],[36,22],[111,-49],[34,28],[28,-14],[52,17],[15,-21],[67,-32],[18,15],[24,-9],[50,18],[48,-17],[35,14],[125,-57],[41,17],[77,-14],[56,-1],[70,-11],[18,-16],[64,20],[72,-3],[39,8],[59,-24],[5,-23],[44,-20],[32,26],[50,10],[94,-21],[2,-22],[40,-4],[60,32],[24,0],[24,-20],[68,-2],[31,-14],[69,-12],[39,-37],[38,2],[42,23],[32,-3],[17,-24],[-14,-16],[24,-40],[39,-23],[32,-2],[50,65],[33,-19],[18,-72],[34,-29],[43,-8],[46,19],[33,39],[20,-4],[40,26],[14,22],[29,7],[67,-6],[0,-33],[45,-33],[22,4],[48,49],[39,10],[68,-22],[53,12],[17,-8],[115,-27],[80,-1],[29,8],[49,35],[80,-23],[25,-64],[23,-10],[6,-28],[83,-32],[64,9],[16,-20],[81,-1],[78,17],[3,25],[36,26],[-1,42],[25,-2],[49,28],[36,8],[53,53],[29,-17],[58,15],[89,-17],[63,4],[4,22],[37,45],[62,9],[1,-30],[19,-16],[4,-32],[19,-18],[41,30],[17,2],[36,30],[46,3],[78,-42],[49,-16],[20,19],[66,17],[36,-24],[21,-1],[44,27],[8,43],[-28,41],[-1,21],[21,34],[22,6],[81,-26],[52,12],[56,3],[24,-10],[-30,-32],[6,-38],[21,-12],[42,8],[37,-36],[21,40],[55,26],[26,-31],[39,4],[20,36],[16,-8],[23,28],[-22,56],[14,31],[-29,24],[25,23],[30,-25],[51,-21],[11,-26],[30,-7],[92,-5],[-26,-35],[35,-49],[41,26],[75,-1],[72,35],[-18,37],[-1,45],[34,6],[90,-48],[36,-8],[34,-22],[25,-34],[45,23],[9,-25],[84,-3],[33,62],[28,12],[16,44],[14,80],[23,-15],[71,-21],[30,9],[96,-2],[94,9],[37,-1],[54,-18],[27,48],[-9,30],[32,11],[29,23],[31,65],[37,12],[-26,-50],[44,-34],[54,-6],[44,-18],[32,-34],[-64,-23],[-40,1],[-9,-28],[-27,20],[-26,-7],[-17,-32],[-29,-25],[-31,-1],[-52,14],[-31,-73],[21,-25],[-14,-38],[21,-25],[-37,-36],[-7,-26],[37,-14],[-13,-38],[-37,-21],[-18,-49],[17,-45],[-24,-37],[-19,3],[-23,-41],[6,-32],[-24,-1],[-18,-28],[-67,32],[-16,19],[4,66],[33,38],[20,54],[-21,9],[-41,-42],[-21,-59],[-28,-11],[-16,-60],[-20,-19],[17,-29],[-7,-32],[43,-38],[-11,-23],[-82,-42],[-38,-7],[-22,-17],[-66,-13],[-43,38],[1,33],[-28,11],[-74,-47],[-20,-24],[-20,-78],[-70,1],[-25,-60],[-29,5],[-33,-21],[-38,9],[-24,20],[-31,-25],[-81,-3],[-34,27],[-12,56],[-40,19],[-53,-22],[3,-48],[-44,-17],[-15,-27],[-59,5],[-54,-14],[-5,-16],[-43,0],[-8,56],[-37,7],[-44,-6],[-22,-14],[-31,-40],[19,-43],[-24,-14],[-66,-19],[-64,2],[-45,9],[-10,30],[4,41],[-28,14],[-58,-10],[-9,-17],[19,-29],[-44,0],[-35,-34],[-38,85],[-78,14],[-47,-41],[49,-50],[-36,-22],[-28,9],[-20,-12],[-42,-2],[-25,11],[-4,25],[-42,0],[-17,-19],[-51,10],[-13,-17],[-39,3],[-14,28],[-31,-1],[-31,-40],[-24,11],[-21,36],[-32,-33],[-25,22],[-41,8],[-12,65],[-14,2],[-29,-38],[1,-32],[-54,-10],[-16,30],[-40,-26],[-27,3],[-19,19],[-38,13],[-18,61],[-22,-11],[-5,-36],[-44,3],[-9,-21],[-117,-3],[-49,4],[-18,-21],[-87,-13],[-10,6],[-153,8],[-41,14],[-39,-21],[-58,-11],[-24,-12],[-29,22],[-41,7],[-95,-13],[-21,14],[-70,-12],[-28,14],[-37,-47],[-20,-7],[-28,-38],[-30,-56],[-33,-30],[-29,-57],[-39,-47],[-24,-65],[-80,-34],[-19,-18],[-29,-50],[-30,-80],[-3,-25],[-44,-49],[-16,-46],[-40,-63],[-62,-16],[-55,-80],[-31,-73],[-45,-35],[-20,-40],[-39,-12],[-46,18],[-34,-2],[-57,-51],[-21,2],[-59,-23],[-42,13],[-67,-14],[-92,100],[-71,19],[-63,53],[-72,28],[-29,20],[-43,-10],[-93,-68],[-12,28],[-33,17],[-54,-19],[-29,-21],[-62,-69],[-35,-15],[-40,-45],[-51,12],[-42,-18],[-31,6],[-42,37],[-55,19],[-45,73],[-14,11],[-46,3],[-41,37],[-76,-17],[-31,-19],[-27,24],[-30,-3],[-19,23],[-30,1],[-44,-19],[-39,19],[-42,-7],[-27,-18],[-35,-41],[-34,-6],[-37,21],[-54,-20],[-22,-22],[-54,-1],[-25,36],[-79,43],[-58,0],[-35,-8],[-69,30],[-31,1],[-57,42],[-44,22],[-16,27],[-44,5],[-27,14],[-69,7],[-41,-6],[-20,-20],[-50,19],[-30,20],[-48,-3],[-21,14],[-50,-5],[-40,24],[-40,6],[-29,-6],[-30,18],[-51,4],[-47,-21],[-83,42],[-92,13],[-52,15],[-41,4],[-79,-16],[-70,9],[-33,-8],[-62,-31],[-133,-90],[-52,-20],[-34,-4],[-66,-22],[-50,-2],[-32,-13],[-81,10],[-71,-1],[-127,-31],[-32,25],[-95,16],[-48,2],[-35,-8],[-84,-4],[-90,-21],[-54,-28],[-100,-65],[-123,-56],[-96,-24],[-147,-4],[-62,4],[-9,-58],[11,-31],[78,-68],[10,-46],[5,-69],[23,-28],[121,-61],[112,-52],[106,-28],[27,-33],[35,-5],[40,-18],[36,9],[25,43],[69,50],[60,15],[40,-15],[37,-34],[15,-25],[10,-52],[-4,-48],[32,-80],[45,-77],[71,-93],[125,-176],[124,-150],[65,-61],[44,-57],[90,-91],[12,-21],[86,-77],[61,-64],[67,-86],[41,-46],[90,-87],[107,-112],[39,-66],[23,-55],[4,-38],[18,-58],[-8,-65],[-69,-158],[-39,-51],[-28,-73],[-43,-68],[-23,-62],[-16,-105],[177,-220],[111,-116],[157,-119],[48,46],[93,34],[58,29],[62,10],[114,-39],[40,-28],[98,-34],[46,-35],[95,-42],[112,-54],[98,-51],[23,-28],[63,-54],[56,-32],[25,-50],[16,-14],[49,-16],[4,-27],[63,-40],[41,-58],[70,-148],[35,-54],[86,-179],[-14,-30],[41,-45],[8,-52],[25,-87],[26,-50],[14,-55],[-22,-21],[40,-60],[1,-34],[21,-24],[18,-101],[16,-49],[22,-34],[35,-95],[3,-42],[14,-49],[1,-50],[-25,-33],[48,-56]],[[109093,94024],[42,-32],[19,-2],[24,-27],[17,10],[18,47],[36,51],[39,6],[37,-6],[112,-54],[45,-29],[16,-42],[39,-74],[26,-37],[-14,-43],[17,-20],[46,-114],[63,24],[89,-90],[-3,-16],[25,-66],[29,3],[14,-34],[45,-41],[14,-22],[31,-15],[9,-34],[24,-39],[-2,-17],[-50,-29],[-77,-17]],[[109823,93265],[7,-18],[-78,-37],[13,-32],[-39,-68],[7,-7],[-20,-79],[-56,-58],[-34,-52],[-26,-18],[-44,-6],[-14,-36],[2,-59],[45,-37],[28,-7],[21,-27],[36,-83],[55,-67],[91,-72],[72,-34],[19,-22],[56,-32],[47,-46],[21,-68],[8,-63],[25,-13],[30,5],[0,98],[18,42],[-13,50],[-1,63],[8,54],[46,32],[11,91],[-1,86],[7,52],[46,39],[28,49],[1,34],[36,67],[49,16],[79,-10],[-28,161],[-21,22],[-5,82],[-26,8],[-24,-19],[-55,-10],[-32,7],[27,47],[32,91],[12,66],[66,22],[68,-33],[40,-34],[55,21],[19,20],[109,-4],[22,72],[17,79],[20,134],[11,43],[49,136],[20,20],[51,90],[2,34],[36,59],[84,-1],[46,5],[89,-1],[48,32],[49,-1],[50,-14],[36,-24],[23,-51],[-5,-32],[-26,-13],[10,-35],[31,-8],[32,-36],[49,-77],[19,-43],[347,-63],[74,-24],[53,-9],[81,-28],[173,-40],[139,-45],[98,-41],[43,-23],[83,-24],[59,-1],[76,-12],[182,-76],[179,-64],[238,-124],[76,-45],[77,-52],[142,-124],[157,-123],[81,-71],[17,-7],[113,-101],[113,-82],[57,-36],[11,2],[54,-39],[123,-114],[90,-71],[36,-16],[36,-33],[37,-14],[79,-88],[55,-54],[42,-58],[0,-15],[86,-111],[24,-62],[60,-65],[63,-32],[-18,-25],[35,-30],[40,-13],[44,-54],[-9,-19],[18,-22],[35,-15],[24,-25],[17,19],[33,-25],[35,4],[98,-26],[28,-21],[100,-34],[97,51],[21,23],[-30,16],[-6,103],[-40,69],[-4,19],[72,27],[152,17],[140,-2],[77,-7],[97,-15],[169,-55],[29,-2],[111,-50],[87,-1],[48,-25],[63,-14],[43,-34],[50,-20],[42,1],[38,-20],[170,-52],[83,-36],[65,-9],[62,-25],[61,-15],[101,9],[19,17],[72,-1],[55,10],[130,9],[41,-9],[28,22],[-29,24],[-52,21],[-7,41],[-54,42],[-70,91],[-44,25],[-48,-1],[1,25],[71,16],[115,2],[68,-18],[27,-18],[84,-29],[80,-52],[55,-49],[24,2],[33,23],[8,22],[-54,87],[-31,30],[-19,33],[-61,45],[-162,110],[-82,61],[-47,48],[16,25],[39,5],[49,33],[-8,21],[-53,35],[-81,23],[-34,-7],[-52,8],[-19,18],[-42,4],[-104,106],[15,32],[-28,43],[-4,40],[-24,29],[166,6],[5,8],[81,-12],[47,0],[69,-41],[53,-16],[169,-96],[50,-23],[139,-52],[34,-16],[55,-11],[65,-42],[66,-26],[76,-60],[62,-27],[23,-21],[101,-57],[99,-84],[87,-67],[61,-58],[26,-16],[116,-88],[40,-24],[72,-24],[156,-141],[93,-58],[35,-35],[26,-9],[43,-51],[41,9],[16,21],[32,14],[-11,24],[16,17],[-30,23],[-16,54],[-20,17],[-5,29],[-25,23],[-38,56],[-40,8],[0,24],[-42,18],[-79,11],[-32,-7],[-33,9],[-44,54],[-151,138],[-58,45],[-35,36],[-82,68],[-10,22],[-52,38],[-22,42],[21,12],[18,-24],[74,-48],[27,-29],[37,-23],[2,-21],[24,-26],[58,-7],[42,-52],[43,-16],[26,-29],[23,3],[45,-44],[44,-26],[18,-25],[68,-20],[24,2],[65,-12],[74,6],[35,-12],[52,0],[63,-21],[-2,-37],[15,-14],[47,-1],[49,-41],[11,-75],[65,-29],[32,-41],[40,-30],[8,-42],[26,-15],[38,-42],[12,-35],[34,-16],[56,-64],[64,-54],[28,-41],[74,-67],[24,-30],[54,-24],[53,-57],[68,-83],[127,-132],[129,-112],[71,-78],[106,-110],[95,-89],[29,-16],[65,-58],[205,-158],[74,-49],[44,-35],[204,-147],[32,-17],[44,-45],[124,-153],[102,-139],[21,-65],[19,-32],[33,3],[9,32],[29,26],[109,-10],[83,-25],[3,-12],[48,-11],[80,-29],[53,-28],[55,-16],[62,-42],[90,-34],[37,-9],[148,-64],[39,-35],[61,-14],[36,-20],[118,-20],[0,-21],[33,-14],[57,-3],[11,13],[58,15],[45,0],[6,-18],[39,-7],[56,1],[22,-22],[63,-3],[56,-17],[74,-33],[146,-59],[28,-3],[168,-65],[90,-16],[106,-78],[26,-23],[71,-45],[45,-20],[72,-69],[23,-15],[56,-60],[30,-23],[16,-43],[-5,-71],[-9,-30],[21,-15],[32,1],[19,32],[118,24],[120,-16],[72,-31],[34,-6],[23,-17],[101,-18],[94,-31],[38,-24],[12,8],[66,-22],[113,-82],[170,-166],[76,-77],[27,-36],[87,-96],[148,-152],[95,-116],[56,-83],[93,-150],[87,-129],[27,-56],[45,-128],[46,-111],[20,-85],[-8,-99],[-34,-94],[-29,-43],[-48,-43],[-51,-62],[80,-75],[86,-69],[153,-111],[35,-41],[53,-105],[-5,-19],[-38,-21],[-6,-20],[-45,-22],[-35,1],[-17,-85],[22,-86],[60,-33],[100,-99],[56,-49],[51,-70],[39,-73],[22,-55],[42,-54],[29,-76],[0,-45],[-22,-22],[-31,-9],[-64,9],[-129,40],[-6,-10],[-69,8],[-43,13],[-24,-19],[2,-65],[39,-79],[9,-40],[44,-103],[27,-52],[51,-61],[-5,-29],[-23,-25],[-28,-51],[-13,-4],[-52,-49],[-29,-15],[-31,-36],[-10,-27],[-32,-23],[-88,9],[-43,-10],[-4,-34],[-23,-16],[-56,9],[-53,29],[-48,44],[-58,-49],[-17,-61],[2,-117],[-20,-34],[-9,-76],[61,-33],[-50,-35],[-36,0],[19,-65],[64,4],[45,-8],[47,42],[68,17],[18,-30],[73,-5],[7,-19],[-56,-39],[11,-47],[89,22],[86,11],[56,-7],[61,-19],[28,-20],[7,-32],[-21,-54],[-43,-45],[-82,-32],[-35,-30],[-19,-55],[-16,-20],[22,-29],[-82,-94],[-79,-71],[-39,-52],[-34,-9],[0,-32],[29,-40],[33,-11],[-3,-20],[39,-45],[34,-12],[37,-50],[29,-53],[-32,-21],[-40,-50],[-23,-68],[1,-35],[-31,-79],[-22,-101],[-43,-31],[-81,-23],[-22,-37],[-55,-28],[-37,16],[-65,14],[0,-57],[-36,-62],[-8,-27],[-56,-48],[-94,-19],[7,-18],[-42,-10],[24,-57],[-20,-35],[-33,-7],[22,-26],[24,-7],[8,-52],[51,-27],[43,-40],[42,1],[12,-13],[-12,-38],[76,60],[91,49],[21,-17],[-8,-24],[-26,-18],[-60,-63],[-75,-54],[-27,-34],[23,-35],[40,11],[3,-31],[20,-9],[20,34],[55,20],[29,-7],[-83,-127],[25,3],[65,87],[55,2],[25,17],[269,12],[34,50],[51,22],[19,36],[31,11],[37,-26],[43,13],[25,31],[23,4],[79,57],[44,2],[60,-10],[19,-28],[-12,-14],[9,-40],[-43,-30],[-54,-17],[-30,-30],[-65,-23],[-55,-55],[-65,-32],[-30,-47],[-74,-1],[-65,-28],[-46,-38],[2,-67],[-12,-54],[-23,-43],[22,-25],[-9,-51],[-23,-29],[-17,-43],[-41,-29],[-4,-73],[24,-27],[48,21],[0,17],[35,65],[69,62],[83,100],[53,57],[44,39],[152,93],[65,19],[34,-4],[31,-24],[43,13],[32,22],[-17,31],[12,21],[49,-12],[33,5],[22,-12],[53,-64],[-39,-66],[-88,-2],[22,-23],[10,-32],[25,-31],[-19,-26],[7,-28],[45,-43],[21,-41],[24,-11],[48,-63],[11,-26],[36,-33],[49,-73],[-35,-45],[44,-10],[12,-15],[49,-14],[28,-70],[-3,-17],[-51,-19],[-99,-20],[-160,-5],[-33,-7],[3,-33],[22,-7],[4,-48],[21,-18],[17,20],[50,7],[-24,-32],[-54,-29],[-87,-81],[-41,-29],[-17,-34],[-66,-37],[-43,-37],[-97,-21],[-52,12],[-57,-3],[-62,-16],[-64,12],[-9,-9]],[[125930,80964],[5,-55],[40,-24],[41,15],[35,-18],[9,-17],[60,-18],[27,-15],[38,17],[33,2],[106,56],[52,18],[81,12]],[[126457,80937],[6,1]],[[126463,80938],[65,21],[145,65],[45,23],[104,107],[9,66],[43,49],[73,64],[86,49],[78,1],[60,31],[10,45],[30,10],[26,26],[27,56],[-24,55],[1,23],[43,19],[24,-17],[52,-89],[4,-65],[-14,-61],[-27,-79],[-33,-65],[-66,-48],[-28,-7],[-31,31],[1,26],[-48,9],[-67,-6],[-23,-24],[-130,-175],[-12,-52],[-22,-24],[-21,-62],[-43,-62],[-16,-39],[-20,-74],[-44,-17],[-5,-67],[3,-43],[-54,-7],[-109,-28],[2,-47],[36,-22],[-21,-34],[2,-24],[77,2],[64,16],[32,31],[111,-38],[5,-18],[36,-23],[24,-30],[7,-35],[29,-1],[40,-29],[67,-22],[29,6],[49,30],[130,26],[38,0],[75,-35],[12,-18],[41,-15],[7,-21],[55,1],[32,19],[52,5],[25,-7],[47,-35],[39,11],[82,-14],[46,-28],[31,-28],[57,-12],[11,-33],[-21,-36],[-28,-70],[-55,-63],[-57,-39],[-25,-27],[-45,-15],[-46,0],[-56,21],[-24,-18],[-116,-28],[-34,-25],[-31,1],[-42,15],[-33,2],[-21,28],[-62,-18],[-66,15],[-25,20],[-45,-7],[-71,28],[-11,24],[-65,5],[-5,-9],[-96,-32],[-45,8],[-87,3],[-87,-11],[-27,-15],[-140,-12],[-202,17],[-63,-14],[-87,3],[-81,11],[2,-16],[-118,-35],[-29,-22],[-60,-13],[-56,-4],[-59,13],[-5,-18],[63,-17],[80,-8],[25,18],[45,-6],[44,28],[30,7],[15,-34],[51,2],[32,-7],[53,30],[4,-44],[39,8],[18,-8],[46,37],[32,-15],[34,12],[25,-36],[-45,-53],[-54,8],[-52,30],[-85,-15],[-47,1],[-45,-8],[-65,8],[-82,-10],[-40,10],[-73,7],[-92,-17],[-86,-31],[-62,-11],[-71,58],[-37,13],[-100,3],[-133,-31],[-12,-34],[43,-1],[62,-17],[57,-7],[6,-65],[-65,-21],[-42,33],[-65,-15],[-65,17],[-69,1],[-49,38],[-35,12],[-21,-9],[-59,-5],[-23,5],[-152,62],[-28,18],[-104,33],[-57,-6],[-168,43],[-106,1],[-51,-10],[-106,-39],[-46,-5],[-44,-46],[-58,-50],[-66,-103],[-65,-19],[13,-38],[-19,-52],[-30,-28],[-33,-72],[-4,-31],[-29,-38],[-21,-43],[-5,-41],[-16,-14],[1,-50],[59,-63],[-28,-33],[-28,-17],[-58,-18],[-15,-22],[12,-41],[38,-28],[84,5],[76,26],[-6,34],[4,72],[22,145],[42,35],[47,3],[104,-6],[122,13],[2,18],[-23,39],[-45,25],[-29,43],[-21,6],[-75,-20],[-8,26],[57,80],[51,49],[20,7],[21,58],[49,35],[28,-8],[-10,-66],[59,8],[137,0],[49,-30],[-71,-11],[5,-38],[46,4],[1,-33],[37,-7],[28,25],[106,-1],[35,-15],[64,26],[40,-23],[50,29],[59,3],[100,-32],[28,-14],[70,-2],[21,-36],[28,-21],[102,9],[32,13],[52,-3],[28,17],[60,-11],[32,17],[27,-21],[42,14],[72,1],[65,9],[22,-17],[49,3],[26,-13],[24,6],[78,-11],[10,12],[62,-16],[91,15],[35,15],[49,6],[32,19],[39,2],[70,14],[44,28],[70,14],[25,19],[28,-2],[71,46],[31,-2],[52,37],[94,-30],[-1,-13],[63,-26],[190,-91],[36,-13],[40,-35],[84,-33],[52,-40],[40,-17],[25,-38],[63,-57],[119,-86],[19,-7],[99,-90],[19,-1],[84,-37],[135,-47],[19,7],[33,-25],[34,-9],[96,-13],[87,25],[31,-13],[43,4],[80,-5],[40,-13],[47,-2],[75,6],[76,-1],[118,-20],[20,-17],[87,-9],[14,-14],[38,-6],[19,11],[30,-12],[7,-25],[48,-4],[11,-18],[36,-15],[69,16],[56,36],[55,-15],[26,-19],[26,0],[-6,-32],[30,-16],[40,-1],[48,27],[39,-7],[-3,26],[25,15],[33,48],[10,43],[28,54],[70,7],[29,42],[12,106],[48,32],[28,2],[11,39],[44,31],[22,-1],[37,41],[44,15],[47,2],[23,19],[-2,73],[-78,64],[-50,14],[4,36],[23,53],[46,22],[-12,43],[48,48],[-10,42],[4,98],[34,6],[97,32],[95,3],[56,-12],[38,3],[68,-9],[71,31],[51,-2],[85,-16],[58,4],[141,-29],[45,-3],[131,1],[14,7],[56,-4],[47,7],[54,-8],[39,12],[70,-7],[35,8],[123,-8],[96,3],[7,17],[102,7],[47,-11],[46,3],[13,-10],[152,-3],[8,21],[130,7],[53,-8],[65,10],[127,-15],[45,-19],[33,-27],[13,13],[63,-25],[1,-14],[48,-1],[29,-16],[52,-3],[55,-44],[75,-28],[6,-10],[113,-54],[32,-3],[66,-35],[107,-33],[5,-16],[69,-19],[38,-29],[55,-19],[96,-13],[52,-23],[58,-10],[17,24],[58,-17],[-18,-28],[55,-19],[8,39],[36,-22],[67,-14],[26,-25],[74,-19],[10,-36],[62,-41],[18,28],[24,-19],[55,-22],[-4,-49],[21,-2],[38,-27],[5,-15],[57,-22],[11,-21],[51,-30],[1,-36],[58,15],[19,-14],[0,-75],[20,-17],[-17,-36],[81,-42],[95,-77],[28,-28],[82,-42],[84,-77],[77,-61],[44,-46],[117,-86],[38,-45],[7,-22],[51,-41],[48,-75],[40,-31],[56,-95],[41,-40],[92,-133],[8,-39],[43,-83],[57,-90],[59,-128],[75,-130],[55,-53],[29,-57],[28,-8],[34,-32],[-6,-30],[48,-24],[20,-41],[37,-18],[50,-37],[15,-28],[55,-28],[34,0],[64,-20],[88,15],[105,-37],[49,-27],[120,-49],[130,-76],[79,-32],[67,-40],[88,-40],[42,-36],[109,-75],[9,-14],[-60,-95],[-5,-23],[-30,-47],[-42,-48],[-44,-33],[-26,-42],[-11,-72],[7,-44],[28,-2],[-3,114],[33,48],[46,26],[96,160],[37,54],[-37,58],[-70,39],[-65,46],[-228,118],[-20,22],[-5,34],[10,32],[37,15],[46,-3],[54,-29],[52,-39],[51,-23],[51,-39],[69,-21],[64,-30],[115,-61],[105,-64],[37,-56],[24,-18],[19,-74],[40,-47],[83,-35],[44,-9],[168,-25],[44,-19],[28,-23],[69,-72],[32,-42],[75,-59],[40,-21],[61,-21],[134,-14],[56,-36],[61,-87],[16,-41],[-9,-21],[12,-52],[58,-61],[38,-14],[38,-2],[154,9],[87,0],[26,-10],[45,0],[164,-30],[47,-2],[75,-22],[32,-30],[80,-101],[108,-94],[157,-159],[31,-24],[129,-75],[95,-79],[45,-57],[35,-33],[75,-55],[76,-50],[53,-52],[38,-68],[25,-68],[26,-34],[38,-26],[87,-42],[110,34],[47,24],[93,30],[66,3],[118,-63],[96,-83],[21,-35],[42,-127],[23,-49],[31,-33],[21,-37],[100,-125],[25,-24],[47,-27],[32,-4],[123,20],[121,-42],[128,-57],[37,-28],[65,-85],[26,-65],[30,-58],[57,-79],[61,-53],[84,-52],[137,-37],[44,-25],[26,-30],[9,-39],[-36,-125],[-9,-50],[0,-50],[14,-100],[34,-102],[61,-127],[2,-53],[-26,-70],[-17,-86],[-2,-203],[21,-104],[27,-74],[51,-164],[27,-66],[45,-78],[50,-107],[17,-99],[20,-56],[22,-111],[-22,-79],[-72,-69],[-78,-47],[-27,-4],[-80,-33],[-51,-48],[-31,-53],[-9,-30],[-77,-139],[6,-48],[55,-46],[65,-72],[27,-55],[10,-97],[-20,-121],[-2,-81],[-20,-75],[-67,-124],[-7,-45],[12,-53],[19,-35],[53,-50],[37,-54],[24,-51],[21,-176],[-8,-90],[23,17],[1,81],[-6,97],[-25,100],[-25,48],[-33,44],[-59,54],[-10,24],[-5,63],[24,56],[47,91],[23,100],[-3,24],[17,133],[-1,91],[-17,54],[-27,53],[-45,50],[-41,26],[-24,55],[92,186],[30,48],[34,31],[54,26],[81,23],[108,91],[36,68],[7,68],[-22,89],[-23,151],[-19,51],[-93,159],[-34,98],[-64,207],[-13,77],[-2,126],[7,119],[30,96],[3,55],[-28,84],[-54,128],[-25,97],[-3,68],[16,87],[25,76],[-5,71],[-44,53],[-54,27],[-109,33],[-66,30],[-72,62],[-65,81],[-51,109],[-30,54],[-45,44],[-63,46],[-54,22],[-119,62],[-35,9],[-71,-2],[-71,-15],[-55,15],[-45,33],[-37,55],[-98,121],[-29,52],[-21,82],[-49,98],[-49,43],[-96,70],[-51,28],[-61,24],[-104,12],[-61,-7],[-190,-66],[-30,9],[-30,26],[-20,38],[-16,56],[-54,79],[-82,71],[-86,65],[-29,31],[-117,110],[-51,37],[-101,62],[-82,65],[-43,49],[-54,49],[-28,36],[-84,82],[-49,61],[-69,65],[-75,34],[-88,11],[-48,16],[-119,31],[-127,23],[-126,14],[-108,31],[-31,33],[-101,150],[-32,26],[-45,23],[-101,17],[-98,23],[-37,24],[-59,54],[-24,37],[-114,124],[-101,63],[-40,17],[-106,32],[-32,5],[-133,76],[-25,36],[-42,37],[-144,93],[-155,73],[-54,32],[-139,127],[-108,79],[-122,68],[-39,37],[-37,22],[-27,2],[-83,59],[-59,66],[19,32],[30,25],[54,17],[111,24],[53,0],[39,8],[64,2],[41,-7],[59,5],[135,-35],[41,-22],[64,-14],[66,-37],[176,-86],[91,-49],[73,-46],[42,-32],[66,-27],[57,-39],[59,-33],[130,-86],[132,-93],[270,-166],[98,-76],[144,-91],[194,-98],[61,-34],[174,-86],[134,-73],[176,-73],[148,-75],[118,-72],[147,-77],[62,-17],[182,-119],[77,-30],[53,-34],[107,-81],[282,-169],[88,-56],[133,-76],[66,-30],[56,-32],[191,-117],[54,-22],[66,-54],[78,-44],[116,-83],[173,-91],[69,-24],[32,-25],[112,-66],[79,-64],[51,-19],[47,-44],[127,-86],[61,-34],[120,-49],[71,-35],[231,-142],[85,-68],[74,-52],[185,-112],[77,-42],[71,-32],[51,-39],[108,-91],[152,-102],[83,-64],[81,-78],[78,-67],[130,-142],[44,-36],[132,-150],[89,-98],[63,-83],[213,-245],[66,-39],[71,-82],[36,-16],[157,-205],[76,-93],[69,-100],[181,-173],[64,-79],[86,-117],[11,-38],[39,-42],[38,-55],[54,-62],[62,-88],[67,-55],[57,-12],[37,-61],[77,-93],[55,-29],[62,-40],[23,-24],[67,-50],[5,-26],[71,-55],[41,-69],[42,-38],[19,-38],[39,-50],[69,-45],[80,-38],[41,-7],[78,-36],[36,-41],[52,-27],[41,-32],[76,-98],[34,-85],[35,-55],[17,-10],[5,-39],[23,-84],[69,-112],[34,-31],[35,-19],[38,-80],[-21,-22],[7,-27],[36,-14],[57,-62],[7,-50],[14,-40],[27,-7],[23,-60],[53,-55],[19,-47],[66,-62],[31,2],[50,-28],[53,-12],[35,19],[53,12],[131,-22],[38,3],[0,-19],[31,-19],[23,4],[48,-26],[59,-54],[58,-27],[52,-4],[19,9],[19,-38],[24,0],[31,-19],[95,-43],[97,-102],[29,-38],[-2,-14],[45,-65],[0,-21],[81,-120],[23,-11],[0,-33],[36,-72],[64,-61],[24,-60],[50,-78],[17,-5],[33,-36],[74,-105],[50,-52],[-3,-17],[46,-35],[12,-24],[114,-100],[-10,-40],[84,-103],[34,-21],[24,1],[19,-23],[9,-43],[40,2],[-15,-35],[35,-4],[73,-90],[30,-58],[28,-30],[28,-52],[36,-39],[35,-71],[56,-79],[62,-54],[-4,-24],[19,-41],[62,-49],[35,-56],[17,-52],[50,-75],[32,-6],[60,-76],[49,-4],[43,-26],[28,-60],[24,-36],[77,-78],[46,-66],[21,-48],[50,-86],[25,-101],[15,-30],[0,-52],[11,-17],[7,-90],[13,-30],[-3,-168],[15,-95],[-19,-96],[4,-80],[-19,-43],[-2,-58],[-15,-6],[0,-63],[-13,-38],[-19,-93],[0,-34],[-15,-73],[-11,-207],[-23,-7],[9,-28],[-9,-39],[-3,-95],[17,-43],[33,-107],[22,-52],[60,-121],[-4,-32],[27,-100],[-9,-11],[-14,-240],[-12,-137],[-12,-101],[6,-69],[-16,-99],[-13,-196],[-16,-91],[-5,-84],[-18,-75],[2,-32],[-30,-167],[-37,-65],[-19,-93],[-33,-74],[-64,-109],[-143,-93],[-133,-81],[-50,-41],[-67,-69],[-64,-88],[-43,-73],[-50,-100],[-41,-124],[-30,-71],[-19,-68],[-79,-178],[-17,-107],[-40,-111],[-31,-127],[-5,-61],[-21,-74],[-24,-33],[-29,-96],[-28,-138],[-60,-102],[-28,-40],[-3,-98],[17,-128],[26,-98],[5,-50],[-14,-76],[0,-124],[-10,-28],[-2,-102],[-14,-65],[4,-37],[-52,-116],[-6,-41],[8,-32],[-17,-62],[-23,-150],[-36,-62],[15,-60],[-20,-103],[-26,-101],[-35,-118],[-5,-32],[9,-31],[-14,-42],[14,-98],[21,-45],[15,-88],[6,-67],[16,-55],[22,-42],[-24,-60],[10,-21],[-38,-22],[-29,-45],[6,-48],[-13,-47],[11,-36],[16,-121],[36,-79],[31,-44],[29,-28],[32,-75],[-79,-110],[-15,-32],[-6,-58],[8,-31],[-11,-35],[-11,-123],[10,-32],[-35,-27],[-12,-31],[-9,-87],[-34,-34],[-58,-78],[-20,-68],[-41,-69],[-10,-41],[-71,-75],[-31,-67],[-44,-31],[-9,-45],[-27,-52],[-23,-15],[-27,9],[-56,-10],[-54,-1],[-68,-30],[-33,-25],[-26,5],[-63,-18],[-50,23],[-31,5],[-67,-31],[-121,9],[-45,17],[-57,12],[-40,-12],[-38,-25],[-46,-17],[-127,-5],[-40,36],[-54,19],[-59,-17],[6,-85],[32,-4],[46,-25],[36,11],[18,-23],[56,-6],[31,18],[39,-8],[61,19],[71,39],[54,0],[18,-12],[64,6],[32,10],[88,-22],[42,22],[44,-10],[14,-37],[-2,-29],[-22,-37],[-17,-61],[-31,-80],[-22,-21],[-22,-49],[-31,-46],[-54,-36],[-9,-36],[1,-82],[-17,-44],[-45,-18],[-49,-38],[-34,-7],[-27,-19],[11,-62],[37,-39],[33,26],[28,38],[6,54],[34,15],[85,60],[0,-104],[-40,-27],[-29,-56],[34,-49],[13,59],[44,47],[22,49],[0,63],[-24,20],[2,81],[31,37],[18,59],[56,61],[64,89],[31,54],[41,23],[53,61],[25,17],[49,70],[37,5],[50,25],[28,5],[86,35],[17,-1],[56,34],[39,9],[35,48],[-5,26],[45,62],[22,-8],[60,0],[47,-39],[-21,-69],[-10,-59],[38,-70],[0,-65],[12,-33],[14,-109],[41,-81],[5,-37],[-65,-42],[17,-17],[-8,-24],[10,-45],[22,-7],[30,-43],[89,-93],[24,-80],[64,-87],[14,-62],[-4,-45],[12,-47],[26,-15],[3,-58],[43,-73],[9,-31],[-7,-38],[20,-83],[24,-48],[45,-65],[-17,-25],[-31,17],[-25,-34],[26,-15],[-39,-72],[8,-26],[-49,-60],[-8,-77],[-9,-23],[19,-90],[-1,-34],[30,-63],[6,-35],[38,-68],[-20,-57],[8,-26],[-33,-52],[9,-110],[-8,-13],[25,-40],[17,-48],[-10,-35],[44,-9],[18,-33],[-44,-21],[-36,-69],[4,-75],[-47,-50],[-9,-31],[5,-49],[-15,-23],[-28,1],[-37,-26],[-12,-37],[33,-42],[-7,-25],[9,-34],[38,-68],[-18,-22]],[[147774,54488],[-44,-2],[-17,-21],[3,-49],[40,-69],[17,-45],[2,-65],[-73,-1],[-34,-24],[-24,-81],[-33,-23],[22,-22],[-25,-18],[8,-22],[26,-16],[38,-39],[50,-62],[-5,-19],[-29,-21],[-8,-63],[20,-25],[38,-20],[54,-17],[41,-33],[11,-30],[-12,-50],[-2,-45],[13,-47],[-14,-22],[-6,-44],[4,-41],[-24,-5],[-12,-30],[9,-102],[-13,-46],[-2,-44],[-18,-29],[14,-47],[-17,-55],[-11,-11],[4,-122],[29,-82],[76,-150],[-11,-32],[0,-40],[23,-58],[-17,-36],[-68,-32],[-52,-42],[-42,-60],[-32,-63],[-22,-62],[12,-2],[32,83],[52,81],[-6,-49],[43,49],[21,9],[50,46],[-1,-40],[-32,-6],[-38,-25],[-36,-46],[-25,-51],[-25,-121],[0,-116],[22,-102],[-9,-68],[-22,-51],[-41,-47],[-33,-20],[-49,-43],[-38,-63],[-14,-85],[9,-98],[18,-36],[0,-50],[-37,-51],[5,-60],[16,-67],[28,-77],[18,-76],[11,-105],[-7,-36],[-33,-20],[-22,-70],[11,-69],[0,-47],[39,-79],[7,-85],[-19,-100],[-54,-46],[-7,-31],[3,-60],[-8,-46],[4,-52],[-12,-19],[18,-67],[26,-32],[62,-33],[42,-46],[-5,-62],[-27,-64],[-18,-94],[-4,-95],[18,-44],[-33,-121],[-25,-24],[-35,-51],[-21,-76],[-36,-102],[-7,-50],[-16,-46],[-39,-43],[-16,-76],[-12,-20],[-13,-57],[1,-75],[32,-95],[1,-44],[-34,-71],[-11,-57],[-23,-73],[-24,-49],[-40,-120],[-59,-52],[-59,-41],[-37,-50],[-27,-52],[-27,-68],[-33,-59],[-107,-164],[-129,-91],[-46,-25],[-100,-27],[-88,-45],[-39,-3],[-66,28],[-48,29],[-52,0],[-79,-19],[-104,-55],[-53,2],[-60,-31],[-103,-61],[-111,-39],[-101,-20],[-79,-5],[-72,36],[-69,6],[-78,-28],[-109,2],[-72,-17],[-118,-16],[-44,28],[-46,-6],[-63,-35],[-56,-45],[-34,-47],[-54,-7],[-57,-31],[-30,-36],[-10,-46],[-25,-62],[2,-33],[-16,-28],[-56,-27],[-27,10],[-19,-20],[-58,-21],[-49,-53],[-18,0],[-49,24],[-93,19],[-86,31],[-45,-1],[-72,-12],[-72,9],[-45,-2],[-40,-22],[-53,-58],[-24,-77],[-64,-42],[-63,23],[-29,52],[0,39],[-58,60],[-37,5],[-15,17],[-60,0],[-63,38],[-20,24],[-75,28],[-42,-3],[-49,-14],[-92,-38],[-49,11],[-110,-35],[-69,-42],[-48,-9],[-86,0],[-42,-11],[-81,36],[-31,-8],[-39,-37],[20,-9],[39,40],[84,-40],[34,11],[74,-4],[86,15],[96,57],[28,1],[26,16],[71,-8],[49,13],[71,31],[46,8],[63,-25],[12,-14],[123,-67],[23,1],[43,-23],[44,-50],[3,-45],[37,-36],[73,-28],[33,8],[21,20],[53,25],[30,71],[28,51],[23,21],[31,6],[51,-12],[41,0],[56,14],[56,-5],[80,-23],[65,-12],[77,-36],[34,2],[29,14],[9,24],[51,23],[34,2],[23,22],[66,7],[-45,-56],[-32,-79],[-10,-55],[-24,-68],[-19,-31],[-5,-95],[23,-63],[0,-23],[27,-41],[8,-35],[-6,-31],[-22,-19],[5,-28],[31,-25],[24,-3],[22,16],[30,-5],[19,-21],[1,-27],[37,-66],[55,-45],[19,-30],[32,-1],[30,-37],[3,-35],[35,-43],[64,-22],[27,-17],[29,-40],[80,-35],[47,-29],[74,-37],[-20,-69],[-16,-19],[12,-34],[-40,-20],[-19,-38],[19,-13],[-1,-36],[-41,-38],[-1,-18],[25,-46],[-12,-41],[-17,-16],[8,-25],[-5,-39],[10,-23],[-30,-58],[-23,-71],[2,-48],[23,-37],[30,-23],[-3,-31],[22,-45],[-22,-26],[22,-68],[2,-80],[-9,-21],[-3,-79],[-16,-32],[-4,-46],[-15,-26],[16,-58],[-2,-41],[10,-36],[-25,-46],[-29,-18],[-33,-51],[-64,-37],[3,-51],[-34,-50],[30,-30],[19,-79],[21,-29],[-24,-28],[-12,-38],[18,-65],[-39,-66],[-24,-20],[-29,-57],[11,-26],[1,-70],[-25,-18],[-8,-67],[-29,-25],[9,-38],[30,-71],[9,-66],[-10,-26],[-109,-151],[-7,-33],[64,-18],[0,-44],[-58,-26],[-10,-40],[0,-60],[43,-95],[1,-36],[36,-82],[12,-93],[53,-77],[95,-72],[22,-43],[19,-65],[15,-90],[22,-87],[3,-73],[31,-146],[65,-80],[35,-52],[79,-57],[15,-48],[-13,-23],[-36,-29],[-29,-61],[45,-75],[30,-13],[37,-34],[40,-54],[9,-131],[-18,-53],[-6,-64],[20,-53],[17,-20],[6,-51],[47,-34],[49,9],[79,-35],[23,-20],[2,-33],[-27,-62],[-9,-100],[47,-81],[54,-24],[67,-14],[79,12],[38,-6],[40,27],[24,38],[50,8],[22,-48],[24,-11],[62,-5],[58,23],[67,16],[98,-12],[89,-38],[53,-38],[46,-59],[20,-41],[3,-34],[-16,-107],[0,-53],[-16,-46],[41,-134],[-16,-56],[12,-45],[63,-44],[67,-18],[25,2],[39,-15],[50,-52],[8,-49],[25,-41],[-3,-26],[30,-66],[-3,-48],[20,-32],[4,-33],[25,-45],[-6,-19],[18,-35],[24,-11],[40,5],[23,-30],[4,-33],[34,-29],[44,-64],[21,-5],[22,-55],[79,-57],[22,-27],[6,-40],[-12,-40],[21,-25],[41,3],[20,-19],[40,13],[12,-28],[25,-8],[11,-34],[-12,-41],[49,-51],[-20,-20],[-3,-57],[49,-27],[18,-21],[-12,-26],[14,-20],[77,3],[17,-21],[-12,-47],[24,-41],[-25,-47],[12,-18],[48,-22],[61,-12],[21,-23],[19,-57],[-15,-41],[36,-46],[31,-14],[76,42],[53,-24],[133,-50],[51,-13],[51,-49],[43,-28],[45,-18],[20,-35],[49,-37],[157,-73],[23,-41],[34,-30],[-4,-44],[9,-16],[33,-3],[66,-46],[39,-45],[12,-30],[-19,-43],[40,-70],[21,-25],[46,-5],[51,-40],[17,-34],[-3,-55],[-38,-40],[-2,-41],[37,-38],[-6,-29],[-23,-15],[-2,-59],[31,-50],[38,-9],[15,-37],[-13,-17],[-33,-2],[-18,-68],[18,-14],[12,-43],[2,-80],[15,-27],[0,-41],[-94,-51],[-75,-120],[-28,0],[-12,-18],[32,-53],[-11,-31],[57,-48],[-9,-34],[16,-36],[-22,-29],[48,-11],[39,9],[-9,-46],[12,-21],[-25,-27],[-15,-74],[-37,-43],[3,-45],[25,-58],[-36,-48],[4,-21],[-30,-30],[9,-27],[24,-16],[-22,-48],[-36,-19],[-75,-75],[-9,-22],[-39,-31],[0,-21],[22,-23],[-10,-45],[28,-50],[-31,-61],[36,-68],[-2,-25],[35,-45],[-4,-30],[21,-47],[19,-83],[37,-38],[33,-16],[87,-26],[16,-27],[-17,-34],[-23,-13],[-15,-85],[40,-41],[4,-37],[-11,-47],[30,-28],[42,-12],[52,-65],[-10,-23],[11,-23],[35,-8],[64,-67],[0,-72],[7,-55],[-19,-120],[-14,-38],[-36,-11],[-69,20],[-83,66],[-56,32],[-23,2],[-49,-21],[-34,-37],[-7,-62],[10,-55],[3,-111],[-8,-66],[-28,-58],[-43,-63],[-79,-94],[-30,-20],[-99,-100],[-63,-78],[-50,-33],[-68,-30],[-34,-5],[-81,-30],[-77,-14],[-60,6],[-58,-30],[-65,-52],[-21,-26],[-9,-35],[-43,-43],[-28,-63],[-35,-50],[-25,-56],[-2,-36],[-16,-60],[-42,-67],[-39,-40],[-32,-16],[-79,-25],[-83,-34],[-51,-31],[-90,-34],[-55,-12],[-147,-23],[-185,-50],[-77,43],[-43,1],[-33,-17],[-37,-32],[-40,-11],[-37,11],[-66,60],[-29,12],[-88,11],[-67,-1],[-68,-12],[-88,-22],[-76,-73],[-67,-40],[-102,-45],[-50,-64],[-72,-84],[-29,-60],[-3,-39],[24,-98],[0,-44],[11,-50],[39,-113],[6,-43],[-10,-22],[-60,-61],[-47,-70],[-32,-81],[17,-3],[17,46],[49,94],[81,75],[-4,57],[-36,118],[-37,210],[14,60],[19,27],[69,63],[36,56],[24,18],[90,32],[60,39],[78,77],[44,16],[104,16],[80,0],[74,-13],[43,-29],[41,-37],[66,-9],[49,21],[51,35],[24,0],[80,-43],[262,60],[60,8],[107,22],[63,32],[135,62],[84,28],[72,52],[57,114],[27,95],[41,41],[15,56],[25,33],[25,-26],[24,-60],[39,-77],[19,-18],[55,-18],[97,13],[127,12],[76,20],[96,-5],[45,-8],[70,-34],[33,-23],[114,-49],[44,-8],[74,13],[46,48],[43,26],[135,-7],[83,0],[47,-11],[113,1],[55,-20],[52,-122],[31,-111],[-2,-45],[-40,-54],[-11,-57],[33,-45],[45,-33],[66,-34],[44,-45],[47,-84],[8,-62],[12,-41],[19,-21],[62,-33],[53,-47],[63,-65],[23,-49],[-25,-82],[0,-31],[14,-56],[14,-25],[62,-46],[60,-53],[18,-34],[-6,-43],[-52,-107],[1,-45],[20,-72],[22,-49],[13,-53],[14,-96],[13,-16],[76,-20],[59,-35],[18,-23],[-14,-53],[-26,-53],[-5,-35],[8,-27],[13,-95],[2,-69],[-5,-91],[9,-53],[0,-84],[-57,-145],[-41,-90],[-30,-54],[-22,-26],[-34,-76],[-11,-60],[-11,-19],[-47,-10],[-46,-26],[-24,-29],[-2,-68],[24,-55],[25,-36],[40,-110],[39,-65],[38,-17],[44,1],[22,10],[38,-26],[5,-66],[46,-32],[75,-33],[105,15],[37,-6],[70,-50],[25,-31],[14,-66],[0,-48],[-30,-108],[3,-23],[29,-71],[35,-35],[58,-27],[51,-10],[74,10],[129,-35],[20,-34],[-4,-86],[15,-65],[7,-69],[-36,-63],[-26,-103],[-60,-71],[-6,-28],[23,-49],[86,-79],[135,-37],[54,-31],[77,-32],[113,-14],[64,37],[97,17],[27,-11],[11,-75],[-4,-50],[42,-68],[-1,-46],[-24,-42],[-27,-80],[-4,-27],[8,-78],[19,-77],[12,-14],[21,-59],[25,-33],[50,-29],[0,-47],[-16,-53],[-23,-22],[-25,-53],[29,-49],[4,-52],[73,-76],[99,-73],[76,-46],[6,-10],[-45,-124],[-24,-29],[-20,-81],[-17,-41],[-37,-64],[-4,-39],[-23,-68],[-7,-50],[12,-26],[33,-29],[54,-18],[-2,-70],[9,-22],[71,-67],[13,-70],[-21,-24],[-24,-57],[-18,-8],[-81,20],[-35,-44],[4,-48],[16,-25],[36,3],[45,-52],[10,-36],[24,-5],[13,-47],[42,-29],[52,-98],[61,-81],[30,-5],[49,24],[70,6],[6,-32],[82,-69],[12,-20],[42,-30],[-7,-40],[9,-34],[-18,-38],[-23,-14],[-14,-52],[-41,-29],[-34,-44],[-20,-86],[33,-35],[-8,-35],[-25,-43],[-41,-107],[-9,-43],[-25,-48],[-44,-34],[-36,-3],[-101,-40],[-73,-5],[-31,5],[-63,-48],[-7,-21],[10,-33],[-11,-27],[0,-43],[-23,-63],[-24,-6],[-14,-33],[-44,0],[-21,18],[-20,-94],[31,-29],[19,-40],[-55,-71],[-14,-41],[-35,-43],[-21,-12],[8,-29],[-27,-47],[25,-12],[50,2],[43,-7],[2,-34],[-13,-28],[16,-27],[-24,-21],[3,-30],[55,-18],[-25,-37],[-10,-48],[-52,-10],[-14,-34],[-59,19],[-40,-28],[-8,24],[-36,27],[-82,2],[-36,-26],[-19,10],[-77,-34],[-47,-7],[-22,-26],[-38,-26],[-37,-14],[2,-36],[38,-86],[72,-45],[25,-44],[0,-24],[29,-26],[-8,-40],[40,-23],[34,-34],[103,-27],[74,-53],[-9,-26],[40,-4],[50,-49],[44,-21],[17,-60],[22,8],[78,-13],[45,-24],[14,-20],[46,-12],[30,-24],[32,-10],[73,-45],[67,-17],[15,-14],[83,-43],[97,-37],[25,-15],[67,-7],[52,-25],[65,7],[27,-48],[0,-25],[62,-56],[-13,-30],[66,-27],[-1,-40],[47,-56],[15,-29],[52,-53],[3,-36],[24,-22],[-8,-21],[10,-30],[26,-34],[5,-105],[-14,-34],[45,-29],[37,-58],[34,1],[10,32],[34,7],[57,-55],[34,-17],[-3,-42],[-19,-39],[-59,-10],[-9,-24],[-57,-19],[19,-25],[-3,-44],[-28,-57],[-29,-34],[-44,-16],[-42,18],[-35,49],[-34,20],[-43,8],[-25,-7],[-45,22],[-70,-11],[-37,-23],[-18,-31],[18,-65],[2,-43],[-18,-65],[21,-53],[50,-76],[69,-6],[10,-54],[76,-36],[-6,-29],[15,-28],[44,-14],[20,-30],[36,-105],[-12,-31],[-35,-22],[-73,-60],[-6,-100],[-25,-27],[-8,-34],[11,-13],[9,-59],[-27,-8],[-58,-69],[-6,-48],[-33,-26],[-57,0],[-47,-22],[-45,11],[-53,39],[-37,-27],[6,-62],[-14,-66],[6,-93],[23,-87],[89,22],[71,-4],[54,51],[14,29],[41,-25],[10,-30],[30,-15],[-6,-36],[-25,-26],[7,-38],[25,-38],[12,-58],[16,-15],[53,-15],[18,-15],[69,-85],[9,-21],[-3,-76],[-18,-72],[6,-30],[-26,-37],[-58,-19],[-5,-25],[-76,-45],[-22,-28],[-109,46],[-89,-6],[-16,-73],[29,-3],[10,-41],[0,-76],[-23,-54],[-25,-11],[-15,-54],[9,-21],[-24,-37],[22,-46],[-13,-15],[-54,-4],[-46,-20],[-26,-44],[5,-99],[-71,-28],[-41,0],[-31,-10],[-55,19],[-57,-6],[-27,20],[-38,-5],[-18,-28],[-8,-67],[31,-31],[40,-5],[26,-52],[-20,-36],[-6,-33],[-31,-73],[-20,-30],[-4,-30],[18,-48],[-14,-47],[7,-35],[-8,-34],[2,-53],[-37,-34],[0,-60],[32,-35],[22,-39],[5,-104],[8,-34],[-13,-74],[-17,-22],[-2,-48],[47,-78],[13,-35],[-10,-33],[-105,-49],[-64,-61],[-17,-27],[1,-54],[9,-50],[44,-34],[3,-26],[-15,-41],[-22,-19],[-34,-9],[-16,-50],[21,-54],[29,-39],[-29,-73],[-23,-23],[-18,-39],[20,-45],[-3,-33],[-23,-4],[-3,-54],[-21,-78],[-9,-10],[-64,-11],[-40,-33],[-36,-54],[-11,-31],[-35,-17],[-66,18],[-48,4],[-38,19],[-17,30],[-64,2],[-40,14],[-76,4],[-15,-20],[25,-32],[43,-36],[30,-36],[41,-64],[29,-75],[0,-52],[-30,-48],[-19,-93],[-13,-18],[-3,-41],[63,-31],[29,-48],[-17,-46],[9,-38],[26,-26],[57,-21],[57,-4],[10,-46],[31,-60],[19,-11],[119,12],[34,-23],[27,-6],[13,-45],[-30,-105],[0,-42],[-20,-35],[-57,-21],[-69,-53],[-61,-15],[-62,-6],[-21,8],[-19,37],[13,36],[-11,16],[-39,11],[-74,-19],[-35,-27],[-23,-67],[4,-52],[-10,-37],[-43,-35],[-28,-5],[-31,-28],[-2,-57],[14,-48],[19,-26],[44,-12],[36,23],[10,-31],[-39,-50],[-41,-14],[-62,32],[-40,4],[-36,-9],[-22,11],[-37,-36],[-3,-57],[-38,-43],[-69,-57],[-15,0],[-29,-31],[-28,-81],[-33,-30],[-11,-48],[24,-75],[18,-24],[76,12],[56,-19],[-1,-43],[-62,-114],[-16,-13],[-94,-35],[2,-40],[29,-22],[19,3],[76,-24],[33,10],[39,30],[28,8],[93,2],[48,-14],[3,23],[29,12],[61,8],[82,98],[8,47],[20,52],[42,-14],[11,10],[-12,48],[-32,30],[-31,9],[6,28],[27,-4],[53,-48],[49,-19],[51,-11],[44,-37],[-7,-55],[-7,-117],[29,-56],[-139,-103],[-52,-31],[-73,-90],[-42,-81],[-79,-66],[-32,-2],[-18,-25],[29,-88],[12,-22],[63,-65],[13,-69],[36,-43],[-32,-47],[-103,-8],[-16,33],[-22,2],[-25,-25],[3,-44],[19,-42],[-9,-16],[-16,-79],[-61,-43],[-50,-2],[-36,-18],[-40,-5],[-98,-53],[-26,-49],[-27,-73],[-43,-21],[-49,18],[-5,30],[25,48],[-4,30],[-46,33],[-28,-23],[-22,-57],[9,-65],[-11,-39],[1,-55],[19,-31],[-10,-25],[-71,-8],[-30,-21],[-17,-28],[-72,-72],[-27,-46],[-6,-39],[-45,0],[-7,60],[9,66],[-41,129],[-3,124],[25,48],[28,110],[-32,14],[-106,-58],[-41,0],[-151,-60],[-3,-49],[18,-35],[-3,-22],[-36,-26],[-41,-16],[-41,-48],[-53,-25],[-42,-29],[-39,-47],[-3,-45],[33,-28],[38,-2],[0,-23],[-42,-49],[-44,-23],[-8,-25],[-96,-44],[-1,-35],[12,-43],[44,-24],[31,-50],[26,2],[25,29],[10,-47],[-72,-33],[-38,2],[-35,-24],[-9,-35],[-20,-8],[-2,-42],[33,-36],[-37,-71],[-3,-45],[-38,-36],[-56,0],[-37,-31],[-50,-56],[-20,-39],[-38,9],[-89,-2],[-46,-58],[-88,-49],[0,-37],[-30,-42],[-14,-79],[-12,-25],[-22,-86],[-11,-62],[-82,-1],[-50,17],[-48,-5],[-27,7],[-11,-32],[18,-41],[38,-30],[23,-35],[-18,-53],[-32,-36],[-27,-4],[-101,4],[2,-47],[72,-90],[58,-14],[74,14],[28,-27],[-11,-42],[-25,-44],[-60,-5],[-46,24],[-37,43],[-23,-13],[-36,-73],[42,-34],[-31,-16],[-45,1],[-53,38],[-30,37],[-64,-83],[-29,-77],[-2,-44],[-63,-50],[-22,-53],[48,-79],[-12,-29],[21,-82],[53,-55],[1,-25],[-42,-10],[-38,-44],[-8,-71],[-31,-26],[33,-38],[82,-62],[61,-20],[7,-65],[-7,-32],[-26,-16],[19,-69],[-54,-32],[-26,25],[-5,43],[-41,14],[-30,-21],[-13,-41],[45,-24],[-14,-38],[25,-34],[-1,-37],[11,-22],[40,-37],[55,-89],[5,-44],[38,-46],[-84,16],[-64,-20],[-21,-23],[-24,46],[-32,10],[-48,-57],[-30,-59],[-34,-28],[-10,-25],[-82,-55],[-53,-20],[1,-29],[-92,3],[-12,-54],[-19,-26],[-13,-81],[-20,-30],[-86,-27],[-20,-40],[29,-42],[9,-71],[-9,-34],[-47,-57],[-20,35],[-69,-3],[-17,-39],[41,-5],[43,-46],[-7,-55],[-56,1],[-31,-20],[-16,-118],[25,3],[41,-37],[19,-29],[-10,-48],[7,-117],[9,-57],[-55,-3],[20,-22],[56,-38],[11,-36],[-25,-30],[-47,-20],[-39,-28],[19,-23],[38,-10],[-21,-23],[-32,-6],[-39,-25],[-28,-88],[30,-25],[17,-51],[-60,3],[-11,-20],[82,-58],[29,-63],[-31,-9],[-13,34],[-95,-16],[-31,-39],[3,-28],[68,22],[13,-18],[-44,-48],[-23,-53],[-20,-24],[-47,-21],[-4,-29],[35,-20],[-8,-23],[-45,10],[-23,21],[-29,1],[-27,22],[-44,-41],[-57,-27],[-19,0],[-48,25],[-25,-30],[-49,-12],[3,-37],[37,-17],[-83,-87],[-9,-40],[-45,14],[-16,-21],[10,-46],[-28,12],[-32,-19],[-23,-29],[-13,31],[-33,3],[-15,28],[-22,-21],[30,-23],[-17,-28],[-26,13],[-5,50],[-23,-2],[-27,-26],[18,-19],[-46,-12],[-16,51],[-42,-26],[13,-49],[-10,-12],[-35,15],[-27,-3],[-13,-21],[-26,16],[-30,-22],[51,-110],[-11,-21],[82,-23],[11,-97],[42,-67],[-37,-19],[-2,-22],[-50,-21],[-15,6],[-59,-43],[-10,-44],[-29,9],[-17,-15],[-93,6],[-32,-7],[-76,-30],[-4,46],[-62,-45],[-60,40],[-48,5],[-36,13],[-34,-9],[7,-29],[-19,-40],[-33,-24],[14,-39],[-46,-19],[7,-29],[-38,-20],[3,-19],[-54,-32],[-20,1],[-8,-30],[-28,-53],[32,-48],[5,-34],[41,9],[0,-29],[17,-40],[-17,-89],[-37,-3],[19,-29],[3,-30]],[[94853,105348],[-12,-49],[20,-12],[16,-60],[18,-38],[27,-28],[-2,-19],[26,-42],[47,-53],[102,-95],[16,-2],[64,-70],[40,-31],[-8,-47],[11,-30],[-14,-36],[5,-23],[39,-88],[31,-36],[23,-40],[76,-209],[49,-81],[7,-30],[32,-47],[11,-35],[32,-62],[28,-31],[14,-34],[67,-92],[28,-50],[31,-38],[26,-46],[48,-56],[35,-58],[88,-123],[3,-33],[-26,-16],[-46,13],[-29,-10],[-34,14],[-13,26],[-26,1],[-27,-21],[-25,-37],[-28,-80],[2,-35],[-40,-26],[-47,25],[-42,-20],[-19,-59],[3,-147],[21,-117],[-62,-21],[-20,33],[7,16],[-22,34],[-49,19],[-17,23],[-26,5],[-32,-15],[-44,-34],[-26,-7],[-21,-34],[-47,11],[-47,-18],[-38,-39],[-97,-3],[-37,-25],[-30,-33],[-35,-19],[-30,-50],[-27,-103],[2,-32],[-23,-124],[-2,-56],[16,-86],[-28,-54],[-20,-19],[-46,-18],[-43,13],[-46,33],[-78,-10],[-29,16],[-108,20],[-87,53],[26,3],[-5,46],[-15,38],[-33,6],[2,30],[20,34],[34,13],[74,-67],[53,-3],[40,-26],[42,14],[53,-37],[49,0],[22,-27],[30,10],[12,-23],[39,-1],[2,31],[-23,3],[-34,39],[7,32],[-11,27],[-74,38],[-36,29],[-105,-26],[-20,33],[-71,5],[60,47],[-41,29],[-43,-4],[-48,6],[-9,20],[-41,-2],[-47,18],[-18,-6],[-52,24],[-22,-43],[23,-20],[-46,-29],[14,-21],[36,-9],[27,10],[26,-30],[-4,-17],[43,-45],[-75,-54],[37,-7],[26,-27],[-45,-4],[-67,-26],[-15,-15],[-55,-7],[-16,11],[-75,12],[-26,-16],[-54,9],[-63,-37],[-43,-9],[-19,-35],[-74,-95],[-55,-39],[-36,-1],[-17,-23],[-55,-26],[-32,12],[-64,-2],[-19,13],[-87,-24],[-18,-24],[-35,-19],[-38,49],[-52,1],[-20,-24],[38,-26],[-56,-43],[-105,-31],[-4,50],[30,1],[48,34],[16,35],[-13,79],[-31,44],[-4,23],[-29,16],[-19,28],[-38,18],[-33,29],[-45,22],[-55,-30],[-42,13],[-31,-8],[-53,26],[-52,0],[-17,20],[-48,-29],[-40,57],[-46,95],[-13,47],[-4,49],[30,-3],[25,26],[-30,19],[-63,-14],[-8,33],[-35,32],[-49,63],[-34,21],[-20,38],[-50,43],[-3,38],[-29,-24],[-28,35],[-27,9],[-9,31],[-86,35],[-14,-9],[-50,22],[-13,30],[-22,-5],[-31,16],[8,77],[41,72],[36,15],[93,-55],[25,10],[53,2],[-5,41],[116,-17],[0,56],[20,15],[38,-7],[0,-45],[-48,-28],[-18,-38],[-79,-22],[20,-26],[35,13],[88,6],[55,30],[90,-12],[29,-10],[73,9],[23,10],[42,-15],[23,13],[41,-17],[88,-20],[-18,36],[46,4],[76,-11],[13,11],[48,-5],[202,38],[23,-36],[39,-18],[30,41],[-25,11],[-60,0],[98,54],[34,55],[-34,6],[-54,-30],[-103,-32],[-113,-11],[-114,-6],[-18,-19],[1,-27],[-61,5],[-93,20],[-48,-23],[-62,21],[-83,63],[-4,13],[-44,8],[-174,55],[-64,27],[-32,20],[-59,24],[-80,42],[-87,53],[-93,62],[-31,28],[-71,43],[-39,38],[-43,13],[3,-26],[46,-29],[82,-134],[9,-47],[24,-52],[-14,-46],[17,-19],[-8,-29],[40,-72],[11,-41],[18,-22],[-58,-51],[-27,-55],[-27,-16],[-11,-27],[11,-37],[-30,-46],[-22,-48],[-47,-27],[-66,-66],[-25,-10],[-57,3],[-44,-47],[-15,-4],[-37,27],[-102,37],[-40,-1],[-45,13],[-61,-8],[-26,-18],[-42,0],[-30,14],[-33,1],[-55,25],[-78,7],[-77,-10],[-64,26],[-90,3],[-63,-11],[-68,32],[-110,75],[-79,19],[-81,-3],[-42,6],[-54,-25],[-54,27],[-62,6],[-65,31],[-65,10],[-35,-16],[-21,22],[-85,24],[-33,-4],[-55,27],[-63,2],[-77,49],[-32,4],[-48,-19],[-5,26],[21,47],[-8,27],[55,64],[58,31],[41,50],[22,7],[61,51],[17,31],[2,43],[52,92],[16,73],[-8,29],[-34,22],[-24,-15],[-9,32],[14,41],[-22,27],[3,33],[157,72],[49,10],[16,23],[97,-37],[33,-3],[47,13],[20,28],[61,38],[25,-3],[75,22],[42,-10],[51,2],[19,13],[1,33],[24,21],[66,-9],[58,21],[9,15],[-11,41],[43,-2],[31,-27],[56,-26],[61,-19],[107,-6],[53,41],[126,-2],[32,10],[31,52],[77,25],[105,18],[95,79],[27,11],[42,-13],[40,11],[17,-11],[83,-14],[16,-59],[1,-40],[-13,-8],[3,-41],[-10,-27],[-92,-125],[11,-28],[74,-94],[73,-80],[75,-66],[106,-86],[49,-29],[106,-82],[89,-52],[85,-37],[41,-28],[53,-13],[52,-25],[92,-25],[72,-13],[50,-17],[84,-10],[144,-25],[106,-2],[97,9],[135,20],[112,51],[51,30],[40,34],[42,59],[-5,69],[-19,22],[8,76],[43,78],[42,45],[6,50],[-12,51],[2,111],[-4,44],[25,46],[-7,36],[13,29],[170,15],[94,31],[79,43],[39,29],[2,45],[-12,21],[-49,5],[20,32],[0,52],[-45,6],[-8,79],[25,16],[9,26],[34,26],[46,-1],[41,18],[84,-1],[36,14],[20,-10],[50,3],[18,39],[51,19],[40,-5],[41,18],[-11,38],[5,33],[49,-20],[50,22],[26,27],[2,36],[26,21],[37,10],[7,42],[26,3],[31,29],[0,35],[24,37],[-11,26],[16,17],[31,-2],[16,15],[65,10],[18,18],[2,27],[20,47],[8,73],[32,23],[57,23]],[[93707,101719],[25,-1],[66,-46],[41,-3],[55,18],[33,-6],[66,-36],[33,-29],[53,-12],[102,-32],[131,-20],[101,-23],[44,14],[55,-29],[33,-4],[27,-16],[61,-66],[15,-57],[21,-9],[17,-43],[27,-20],[36,-81],[41,-50],[4,-39],[-19,-91],[-18,-36],[-7,-50],[-75,-18],[-39,-1],[-69,-27],[-75,-3],[-18,12],[-93,35],[-31,54],[-36,8],[-57,27],[-40,1],[-40,33],[-42,13],[64,20],[30,-29],[24,5],[-1,32],[-34,63],[-54,38],[-39,-24],[-28,37],[-27,13],[-59,4],[-49,14],[-64,-11],[-26,16],[-60,10],[-61,24],[-47,34],[-30,0],[-18,18],[63,77],[5,18],[39,14],[12,18],[11,91],[-22,76],[-25,46],[-32,29]],[[94278,102537],[-37,-19],[-33,32],[40,16],[30,-29]],[[92172,103561],[88,-38],[30,-23],[64,-30],[18,-20],[-85,2],[25,-33],[-45,-33],[-20,13],[-28,-19],[-37,24],[-6,19],[-36,35],[3,59],[11,24],[-30,20],[-50,-80],[-6,36],[19,47],[36,27],[49,-30]],[[92121,101903],[11,1],[50,-102],[25,-6],[46,-28],[-27,-74],[-48,-23],[-37,-73],[-49,-15],[-61,6],[-40,-10],[-16,-15],[-101,-7],[-28,-21],[-24,-2],[-26,17],[-44,1],[-23,-20],[-31,-8],[-78,11],[-25,-7],[-62,7],[-37,42],[-13,48],[-55,73],[-6,26],[55,51],[44,21],[41,44],[96,-23],[38,34],[34,11],[102,-9],[38,-16],[72,-14],[25,-22],[43,-21],[29,20],[28,40],[11,57],[23,54],[20,-48]],[[92122,103377],[27,2],[-2,-39],[-20,-10],[-38,45],[-46,30],[33,18],[27,-15],[19,-31]],[[91878,103743],[19,-3],[50,-40],[-14,-43],[53,-8],[16,13],[110,-67],[-85,-38],[-2,25],[-59,54],[-28,-14],[20,-52],[18,-11],[41,7],[29,-31],[-13,-34],[22,-34],[-14,-39],[-27,-10],[4,-48],[-40,10],[5,41],[-49,14],[2,19],[-20,61],[36,20],[-15,51],[-42,48],[1,99],[-18,10]],[[127101,79770],[46,16],[51,0],[-7,-75],[-40,1],[11,35],[-38,-11],[-23,34]],[[127493,81914],[46,42],[39,22],[29,0],[-9,-32],[-37,-45],[-52,1],[-16,12]],[[125576,82269],[67,38],[13,-15],[-80,-23]],[[125726,82783],[35,-10],[-29,-25],[-46,-1],[-5,14],[45,22]],[[125672,82776],[14,39],[73,16],[-32,-43],[-45,-21],[-10,9]],[[125377,82771],[6,21],[37,60],[4,-42],[-47,-39]],[[126637,82922],[23,27],[24,0],[62,17],[44,-8],[-8,-26],[-36,-39],[-32,-11],[-61,4],[-16,36]],[[125759,82816],[33,19],[37,52],[12,34],[7,66],[30,-14],[17,-31],[48,-13],[12,-18],[34,-11],[1,-62],[-85,-44],[-46,1],[-21,-11],[-52,-4],[-27,36]],[[126782,82914],[45,43],[51,3],[1,32],[18,11],[98,6],[26,-66],[-61,-64],[-79,-63],[-56,0],[-34,47],[-9,51]],[[126394,83661],[4,24],[25,28],[87,73],[43,-24],[39,-86],[-11,-54],[-37,-9],[-44,-30],[-53,42],[-46,23],[-7,13]],[[126614,83867],[-51,-29],[-93,-10],[-20,6],[-13,35],[8,34],[66,84],[36,77],[42,43],[14,65],[36,49],[21,60],[35,45],[42,37],[49,19],[64,-36],[24,-34],[11,-33],[-3,-109],[-35,-60],[-11,-34],[-52,-36],[-19,-26],[-40,-29],[-24,-39],[-12,-52],[-75,-27]],[[126077,84487],[34,93],[45,65],[40,12],[18,-11],[16,-53],[-3,-55],[-32,-127],[-51,-22],[-25,11],[-39,50],[-3,37]],[[126645,84529],[-11,-43],[5,-29],[-23,-39],[-26,-3],[-26,-29],[-61,-52],[-36,-6],[-111,-45],[-26,11],[-42,-2],[-19,16],[-58,74],[-4,16],[28,98],[12,85],[-4,33],[-31,82],[2,32],[38,60],[19,9],[39,56],[19,13],[51,123],[22,10],[-9,31],[9,22],[46,43],[30,19],[36,40],[70,-5],[79,-42],[45,-77],[53,-80],[42,-38],[40,-59],[11,-54],[-19,-19],[1,-65],[-10,-76],[-13,-46],[-39,-46],[-56,-30],[-73,12]],[[84328,95031],[-16,20],[-54,-10],[-31,26],[3,15],[80,21],[32,-14],[52,0],[38,-37],[48,-26],[55,-19],[1,-22],[-81,-10],[-20,20],[-27,0],[-31,-17],[-10,20],[-39,33]],[[83896,95188],[33,35],[74,6],[36,-13],[39,0],[14,16],[48,0],[79,-23],[28,-31],[-86,-23],[-42,4],[-76,-11],[-32,10],[-25,-23],[-39,32],[-18,28],[-33,-7]],[[88875,96165],[43,25],[21,-40],[-64,15]],[[86148,96183],[24,36],[26,12],[39,-33],[-24,-21],[-65,6]],[[88794,96208],[-39,3],[7,25],[32,-28]],[[88131,96152],[-10,34],[33,2],[8,29],[-40,31],[38,32],[43,5],[15,-58],[27,-15],[3,-22],[-19,-31],[32,-55],[-63,-2],[-65,24],[-2,26]],[[87242,96100],[-8,34],[50,1],[40,49],[-26,21],[-20,32],[28,4],[41,27],[39,14],[44,-3],[19,15],[67,1],[-13,-48],[-49,-26],[-27,7],[-59,-28],[-27,-22],[-24,-64],[-38,-18],[-37,4]],[[87098,96426],[37,15],[17,-18],[-8,-35],[-32,1],[-14,37]],[[87641,96417],[-58,24],[-1,32],[70,8],[66,-16],[51,1],[15,-32],[-48,2],[-34,-16],[-61,-3]],[[86834,96534],[16,34],[32,13],[44,-45],[-39,-31],[-12,-38],[-29,33],[-12,34]],[[87287,96407],[-3,29],[-49,-36],[-17,17],[-29,-25],[-24,9],[-25,47],[-59,15],[-44,2],[29,-40],[-33,-11],[-11,-27],[-58,18],[-13,-10],[-33,30],[35,15],[52,8],[15,18],[-13,29],[-25,22],[-7,26],[27,29],[56,-9],[31,8],[59,-6],[42,-24],[16,8],[73,9],[25,30],[24,-58],[32,-17],[58,-18],[-41,-45],[-3,-16],[65,-18],[27,9],[24,-21],[28,2],[31,-20],[13,-23],[-44,-34],[-32,21],[-28,-5],[-19,19],[-28,-30],[-37,-8],[-16,11],[2,44],[-59,11],[-14,15]],[[87996,96584],[18,43],[21,-3],[-1,-31],[-38,-9]],[[86107,96413],[-27,-16],[-49,26],[25,26],[31,-27],[15,28],[-23,20],[19,31],[34,3],[37,50],[-7,18],[27,20],[34,41],[21,38],[89,-15],[52,-40],[-29,-132],[-28,-51],[-20,-55],[-18,-78],[-58,-21],[-7,32],[-24,29],[-27,15],[-67,58]],[[89634,97155],[-7,16],[8,47],[-10,12],[1,52],[26,-18],[40,-2],[25,-28],[-32,-15],[-9,-79],[45,-5],[-52,-50],[-62,-6],[-84,-41],[14,36],[33,20],[14,41],[44,-3],[6,23]],[[89086,97149],[-21,5],[-15,26],[-38,-7],[-28,9],[56,52],[22,37],[3,33],[65,-63],[34,-19],[2,-24],[29,-7],[38,42],[11,-25],[-13,-33],[36,-11],[0,-24],[-28,-7],[8,-50],[29,9],[49,-11],[30,2],[42,-11],[0,-16],[-71,-16],[-75,14],[-41,40],[-18,36],[-57,-1],[-49,20]],[[89331,97272],[44,-5],[7,92],[49,7],[33,-6],[70,-34],[-5,-36],[-39,-24],[59,-55],[-13,-22],[-36,-21],[-51,-12],[-68,-8],[2,-23],[-32,-9],[-29,32],[-2,39],[-30,16],[11,64],[30,5]],[[95159,100418],[-32,25],[36,18],[36,-9],[25,-28],[-65,-6]],[[98010,106530],[-38,-23],[-56,42],[-47,52],[5,37],[57,37],[79,-75],[0,-70]],[[88090,111783],[-102,-124],[-63,-37],[-69,-10],[-64,11],[-161,69],[-201,-8],[-88,37],[-106,86],[-43,187],[16,32],[126,90],[113,201],[46,149],[47,26],[68,-9],[88,-37],[87,-77],[82,-39],[181,-220],[40,-94],[22,-111],[-19,-122]],[[114971,99861],[-38,-3],[-49,25],[-28,47],[41,24],[87,14],[25,9],[45,-11],[12,-30],[-8,-39],[-87,-36]],[[94283,106163],[13,33],[33,8],[30,-37],[-64,-25],[-12,21]],[[71579,111654],[9,27],[51,5],[71,-28],[146,-32],[75,-24],[30,18],[44,49],[68,16],[117,-15],[86,36],[127,39],[125,6],[100,-59],[-1,-154],[-37,-109],[-28,-63],[-138,-117],[-27,-18],[-83,-18],[-110,36],[-110,28],[-110,72],[-165,100],[-222,164],[-18,41]],[[72415,111789],[9,55],[59,77],[67,107],[18,50],[1,110],[20,65],[52,-3],[45,-66],[-11,-61],[-29,-83],[-33,-41],[0,-87],[-21,-58],[-51,-31],[-64,-6],[-62,-28]],[[72391,112154],[38,52],[43,4],[29,-32],[10,-28],[-35,-45],[-23,-8],[-49,6],[-13,51]],[[72148,111764],[0,28],[39,16],[66,4],[35,-20],[-15,-49],[-113,-14],[-12,35]],[[72265,111905],[2,37],[37,14],[46,-55],[-13,-65],[-31,-8],[-22,59],[-19,18]],[[72360,112014],[13,37],[41,-11],[41,-34],[-2,-37],[-37,-24],[-46,27],[-10,42]],[[67306,112791],[42,24],[24,-28],[-29,-37],[-28,4],[-9,37]],[[67672,112531],[4,24],[58,-16],[4,-41],[-41,-8],[-25,41]],[[66557,112602],[8,40],[33,8],[33,-32],[-33,-29],[-41,13]],[[65742,112566],[16,17],[42,-13],[16,-56],[-41,0],[-33,52]],[[65914,112161],[21,16],[24,-4],[37,-49],[-16,-16],[-54,20],[-12,33]],[[65736,111424],[0,36],[33,12],[29,-12],[0,-49],[-29,-16],[-33,29]],[[67491,112726],[25,28],[45,-12],[21,-16],[-12,-33],[-50,0],[-29,33]],[[67126,113083],[12,40],[21,12],[29,-28],[0,-28],[-17,-29],[-33,0],[-12,33]],[[67557,112543],[21,29],[33,-4],[24,-21],[0,-32],[-33,-20],[-33,12],[-12,36]],[[65923,112902],[1,37],[33,32],[41,-12],[0,-32],[-37,-37],[-38,12]],[[65617,111440],[4,41],[45,16],[33,-41],[-12,-32],[-29,-8],[-41,24]],[[65594,112753],[29,36],[25,13],[33,-41],[-5,-16],[-41,-33],[-37,21],[-4,20]],[[65833,112680],[12,28],[29,12],[49,-24],[0,-29],[-78,-20],[-12,33]],[[66648,112877],[21,32],[33,8],[28,-28],[-12,-49],[-45,-4],[-25,41]],[[65762,112396],[25,29],[29,8],[29,-13],[0,-52],[-37,-16],[-33,12],[-13,32]],[[65324,111189],[33,28],[50,4],[12,-48],[-37,-28],[-41,8],[-17,36]],[[67487,112418],[8,32],[41,24],[33,-24],[8,-24],[-24,-45],[-42,17],[-24,20]],[[67446,112641],[33,44],[33,-65],[-4,-48],[-29,-8],[-25,28],[-8,49]],[[65794,111270],[33,28],[49,-41],[0,-36],[-37,-20],[-41,32],[-4,37]],[[65499,112652],[0,36],[29,33],[21,0],[37,-33],[8,-20],[-45,-41],[-50,25]],[[65427,111230],[9,20],[33,8],[41,-8],[16,-37],[-4,-28],[-33,-12],[-49,12],[-13,45]],[[65641,111254],[26,37],[16,3],[8,-45],[16,-36],[8,-53],[-37,-12],[-33,57],[-4,49]],[[64056,112130],[6,170],[34,-23],[9,-59],[-5,-76],[-44,-12]],[[66170,112853],[0,37],[95,-21],[21,-28],[-13,-36],[-49,-4],[-33,16],[-21,36]],[[66973,112949],[13,9],[32,-37],[54,-20],[25,-21],[-9,-32],[-53,-12],[-58,73],[-4,40]],[[66458,112334],[25,65],[28,-4],[37,-41],[0,-40],[-29,-20],[-41,-4],[-20,44]],[[66735,112954],[37,8],[8,-57],[-41,4],[-4,45]],[[65213,111343],[1,61],[65,41],[25,-53],[-8,-41],[-50,-36],[-33,28]],[[67622,112361],[25,61],[25,12],[49,-17],[21,-40],[-21,-33],[-49,-12],[-50,29]],[[64510,112350],[9,38],[24,23],[50,-12],[37,-27],[-20,-36],[-24,-20],[-39,-11],[-27,12],[-10,33]],[[67589,111988],[8,41],[70,60],[25,53],[17,4],[24,-33],[-4,-24],[-74,-40],[0,-93],[-33,4],[-33,28]],[[66494,112103],[29,94],[33,16],[33,-33],[12,-36],[-24,-49],[-42,-32],[-28,16],[-13,24]],[[66729,112314],[17,28],[45,-16],[45,-41],[9,-24],[-5,-53],[-53,4],[-54,49],[-4,53]],[[67252,112001],[12,28],[74,12],[16,-32],[-8,-53],[-16,-36],[-37,-20],[-33,24],[-8,77]],[[67609,111587],[0,85],[41,57],[37,36],[29,-57],[-33,-101],[-37,-36],[-37,16]],[[67175,112868],[20,41],[50,48],[86,-4],[37,-65],[-20,-36],[-116,8],[-57,8]],[[67403,111729],[54,32],[41,8],[53,-73],[0,-48],[-25,-33],[-49,0],[-41,49],[-33,65]],[[64598,112080],[4,32],[18,18],[60,0],[48,-25],[70,-77],[-7,-38],[-37,-12],[-38,20],[-32,29],[-86,53]],[[67441,112110],[21,61],[45,16],[37,-8],[37,-45],[8,-69],[-25,-32],[-41,-16],[-57,20],[-25,73]],[[65675,112088],[5,37],[24,36],[62,4],[62,-4],[78,-53],[-33,-36],[-58,0],[-86,-24],[-33,8],[-21,32]],[[66123,111277],[29,41],[53,28],[41,-12],[161,-4],[20,-17],[-8,-28],[-161,-36],[-86,-8],[-45,4],[-4,32]],[[64402,111940],[18,28],[30,6],[100,-101],[52,8],[38,-27],[25,-33],[-11,-32],[-40,-28],[-51,20],[-68,51],[-75,81],[-18,27]],[[66103,112153],[38,56],[74,16],[66,4],[70,16],[41,-4],[41,-44],[-33,-37],[-91,4],[-66,-20],[-78,-16],[-62,25]],[[65878,112477],[20,28],[91,8],[99,-4],[61,-8],[13,-24],[-9,-33],[-189,-48],[-62,32],[-24,49]],[[66805,113177],[74,-49],[66,-8],[24,-13],[83,-12],[12,-57],[-45,-48],[-83,16],[-82,53],[-45,53],[-4,65]],[[65785,111051],[156,77],[87,28],[45,36],[29,-4],[4,-24],[-29,-65],[-148,-73],[-82,-12],[-58,4],[-4,33]],[[65308,111068],[37,20],[70,-29],[74,-4],[78,8],[33,-8],[65,-65],[-152,-16],[-127,13],[-66,40],[-12,41]],[[66306,112614],[8,25],[78,-21],[91,-69],[74,-77],[-17,-28],[-70,-12],[-74,32],[-74,73],[-16,77]],[[65124,112566],[0,18],[101,9],[55,-9],[73,0],[92,-54],[28,-77],[-28,-23],[-74,27],[-73,9],[-73,28],[-37,27],[-37,0],[-27,45]],[[67720,111412],[4,154],[25,219],[-16,138],[37,20],[29,-36],[20,-49],[12,-97],[-20,-106],[-9,-93],[-16,-77],[-29,-40],[-37,-33]],[[67162,112503],[70,37],[66,-37],[78,-61],[74,-52],[61,-65],[54,-73],[37,-69],[-222,146],[-66,57],[-87,0],[-49,45],[-16,72]],[[67315,113083],[8,24],[66,8],[198,-98],[28,-101],[123,-199],[-12,-28],[-37,-33],[-33,17],[-29,61],[-98,150],[-37,77],[-37,40],[-74,37],[-66,45]],[[67828,112466],[42,28],[156,-268],[20,-198],[-5,-138],[-16,-126],[-83,-238],[-66,-118],[-33,24],[4,61],[79,154],[29,211],[-16,174],[-45,247],[-57,126],[-9,61]],[[66619,111189],[7,31],[232,-14],[128,-18],[74,0],[55,18],[92,45],[18,27],[56,45],[64,82],[18,45],[51,9],[50,-9],[28,-28],[-9,-54],[-46,-27],[0,-36],[-28,-63],[15,-50],[103,-9],[37,63],[58,23],[2,147],[19,20],[46,-32],[69,-59],[27,-63],[0,-41],[-103,-43],[-56,-38],[-39,-34],[-57,-5],[-102,30],[-82,0],[-139,-18],[-92,-9],[-92,-18],[-92,-8],[-239,45],[0,18],[-73,28]],[[66438,112914],[66,28],[33,-24],[16,-33],[-4,-32],[-53,-12],[-50,40],[-8,33]],[[24533,118450],[19,31],[48,-1],[89,-48],[50,-11],[0,-62],[-57,-45],[-34,5],[0,56],[-8,12],[-59,-4],[-28,-16],[-20,28],[0,55]],[[24709,117241],[16,24],[2,48],[16,48],[39,19],[43,-44],[-3,-44],[-27,-25],[-24,-5],[-2,-41],[31,-4],[22,-19],[-1,-21],[-24,-18],[-26,0],[-24,21],[-4,45],[-34,16]],[[25128,117481],[17,15],[5,51],[40,2],[19,-33],[38,-37],[-23,-43],[-70,-2],[-26,47]],[[116159,100396],[18,-8],[32,-38],[64,-35],[9,-44],[-39,-8],[-52,17],[-9,26],[-31,15],[-12,-25],[-33,8],[-28,-22],[5,-22],[-17,-33],[84,-23],[46,-43],[-26,-10],[-63,17],[-55,8],[-27,-31],[-52,10],[43,30],[25,44],[3,40],[-23,51],[17,89],[44,22],[62,-9],[15,-26]],[[116484,100417],[15,-8],[-3,-81],[-33,4],[-34,-52],[16,153],[39,-16]],[[116395,100472],[31,-11],[-20,-33],[-25,32],[-50,5],[-13,23],[40,9],[37,-25]],[[116733,100454],[32,12],[29,-4],[58,17],[20,-45],[4,-31],[-53,-1],[7,-43],[17,-19],[5,-31],[-29,-36],[-26,18],[-20,-7],[-31,21],[-14,-11],[8,-32],[34,-31],[-75,5],[-11,29],[-35,-6],[-22,31],[16,20],[3,52],[13,41],[34,42],[36,9]],[[51202,101840],[25,20],[31,-13],[20,22],[39,-20],[-28,-26],[-26,7],[-75,-46],[-46,-40],[-1,-21],[-51,0],[-22,-17],[-50,-1],[68,42],[-17,31],[34,0],[36,15],[63,47]],[[51356,100765],[-29,-10],[-33,16],[-13,32],[7,86],[42,4],[29,-13],[19,-48],[-22,-67]],[[51443,100937],[-46,-3],[-32,13],[-3,42],[22,80],[39,-10],[36,-48],[3,-67],[-19,-7]],[[51811,101331],[-36,-19],[-39,16],[0,45],[33,35],[42,16],[37,-39],[-37,-54]],[[50709,101597],[62,1],[-37,-32],[-33,-6],[-35,-37],[-12,-33],[26,-13],[34,-38],[-24,-35],[-80,26],[-20,40],[-42,10],[5,71],[45,74],[21,-4],[17,-39],[69,54],[24,-21],[-20,-18]],[[51748,102243],[-22,-22],[-26,9],[-30,45],[-6,67],[-16,26],[-4,41],[20,29],[58,-38],[39,-51],[0,-61],[-13,-45]],[[96377,105579],[0,31],[26,10],[50,-3],[-3,-79],[-36,-10],[-31,11],[-6,40]],[[96152,105466],[31,79],[36,15],[135,-173],[10,-35],[-33,-2],[-110,30],[-39,42],[-30,44]],[[95970,105594],[42,25],[40,-13],[42,-38],[-32,-39],[-29,-8],[-61,42],[-2,31]],[[96225,105644],[7,29],[27,27],[53,-15],[33,-40],[-7,-36],[-64,8],[-49,27]],[[96051,106288],[9,43],[54,51],[20,-41],[-5,-44],[-34,-16],[-44,7]],[[95883,105703],[6,22],[38,-8],[33,-42],[-25,-25],[-28,-6],[-23,21],[-1,38]],[[102860,107197],[-58,2],[-44,76],[19,21],[37,4],[28,-23],[16,-30],[2,-50]],[[102605,107133],[-49,-88],[-26,12],[-46,80],[-63,44],[-82,23],[-28,58],[-53,23],[-16,28],[21,36],[111,5],[108,36],[28,-9],[-24,-117],[5,-39],[44,-60],[42,-9],[28,-23]],[[59079,113106],[17,80],[46,27],[129,27],[55,54],[64,54],[21,9],[25,37],[28,8],[9,64],[37,9],[18,-63],[-18,-118],[-46,-54],[-55,-91],[-28,-18],[-55,-18],[-73,0],[-74,-18],[-83,0],[-17,11]],[[59235,113682],[6,30],[22,22],[57,-48],[44,-12],[12,-21],[-10,-25],[-30,-26],[-27,3],[-74,77]],[[59118,113822],[6,41],[28,26],[31,11],[63,-6],[40,-11],[40,-40],[12,-28],[-6,-72],[-72,30],[-109,24],[-33,25]],[[58707,113335],[20,53],[34,6],[47,-16],[32,-37],[-53,-27],[-37,-27],[-43,48]],[[56569,114397],[9,46],[46,9],[110,-18],[188,5],[62,-81],[81,-96],[120,-100],[55,-72],[37,-72],[36,-145],[19,-145],[56,-141],[-75,-148],[-46,-55],[-55,-45],[-55,0],[-55,27],[-96,36],[-51,0],[-55,-18],[-83,37],[-64,72],[-110,90],[0,64],[18,99],[64,27],[28,-45],[0,-72],[46,-73],[46,-63],[55,-27],[55,9],[55,-18],[55,-9],[55,9],[37,18],[55,63],[19,73],[0,72],[-19,72],[-36,46],[-157,90],[83,27],[46,9],[27,18],[0,46],[-55,90],[-76,60],[-89,85],[-55,45],[-56,36],[-36,9],[-74,0],[-27,-9],[-10,-27],[-82,0],[-37,54],[-9,36]],[[80599,103304],[43,3],[29,-12],[19,-29],[122,-96],[27,-6],[34,-30],[61,-21],[59,-34],[75,-24],[59,-34],[42,-16],[105,-5],[37,-18],[58,12],[45,44],[-7,32],[-18,10],[5,40],[41,-8],[33,-33],[-36,-12],[-2,-65],[-9,-59],[10,-34],[47,-66],[64,-53],[32,-8],[14,-38],[30,-15],[25,-31],[-37,-21],[28,-76],[-6,-20],[-40,8],[-10,-18],[13,-36],[33,0],[8,40],[50,2],[-58,-76],[-127,10],[-40,-9],[-41,13],[-77,-30],[-30,-1],[-59,-33],[-21,16],[115,52],[-23,11],[-77,-22],[-33,10],[-99,-78],[-168,-30],[-49,9],[-59,-3],[-45,-34],[-57,0],[-46,-8],[-62,4],[-13,9],[-57,2],[-11,28],[-57,41],[-64,-10],[-37,8],[-23,17],[-87,13],[-41,38],[-57,7],[-25,21],[-41,16],[-68,-4],[-19,55],[-38,11],[-5,19],[-71,5],[-44,-13],[-32,18],[-2,17],[-49,2],[-20,-26],[-46,3],[-60,40],[4,15],[-51,6],[-25,17],[-27,-18],[-39,12],[-35,-1],[-54,-23],[15,82],[18,42],[42,14],[52,32],[1,35],[38,25],[29,31],[62,37],[30,58],[16,17],[73,38],[13,17],[53,25],[40,7],[42,49],[37,32],[43,4],[43,-11],[26,16],[33,-19],[38,9],[49,55],[25,-15],[39,2],[88,-15],[38,3],[65,-17],[49,3],[70,45]],[[81170,102443],[-58,-32],[-103,-10],[-11,-10],[-71,-6],[-40,22],[105,-7],[8,11],[113,14],[14,17],[43,1]],[[79816,103462],[60,-3],[28,-26],[-20,-44],[-19,50],[-92,10],[3,17],[40,-4]],[[79504,103224],[10,-20],[-24,-31],[-63,31],[-8,27],[30,24],[33,-8],[22,-23]],[[79364,103181],[-13,-47],[-13,-13],[-40,-5],[26,58],[26,27],[14,-20]],[[89573,110920],[3,63],[54,21],[83,-6],[31,-22],[21,-30],[-9,-39],[-54,-3],[-53,-12],[-32,-22],[-32,7],[-12,43]],[[89508,110740],[23,46],[25,19],[63,0],[-6,-41],[-45,-65],[-35,-3],[-25,44]],[[89529,110605],[26,25],[46,-19],[-27,-41],[-29,-3],[-16,38]],[[89325,111413],[10,25],[36,27],[50,-31],[-13,-37],[-32,-22],[-42,-6],[-9,44]],[[89285,111650],[7,25],[39,19],[47,-7],[6,-37],[-29,-34],[-48,3],[-22,31]],[[89161,111749],[56,58],[22,-3],[9,-38],[-16,-31],[-44,-3],[-27,17]],[[117269,91918],[22,14],[23,-17],[-17,-32],[-35,-9],[-46,3],[12,30],[41,11]],[[126350,85486],[33,-14],[-19,-37],[-19,24],[5,27]],[[124399,79656],[-47,-5],[-2,26],[63,4],[33,-9],[3,-53],[-49,16],[-1,21]]],"transform":{"scale":[0.00009999934521977702,0.00009999999999999998],"translate":[-73.3665,0.6454]},"objects":{"venezuela-e":{"type":"GeometryCollection","geometries":[{"arcs":[[[0,1,2,3,4,5,6,7,8,9,10,11,12,13,14,15,16,17]],[[18]],[[19]],[[20]],[[21]],[[22]],[[23]],[[24]],[[25]],[[26]],[[27]],[[28]],[[29]],[[30]],[[31]],[[32]],[[33]],[[34]],[[35]],[[36]],[[37]],[[38]],[[39]],[[40]],[[41]],[[42]],[[43]],[[44]],[[45]],[[46]],[[47]],[[48]],[[49]],[[50]],[[51]],[[52]],[[53]],[[54]],[[55]],[[56]],[[57]],[[58]],[[59]],[[60]],[[61]],[[62]],[[63]],[[64]],[[65]],[[66]],[[67]],[[68]],[[69]],[[70]],[[71]],[[72]],[[73]],[[74]],[[75]],[[76]],[[77]],[[78]],[[79]],[[80]],[[81]],[[82]],[[83]],[[84]],[[85]],[[86]],[[87]],[[88]],[[89]],[[90]],[[91]],[[92]],[[93]],[[94]],[[95]],[[96]],[[97]],[[98]],[[99]],[[100]],[[101]],[[102]],[[103]],[[104]],[[105]],[[106]],[[107]],[[108]],[[109]],[[110]],[[111]],[[112]],[[113]],[[114]],[[115]],[[116]],[[117]],[[118]],[[119]],[[120]],[[121]],[[122]],[[123]],[[124]],[[125]],[[126]],[[127]],[[128]],[[129]],[[130]],[[131]],[[132]],[[133]],[[134]],[[135]],[[136]],[[137]],[[138]],[[139]],[[140]],[[141]],[[142]],[[143]],[[144]],[[145]],[[146]],[[147]],[[148]],[[149]],[[150]],[[151]],[[152]],[[153]],[[154]],[[155]],[[156]],[[157]],[[158]],[[159]]],"type":"MultiPolygon","properties":{"NAME":"Venezuela"}}]}}}